canonical_name_ja,aliases,preliminary_inclusion,lodging_type_guess,onsen_signal_keywords,discovered_sources,official_url,rakuten_url,rakuten_review_count,jalan_url,jalan_review_count,official_room_text,official_bath_text,room_open_air_bath_scope,public_bath_claim,private_bath_claim,jalan_desc,source_checked_at,normalized_key
８A１(やえいち),８A１(やえいち),include_onsen_signal,unknown_lodging,源泉 | 掛け流し | 風呂 | 湯布院 | 由布院,jalan_spot_list,,,,https://www.jalan.net/yad311444/,27,,,,,,4.8 27件 接客、清潔感、風呂 高評価 実際に宿泊した会員のクチコミ評価から、4点以上の項目を最大3つまで表示しております。 組子細工と手作り家具が彩る和モダン空間で過ごす、ゆふいん時間。全室源泉掛け流し風呂付きで、静かな田園と駅近の利便性を両立し、自然の魅力を満喫できます。この心地よさは、連泊での滞在にも最適です。 【アクセス】 由布院駅から徒歩7分、由布院駅前バスセンターから徒歩9分、湯布院ICから車で9分 MAP,2026-06-29,8a1やえいち
AMBER Yufuin,AMBER Yufuin,include_onsen_signal,unknown_lodging,温泉 | 貸切 | 風呂 | 由布院,jalan_spot_list,,,,https://www.jalan.net/yad389071/,7,,,,,,5.0 7件 部屋、接客、風呂 高評価 実際に宿泊した会員のクチコミ評価から、4点以上の項目を最大3つまで表示しております。 極上の天然温泉に癒される贅沢な時間 195㎡の3LDK貸切空間で、 家族や仲間と【上質なひととき】を。 由布院駅から車で4分、駐車も3台まで可能！ 静けさと快適さを兼ね備えた空間。 【アクセス】 JR由布院駅から徒歩10分の好立地 スマートチェックインを使用しての現地宿にてのチェックインとなります。 MAP,2026-06-29,amberyufuin
Ｂ＆Ｂ由布,Ｂ＆Ｂ由布,include_onsen_signal,villa_pension_guesthouse,温泉 | 由布院,jalan_spot_list,,,,https://www.jalan.net/yad398896/,,,,,,,B＆Bはbook and bedです。川のほとりの豊かな自然の中で、ゆったりと過ごせます。町内に車で3～5分の距離に銭湯式の天然温泉有ります。由布院・別府・長湯温泉まで車で30分。 【アクセス】 JR久大本線小野屋駅徒歩7分 高速大分道由布院インターより25分 MAP,2026-06-29,b&b由布
Ｂ＆Ｂ由布 天領の里,Ｂ＆Ｂ由布 天領の里,low_priority_or_exclude_review,villa_pension_guesthouse,,jalan_spot_list,,,,https://www.jalan.net/yad336128/,,,,,,,,2026-06-29,b&b由布天領の里
COMICO ART HOUSE YUFUIN,COMICO ART HOUSE YUFUIN,needs_manual_review,unknown_lodging,,jalan_spot_list,,,,https://www.jalan.net/yad323085/,,,,,,,,2026-06-29,comicoarthouseyufuin
Ｃｏｍｉｎｋａ Ｙｕｆｕｉｎ,Ｃｏｍｉｎｋａ Ｙｕｆｕｉｎ,low_priority_or_exclude_review,villa_pension_guesthouse,由布院,jalan_spot_list,,,,https://www.jalan.net/yad358969/,,,,,,,【1日1組限定の一棟貸し】由布院の自然をを満喫！ 暮らすような滞在、お庭でのプライベートBBQ、ハンモックに揺られる時間 由布院観光の拠点としてご利用ください。 【アクセス】 【チェックイン】チェックインコード/QRコードをお送りします。コードをお控えの上施設にお越しください。 MAP,2026-06-29,cominkayufuin
ENOWA,ENOWA,include_official_association,unknown_lodging,温泉 | 露天 | 貸切 | 風呂,official_ryokan_association,https://www.2hon-no-ashitaba.co.jp/,,,,,和洋19（全室温泉付露天風呂）、離れ客室有,貸切サウナ有,all_or_many_rooms,unknown,official_association_claim,,2026-06-29,enowa
ENOWA YUFUIN,ENOWA YUFUIN,include_onsen_signal,unknown_lodging,温泉 | 由布院,jalan_spot_list,,,,https://www.jalan.net/yad350146/,,,,,,,答えはすべて畑にある――その哲学から生まれたファームドリブンの料理。 由布院の大地と調和する客室や温泉、感性を研ぎ澄ますサウナとスパ。自然と命を味わう唯一無二の体験を。 【アクセス】 由布院駅より車で約5分 MAP,2026-06-29,enowayufuin
ＥＴＡＶＩＡ 湯布院 金鱗湖,ＥＴＡＶＩＡ 湯布院 金鱗湖,include_onsen_signal,unknown_lodging,温泉 | 源泉 | かけ流し | 露天 | 風呂 | 湯布院 | 由布院,jalan_spot_list,,,,https://www.jalan.net/yad353372/,6,,,,,,4.5 6件 風呂、接客、部屋 高評価 実際に宿泊した会員のクチコミ評価から、4点以上の項目を最大3つまで表示しております。 2022年4月にリニューアルオープン！湯の坪街道沿い！金鱗湖より徒歩5分♪ 源泉かけ流し温泉でつるつる美肌に！！☆露天風呂付の客室あり！ ご家族やご友人グループに♪シングルルームもあり一人旅にも！ 【アクセス】 JR由布院駅より徒歩18分 車で5分 MAP,2026-06-29,etavia湯布院金鱗湖
ＥＴＡＶＩＡ 湯布院駅前,ＥＴＡＶＩＡ 湯布院駅前,include_onsen_signal,unknown_lodging,源泉 | かけ流し | 露天 | 貸切 | 風呂 | 湯布院 | 由布院,jalan_spot_list,,,,https://www.jalan.net/yad387268/,38,,,,,,4.4 38件 部屋、風呂、清潔感 高評価 実際に宿泊した会員のクチコミ評価から、4点以上の項目を最大3つまで表示しております。 JR由布院駅より徒歩1分！ 目玉は由布岳を望みながらの源泉かけ流し展望貸切露天風呂！ トリプルルームは最大6名様迄宿泊可能で、家族やご友人・グループ・カップルに人気です。 湯布院観光に最適です☆ 【アクセス】 JR由布院駅徒歩1分 MAP,2026-06-29,etavia湯布院駅前
GEMS YUFUIN（2023年11月26日 NEW OPEN）,GEMS YUFUIN（2023年11月26日 NEW OPEN）,include_onsen_signal,unknown_lodging,温泉 | 源泉 | かけ流し | 由布院,jalan_spot_list,,,,https://www.jalan.net/yad379867/,,,,,,,由布院駅前◎源泉かけ流し温泉＆本格サウナ完備のデザイナーズホテル＿カフェ＆バー併設【宿泊特典】ご滞在中ドリンク（一部除く）50％OFF！スタイリッシュな広々デザイン客室で家族やグループステイに最適 【アクセス】 JR由布院駅から徒歩1分＿源泉かけ流し温泉＆本格サウナ＿カフェ＆クラフトバー併設のライフスタイルホテル MAP,2026-06-29,gemsyufuin2023年11月26日newopen
GRAN VILLA RIRERA HAKU,GRAN VILLA RIRERA HAKU,low_priority_or_exclude_review,villa_pension_guesthouse,,jalan_spot_list,,,,https://www.jalan.net/yad310896/,,,,,,,,2026-06-29,granvillarirerahaku
guest house 卯,guest house 卯,low_priority_or_exclude_review,villa_pension_guesthouse,,jalan_spot_list,,,,https://www.jalan.net/yad371444/,,,,,,,,2026-06-29,guesthouse卯
HOTEL MODA,HOTEL MODA,include_onsen_signal,onsen_hotel_or_resort,露天 | 風呂 | 由布院,jalan_spot_list,,,,https://www.jalan.net/yad342725/,,,,,,,2025年12月オープン。全7室露天風呂。15～18時フリーフロー（アルコール無料） 【アクセス】 JR久大本線「由布院駅」から徒歩約30分～40分、またはタクシーで約5～10分。 MAP,2026-06-29,hotelmoda
ｉＯＲｉ Ｙｕｆｕｉｎ,ｉＯＲｉ Ｙｕｆｕｉｎ,needs_manual_review,unknown_lodging,湯布院,jalan_spot_list,,,,https://www.jalan.net/yad383956/,,,,,,,湯布院観光の人気スポット「湯の坪街道」まで徒歩1分♪ 到着後でも湯布院観光を満喫出来ちゃいます！ 湯布院観光の拠点として当館をご利用ください。 【アクセス】 【チェックイン】チェックインコード/QRコードをお送りします。コードをお控えの上施設にお越しください。 MAP,2026-06-29,ioriyufuin
Kamon,Kamon,include_onsen_signal,unknown_lodging,温泉 | 貸切 | 湯布院 | 由布院,jalan_spot_list,,,,https://www.jalan.net/yad333830/,,,,,,,無人チェックインで気ままに過ごす！ 一棟貸切ゲストハウス『Kamon』は、湯布院観光の拠点や、長期滞在にもおすすめです。 目の前の「乙丸温泉館」の入浴チケット付♪ 【アクセス】 由布院駅 徒歩5分 MAP,2026-06-29,kamon
ＫＯＵ雅之郷,ＫＯＵ雅之郷,include_onsen_signal,unknown_lodging,温泉 | 源泉 | かけ流し | 貸切 | 風呂 | 湯布院 | 由布院,jalan_spot_list,,,,https://www.jalan.net/yad390265/,261,,,,,,4.7 261件 接客、夕食、清潔感 高評価 実際に宿泊した会員のクチコミ評価から、4点以上の項目を最大3つまで表示しております。 自家源泉100％かけ流し温泉は３棟あり、全て貸切り家族風呂となります。全室４部屋のこじんまりとしたアットホームな宿です。BBQや焚火も出来きます。気ままに贅沢な宿まるごと貸切りプランも御座います。 【アクセス】 大分自動車道湯布院ＩＣより車で約３分。ＪＲ由布院駅より徒歩約12分です。 MAP,2026-06-29,kou雅之郷
Ｍｉｓｏｒａ Ｙｕｆｕｉｎ,Ｍｉｓｏｒａ Ｙｕｆｕｉｎ,include_onsen_signal,unknown_lodging,貸切 | 由布院,jalan_spot_list,,,,https://www.jalan.net/yad351025/,,,,,,,由布岳を眺めながら過ごすテラス時間は格別 155㎡の3LDK貸切空間で、 家族や仲間と【自由気ままな休日】を。 由布院駅から車で5分、駐車も3台まで可能！ 最大15名で特別な日に贅沢なひとときを♪ 【アクセス】 【チェックイン】スマートチェックインを使用しての現地宿にてのチェックインとなります。 MAP,2026-06-29,misorayufuin
Ｒａｋｕｔｅｎ ＳＴＡＹ ＶＩＬＬＡ 由布院温泉,Ｒａｋｕｔｅｎ ＳＴＡＹ ＶＩＬＬＡ 由布院温泉,include_onsen_signal,villa_pension_guesthouse,温泉 | 由布院,rakuten_area_list,,https://travel.rakuten.co.jp/HOTEL/195540/195540.html,134,,,,,,,,,2026-06-29,rakutenstayvilla由布院温泉
Ｓｅｎｓｅ ｏｆ ｗｏｎｄｅｒ由布岳山麓グランピングリゾート,Ｓｅｎｓｅ ｏｆ ｗｏｎｄｅｒ由布岳山麓グランピングリゾート,low_priority_or_exclude_review,villa_pension_guesthouse,湯布院 | 由布院,jalan_spot_list,,,,https://www.jalan.net/yad337374/,,,,,,,湯布院塚原高原のキャビンとティピーで過ごす大人の為のグランピング。夜は焚き火小屋で楽しむ特製キャンプディナー。特別な準備は不要ながら大自然の中でゆったりと過ごすキャンプの醍醐味を満喫できます。 【アクセス】 大分自動車道由布岳ICからお車で５分。湯布院ICよりお車で２０分。由布院駅からタクシーで１５分。 MAP,2026-06-29,senseofwonder由布岳山麓グランピングリゾート
SPACE-VESSEL基地,SPACE-VESSEL基地,needs_manual_review,unknown_lodging,,jalan_spot_list,,,,https://www.jalan.net/yad323515/,,,,,,,宇宙船のようなお部屋の中は、ラグジュアリーなホテルのように快適でゆったりと過ごせます。 一歩外に出れば、そこは塚原高原の雄大な自然の中。 日常では体験できない特別な空間をお楽しみください。 【アクセス】 大分道・由布岳ICより車で約3分 MAP,2026-06-29,spacevessel基地
ＴＥＲＲＡ湯布院,ＴＥＲＲＡ湯布院,include_onsen_signal,unknown_lodging,温泉 | 源泉 | 掛け流し | 風呂 | 湯布院 | 由布院,jalan_spot_list,,,,https://www.jalan.net/yad321405/,,,,,,,湯布院の極上温泉を、いつでもプライベートで 各棟に24時間いつでもお好きな時にお楽しみいただける 全部屋源泉掛け流しのお風呂完備。 自分だけの癒しの時間を贅沢に過ごしてください。 【アクセス】 湯布院ICよりお車で約4分(2.4km) 由布院駅よりタクシーで約4分（1.2km） MAP,2026-06-29,terra湯布院
Ｔｈｅ Ｖｉｌｌａｇｅ由布院 温泉グランピング,Ｔｈｅ Ｖｉｌｌａｇｅ由布院 温泉グランピング | ＴｈｅＶｉｌｌａｇｅ由布院温泉グランピング,include_onsen_signal,villa_pension_guesthouse,温泉 | 源泉 | かけ流し | 貸切 | 風呂 | 湯布院 | 由布院,rakuten_area_list | jalan_spot_list,,https://travel.rakuten.co.jp/HOTEL/180797/180797.html,77,https://www.jalan.net/yad388890/,79,,,,,,4.7 79件 夕食、部屋、接客 高評価 実際に宿泊した会員のクチコミ評価から、4点以上の項目を最大3つまで表示しております。 ドームテントやベルテントで気軽にアウトドア気分を楽しめるほか、ファミリーでのご旅行や記念日旅行にもぴったり。さらに、源泉かけ流しの貸切風呂も備え、特別なひとときをお過ごしいただけます。 【アクセス】 JR由布院駅から車で6分。湯布院インターチェンジから車で12分。金鱗湖まで車で8分。 MAP,2026-06-29,thevillage由布院温泉グランピング
Villaエーデン,Villaエーデン,low_priority_or_exclude_review,villa_pension_guesthouse,湯布院 | 由布院,jalan_spot_list,,,,https://www.jalan.net/yad397301/,,,,,,,観光客の多い場所から少し離れた、木々に囲まれた静かな一軒貸の貸別荘です 【アクセス】 由布院駅より車で6分、徒歩３０分 湯布院インターより車で３分 MAP,2026-06-29,villaエーデン
Yufuin Covaco,Yufuin Covaco,needs_manual_review,unknown_lodging,由布院,jalan_spot_list,,,,https://www.jalan.net/yad312830/,,,,,,,当館は観光の中心エリアも徒歩圏内の好立地にございます。 チェックインはスマートチェックインを導入しており、非対面でスムーズにご入室いただけます。 【アクセス】 由布院駅から徒歩3分 MAP,2026-06-29,covaco
YUFUIN FLORAL VILLAGE（湯布院フローラルビレッジ）,YUFUIN FLORAL VILLAGE（湯布院フローラルビレッジ）,low_priority_or_exclude_review,villa_pension_guesthouse,湯布院 | 由布院,jalan_spot_list,,,,https://www.jalan.net/yad369920/,,,,,,,イギリス・コッツウォルズ地方の街並みを再現した「ＹＵＦＵＩＮ ＦＬＯＲＡＬ ＶＩＬＬＡＧＥ」ご宿泊のお客様は、おとぎ話の国の様なミニテーマパークで開園前の園内で思う存分、写真撮影を楽しめます♪ 【アクセス】 由布院駅から車で5分 MAP,2026-06-29,floralvillage湯布院フローラルビレッジ
YUFUIN HOGONEKO FOREST,YUFUIN HOGONEKO FOREST,needs_manual_review,unknown_lodging,,jalan_spot_list,,,,https://www.jalan.net/yad336679/,,,,,,,,2026-06-29,hogonekoforest
アットホームな宿 由布の宿 きふう,アットホームな宿 由布の宿 きふう,include_onsen_signal,ryokan_or_inn,露天 | 貸切 | 風呂 | 湯布院 | 由布院,jalan_spot_list,,,,https://www.jalan.net/yad378738/,,,,,,,■全6室の小さな宿。入口には四季折々の草花が出迎え粋な心づかいにホッと安らぐ宿です｡ゆったりサイズの露天風呂と岩風呂は無料で貸切ＯＫ！季節の素材の朝食を堪能♪ 【アクセス】 由布院駅より車で５分。徒歩１５分。湯布院ＩＣから車で１５分。 MAP,2026-06-29,アットホームな宿由布の宿きふう
インターヒル 翼 湯布院,インターヒル 翼 湯布院,include_onsen_signal,unknown_lodging,温泉 | 風呂 | 湯布院 | 由布院,jalan_spot_list,,,,https://www.jalan.net/yad386698/,174,,,,,,4.8 174件 風呂、清潔感、接客 高評価 実際に宿泊した会員のクチコミ評価から、4点以上の項目を最大3つまで表示しております。 大分自動車道湯布院ICより車で1分、2019年9月20日にオープンしたばかりの宿。由布岳を望む傾斜を生かした敷地で、南欧をイメージした空間と部屋付温泉をお楽しみ下さい。 【アクセス】 湯布院ICより車で1分 由布院駅よりタクシーで7分 MAP,2026-06-29,インターヒル翼湯布院
エンゼルグランヴィラ由布院（旧ときリゾート由布院別邸）,エンゼルグランヴィラ由布院（旧ときリゾート由布院別邸）,low_priority_or_exclude_review,villa_pension_guesthouse,由布院,rakuten_area_list,,https://travel.rakuten.co.jp/HOTEL/198983/198983.html,,,,,,,,,,2026-06-29,エンゼルグランヴィラ由布院旧ときリゾート由布院別邸
エンゼルグランヴィラ由布院(旧ロングライフリゾート由布院別邸),エンゼルグランヴィラ由布院(旧ロングライフリゾート由布院別邸),include_onsen_signal,villa_pension_guesthouse,温泉 | 露天 | 風呂 | 湯布院 | 由布院,jalan_spot_list,,,,https://www.jalan.net/yad317070/,5,,,,,,4.6 5件 清潔感、風呂、部屋 高評価 実際に宿泊した会員のクチコミ評価から、4点以上の項目を最大3つまで表示しております。 由布岳の麓に広がる豊かな自然の中に佇むプライベートリゾート。客室に備わる温泉露天風呂からは四季折々に移ろう由布院の絶景をひとり占め。誰にも邪魔されない静寂の中でゆったりとお過ごしください☆ 【アクセス】 大分空港より車にて約50分 JR由布院駅から車にて10分 大分自動車道湯布院ICより3分 MAP,2026-06-29,エンゼルグランヴィラ由布院旧ロングライフリゾート由布院別邸
おやど 開花亭,おやど 開花亭,include_onsen_signal,ryokan_or_inn,温泉 | 露天 | 風呂 | 湯布院 | 由布院,jalan_spot_list,,,,https://www.jalan.net/yad312931/,58,,,,,,4.8 58件 夕食、風呂、部屋 高評価 実際に宿泊した会員のクチコミ評価から、4点以上の項目を最大3つまで表示しております。 完全離れの客室に、二間のお部屋と専用露天風呂が備わり24時間好きな時に好きなだけ温泉を楽しめる。地元の旬の素材を活かした創作会席料理をお部屋ごとの完全個室のお食事処にておもてなし。 【アクセス】 電車 JR久大線由布院駅下車 / 車 大分自動車道湯布院ICより約10分 MAP,2026-06-29,おやど開花亭
おやど 二本の葦束,おやど 二本の葦束,include_official_association,unknown_lodging,風呂,official_ryokan_association,https://www.2hon-no-ashitaba.co.jp/,,,,,離13（風呂付6）,露2・家7,some_rooms,official_association_claim,official_association_claim,,2026-06-29,おやど二本の葦束
お宿 開花亭,お宿 開花亭,include_official_association,ryokan_or_inn,露天 | 内湯,official_ryokan_association,http://www.kaikatei.info/,,,,,離8（和・露天・内湯付）,家2(露）,some_rooms,unknown,official_association_claim,,2026-06-29,開花亭
お宿 木蓮,お宿 木蓮,include_official_association,ryokan_or_inn,貸切,official_ryokan_association,https://hpdsp.jp/mokuren/,,,,,和5・洋1・和洋1,露2・家2（全て貸切利用可）,unknown,official_association_claim,official_association_claim,,2026-06-29,木蓮
お宿 野蒜山荘（のびるさんそう）,お宿 野蒜山荘（のびるさんそう）,include_onsen_signal,ryokan_or_inn,露天 | 貸切 | 風呂 | 湯布院 | 由布院,jalan_spot_list,,,,https://www.jalan.net/yad311311/,,,,,,,湯布院の眺めを堪能できる自然に溶けこむ山荘。湯量豊富な美肌の湯が自慢で、何度でも無料で楽しめる貸切風呂（予約不可）や半露天付き客室はカップル・ファミリーに好評♪旬食材の手作り料理でおもてなし。 【アクセス】 JR九大本線 由布院駅より車で約5分／湯布院ＩＣより車で約10分／大分空港・福岡空港よりバスで約1～2時間 MAP,2026-06-29,野蒜山荘のびるさんそう
お宿 有楽,お宿 有楽,include_official_association,ryokan_or_inn,露天 | 湯布院 | 由布院,official_ryokan_association | jalan_spot_list,http://www.urak.jp,,,https://www.jalan.net/yad398280/,"1,028",和7（露天付2）・ 離3（和・露天付）,露2,all_or_many_rooms,official_association_claim,unknown,"4.1 1,028件 夕食、接客、朝食 高評価 実際に宿泊した会員のクチコミ評価から、4点以上の項目を最大3つまで表示しております。 お食事は朝夕客室にて。一期一会を大切したおもてなしと本格懐石料理をご堪能下さい。2024年度じゃらんアワード☆九州エリア【売れた宿大賞10室以下】第3位☆ 【アクセス】 >由布院駅より約7分。湯の坪街道まで約10分。金鱗湖まで約16分。 >湯布院ICより約10分。 MAP",2026-06-29,有楽
お宿 柚木温泉,お宿 柚木温泉,include_onsen_signal,ryokan_or_inn,温泉 | 露天 | 風呂 | 由布院,jalan_spot_list,,,,https://www.jalan.net/yad385524/,,,,,,,【大露天風呂・サウナ】最大14名様まで泊まれる広々約195平米『総ひのき造り』の一軒家！ 【アクセス】 由布院駅から徒歩で約20分 MAP,2026-06-29,柚木温泉
かいがけ温泉 きのこの里,かいがけ温泉 きのこの里,include_onsen_signal,unknown_lodging,温泉 | 風呂 | 湯布院,jalan_spot_list,,,,https://www.jalan.net/yad340790/,139,,,,,,3.6 139件 接客、風呂 高評価 実際に宿泊した会員のクチコミ評価から、4点以上の項目を最大3つまで表示しております。 湯布院と別府の境にあり、くぬぎ林の中に佇み、100％の天然温泉は評判で、適度なヌメリ感がある美人湯。食事は、食材を持ち込んでバーベキューも良し、食事処では炭火焼きやだんご汁も楽しめる。 【アクセス】 【お車】大分自動車道 湯布院ICより30分、別府Cより15分、JR向之原駅より10分、JR別府駅より20分 MAP,2026-06-29,かいがけ温泉きのこの里
かわもと別邸３４６６,かわもと別邸３４６６,include_onsen_signal,unknown_lodging,温泉 | 源泉 | 掛け流し | 露天 | 貸切 | 湯布院 | 由布院,jalan_spot_list,,,,https://www.jalan.net/yad375042/,,,,,,,どのように滞在するか お客様が創る宿 湯布院駅から徒歩１２分 湯布院インターから車で８分 源泉掛け流し由布院温泉が露天・室内・足湯で楽しめる 専用テラスでバーベキュー出来る 完全貸切宿 【アクセス】 由布院駅からは徒歩１２分 湯布院ICからは車で８分 敷地内に無料駐車場（大型車３台駐車可能） MAP,2026-06-29,かわもと別邸3466
かわもと別邸926,かわもと別邸926,include_onsen_signal,unknown_lodging,温泉 | 源泉 | 掛け流し | 露天 | 貸切 | 湯布院 | 由布院,jalan_spot_list,,,,https://www.jalan.net/yad337842/,,,,,,,どのように滞在するか お客様が創る宿 湯布院駅から徒歩5分 湯布院インターから車で7分 源泉掛け流し温泉が露天・室内で楽しめる プライベート庭でバーベキューと花火も楽しめる 完全貸切宿 【アクセス】 由布院駅からは徒歩５分、湯布院ICからは車で７分 という便利なロケーション。 MAP,2026-06-29,かわもと別邸926
かわもと別邸garden,かわもと別邸garden,include_onsen_signal,unknown_lodging,温泉 | 源泉 | 掛け流し | 露天 | 貸切 | 風呂 | 湯布院 | 由布院,jalan_spot_list,,,,https://www.jalan.net/yad385838/,,,,,,,どのように滞在するか お客様が創る宿 由布院駅から徒歩５分 湯布院ICから車で７分 源泉掛け流し温泉が庭園露天風呂・室内檜風呂で 広々とした庭園でバーベキューが楽しめる 1棟完全貸切別荘 【アクセス】 由布院駅から徒歩5分 湯布院ICから車で7分 敷地内に無料駐車場（大型車4台駐車可能） MAP,2026-06-29,かわもと別邸garden
カントリーイン麓舎,カントリーイン麓舎,include_onsen_signal,unknown_lodging,温泉 | 貸切 | 風呂 | 由布院,jalan_spot_list,,,,https://www.jalan.net/yad367812/,592,,,,,,4.8 592件 夕食、風呂、接客 高評価 実際に宿泊した会員のクチコミ評価から、4点以上の項目を最大3つまで表示しております。 金鱗湖や湯の坪通りに近く散策にとても便利な場所に位置しています。旅の疲れを癒す温泉は当館の自慢のひとつ。無料にて貸切利用可能です。 【アクセス】 由布院駅より車で５分。徒歩で20分。 MAP,2026-06-29,カントリーイン麓舎
しらたき旅館,しらたき旅館,include_official_association,ryokan_or_inn,,official_ryokan_association,http://ryokan-shirataki.com//,,,,,和7,露1・家1,unknown,official_association_claim,official_association_claim,,2026-06-29,しらたき旅館
すみか,すみか | 由布院温泉 すみか,include_official_association,unknown_lodging,露天 | 風呂,official_ryokan_association | rakuten_area_list,https://yufuinsumika.jp/,https://travel.rakuten.co.jp/HOTEL/130594/130594.html,920,,,和洋13,全室露天風呂付,all_or_many_rooms,unknown,unknown,,2026-06-29,すみか
ひすいの宿 黎明,ひすいの宿 黎明,include_official_association,ryokan_or_inn,,official_ryokan_association,http://www.hotel-reimei.com/Front/Main.aspx,,,,,和10・洋1・和洋4,内2・露2・家1,unknown,official_association_claim,official_association_claim,,2026-06-29,ひすいの宿黎明
ペンションゆふいん,ペンションゆふいん | ペンション ゆふいん,include_official_association,villa_pension_guesthouse,由布院,official_ryokan_association | jalan_spot_list,http://www.yufuin.info,,,https://www.jalan.net/yad339682/,,和1・洋10,露1（混浴）・家3,unknown,official_association_claim,official_association_claim,★１９７７年に九州で最初にオープンした、好立地なペンションです♪ 由布院の歴史を歩むとともに、当時からの趣が詰まった心温まる宿です！ 心温まるおもてなしを、皆さまに感じて頂けたらと思います☆ 【アクセス】 ■□■ 由布院駅より、徒歩7分。お車で2分程です。■□■ MAP,2026-06-29,ペンションゆふいん
ペンション長閑郷,ペンション長閑郷,include_onsen_signal,villa_pension_guesthouse,露天 | 内湯 | 貸切 | 風呂 | 湯布院 | 由布院,jalan_spot_list,,,,https://www.jalan.net/yad303784/,382,,,,,,4.5 382件 接客、夕食、風呂 高評価 実際に宿泊した会員のクチコミ評価から、4点以上の項目を最大3つまで表示しております。 由布岳の大パノラマが魅力で、特に露天からの眺めが抜群！露天、内湯はどちらも貸切できる。オーナー手作り料理も好評◎お酒、おつまみ等持ち込みＯＫ！ 【アクセス】 ＪＲ由布院駅より車で５分、高速道路湯布院インターより車で１０分 MAP,2026-06-29,ペンション長閑郷
ペンション木綿恋記,ペンション木綿恋記,include_official_association,villa_pension_guesthouse,,official_ryokan_association,http://www.asahi-net.or.jp/~bs9s-iwo/,,,,,和10・洋8,内2・家2・露１,unknown,official_association_claim,official_association_claim,,2026-06-29,ペンション木綿恋記
ほたるの宿 仙洞（せんどう）,ほたるの宿 仙洞（せんどう）,include_onsen_signal,ryokan_or_inn,露天 | 風呂 | 湯布院,jalan_spot_list,,,,https://www.jalan.net/yad323841/,"1,727",,,,,,"4.1 1,727件 夕食、風呂、朝食 高評価 実際に宿泊した会員のクチコミ評価から、4点以上の項目を最大3つまで表示しております。 木立に囲まれた田舎風の佇まいの宿。周囲には金鱗湖、民芸村と散策に便利。客室は洋室、和室、離れを用意。男女別露天風呂は滞在中いつでも入浴できる。例年５月下旬から６月上旬頃には「ほたる」が見れる 【アクセス】 湯布院駅より車で５分。湯布院ＩＣより車で１０分。 MAP",2026-06-29,ほたるの宿仙洞せんどう
ホテル木綿恋記（ゆふごいき）,ホテル木綿恋記（ゆふごいき）,needs_manual_review,onsen_hotel_or_resort,湯布院 | 由布院,jalan_spot_list,,,,https://www.jalan.net/yad376369/,,,,,,,「ホテル 木綿恋記（ゆふごいき）」は湯布院の街中にありながら、懐かしさを感じる隠れ家のような宿です。 気ままな散策や外食等あなただけの湯布院時間をお楽しみいただけます。 ※Wi-Fi完備、駐車場無料 【アクセス】 大分自動車道 湯布院ICより車で 約10分。JR由布院駅より徒歩 約15分。金鱗湖まで徒歩 約12分。 MAP,2026-06-29,ホテル木綿恋記ゆふごいき
やまなみ旅館,やまなみ旅館,include_onsen_signal,ryokan_or_inn,温泉 | 源泉 | 掛け流し | 露天 | 大浴場 | 風呂 | 湯布院 | 由布院,jalan_spot_list,,,,https://www.jalan.net/yad336943/,,,,,,,湯布院の街中から少し離れた静かな温泉旅館です。お部屋、露天風呂、テラスから由布岳の眺めは絶景！大浴場は源泉掛け流しの天然温泉 ※１９時以降チェックインご希望のお客様はご予約をご遠慮くださいませ 【アクセス】 湯布院インターより車で約５分 由布院駅より徒歩約１５分～２０分 MAP,2026-06-29,やまなみ旅館
ゆのひら 上柳屋,ゆのひら 上柳屋,include_onsen_signal,unknown_lodging,温泉 | 風呂 | 湯布院 | 由布院,jalan_spot_list,,,,https://www.jalan.net/yad313894/,11,,,,,,5.0 11件 夕食、接客、風呂 高評価 実際に宿泊した会員のクチコミ評価から、4点以上の項目を最大3つまで表示しております。 上質な「おおいた和牛」、由布院の新鮮野菜、契約農家のお米など、安心安全な食材を使用した料理が自慢！心ほぐれる温泉も魅力のひとつ。自然のままに過ごす贅沢を心ゆくまでお楽しみ下さい。 【アクセス】 大分道湯布院ICより２０分 MAP,2026-06-29,ゆのひら上柳屋
ゆふｉｎｎ,ゆふｉｎｎ,needs_manual_review,unknown_lodging,,jalan_spot_list,,,,https://www.jalan.net/yad317888/,,,,,,,,2026-06-29,ゆふinn
ゆふいん 小萩荘,ゆふいん 小萩荘 | お宿 小萩荘,include_official_association,ryokan_or_inn,温泉 | かけ流し | 風呂 | 湯布院 | 由布院,official_ryokan_association | jalan_spot_list,http://www.kohagiso.com/,,,https://www.jalan.net/yad347558/,74,和5,家2（内・露）,unknown,unknown,official_association_claim,4.0 74件 風呂、清潔感、接客 高評価 実際に宿泊した会員のクチコミ評価から、4点以上の項目を最大3つまで表示しております。 由布院温泉が一望できる小高いところにあり、天然かけ流しの湯、四季折々の湯布院を満喫して疲れた身体を癒すアットホームな宿。 【アクセス】 JR由布院駅からタクシーで約5分、大分自動車道 湯布院ICから約10分 MAP,2026-06-29,小萩荘
ゆふいん 笑ねこの宿,ゆふいん 笑ねこの宿,include_onsen_signal,ryokan_or_inn,温泉 | 風呂 | 湯布院 | 由布院,jalan_spot_list,,,,https://www.jalan.net/yad303424/,96,,,,,,4.5 96件 朝食、風呂、部屋 高評価 実際に宿泊した会員のクチコミ評価から、4点以上の項目を最大3つまで表示しております。 ねこカフェ併設の温泉宿♪ねこ好きさんも、そうでない人も一緒に楽しめるお宿だにゃ♪ 田園風景と由布岳、列車が走るの～んびり癒しのお宿に来てにゃ～♪ 【アクセス】 由布院駅よりお車にて約8分、湯布院ICよりお車にて約10分。 MAP,2026-06-29,笑ねこの宿
ゆふいん 湯平温泉 山荘松屋,ゆふいん 湯平温泉 山荘松屋,include_onsen_signal,ryokan_or_inn,温泉 | 露天 | 風呂 | 由布院,rakuten_area_list | jalan_spot_list,,https://travel.rakuten.co.jp/HOTEL/70905/70905.html,188,https://www.jalan.net/yad327894/,294,,,,,,4.8 294件 夕食、部屋、接客 高評価 実際に宿泊した会員のクチコミ評価から、4点以上の項目を最大3つまで表示しております。 山の中の静かな温泉街。ノスタルジックな雰囲気漂う温泉街に佇む当館。 豊後牛・契約農家のお米と野菜で、お料理が好評。 露天風呂付き・『離れ客室』が大人気♪ 湯平駅からの送迎もOK！要お問い合わせ。 【アクセス】 JR久大本線 由布院駅から車で25分／湯平駅から車で10分（※湯平駅 無料送迎可） MAP,2026-06-29,湯平温泉山荘松屋
ゆふいん 別墅 ＭＵＳＡ,ゆふいん 別墅 ＭＵＳＡ,include_onsen_signal,unknown_lodging,露天 | 貸切 | 風呂 | 湯布院 | 由布院,jalan_spot_list,,,,https://www.jalan.net/yad306499/,,,,,,,2024年OPEN【ゆふいん花由】の別邸。自然豊かな高台に佇む大人限定の一棟貸切旅館。木々の音や鳥のさえずりが聞こえる静かな場所で、雄大な景色とゆったり浸かれる露天風呂をお楽しみ下さい 【アクセス】 湯布院ICより車で5分。JR由布院駅よりタクシーで７分程度です。 MAP,2026-06-29,別墅musa
ゆふいんの木かげアンシャンテ,ゆふいんの木かげアンシャンテ,needs_manual_review,unknown_lodging,風呂 | 湯布院 | 由布院,jalan_spot_list,,,,https://www.jalan.net/yad386718/,7,,,,,,5.0 7件 風呂、部屋、接客 高評価 実際に宿泊した会員のクチコミ評価から、4点以上の項目を最大3つまで表示しております。 自然と静けさを大切にした、一棟貸しの別荘スタイル宿。自然を眺め、料理をし、語らい、眠る―。由布院に“住むように滞在する”新しい旅のかたちをご提案。テラスあり（BBQ有料）。長期滞在もご相談OK。 【アクセス】 高速大分道湯布院インターから約10分・JR久大線由布院駅から徒歩約20分車5分 MAP,2026-06-29,の木かげアンシャンテ
ゆふいんバース 里山茶風,ゆふいんバース 里山茶風,include_official_association,unknown_lodging,源泉 | 露天 | 内湯 | 風呂 | 湯布院 | 由布院,official_ryokan_association | jalan_spot_list,https://www.satoyamasafu.com/spa/index.html,,,https://www.jalan.net/yad306578/,83,和1・和洋9（内湯付3・露天付3）,内2・家2（露）,all_or_many_rooms,official_association_claim,official_association_claim,4.3 83件 風呂、接客、朝食 高評価 実際に宿泊した会員のクチコミ評価から、4点以上の項目を最大3つまで表示しております。 由布岳を目前に、星空を眺めながら湯布院の自然と風を感じられるお宿 万葉の昔より薬の水として重宝された数少ない源泉の湯、おおいた和牛を始めを四季を感じる料理をこだわりの器とともにお愉しみください 【アクセス】 ＪＲ由布院駅よりタクシーで約５分。湯布院ＩＣ出口正面の信号を右折、県道１１号線を左折後、約２ｋｍ。 MAP,2026-06-29,バース里山茶風
ゆふいんフローラハウス,ゆふいんフローラハウス,include_onsen_signal,unknown_lodging,温泉 | 湯布院 | 由布院,jalan_spot_list,,,,https://www.jalan.net/yad381518/,,,,,,,由布院駅より車で5分という便利な立地にもかかわらず駅周辺の賑やかさから離れ 360度由布岳が臨める最高のロケーション♪朝ドラ『風のハルカ』の舞台にもなりました♪ 美しい花の温室見学や温泉も楽しみ！ 【アクセス】 ＪＲ久大線湯布院線下車 車で約5分 MAP,2026-06-29,フローラハウス
ゆふいんホテル秀峰館,ゆふいんホテル秀峰館,include_official_association,onsen_hotel_or_resort,露天 | 大浴場 | 風呂 | 由布院,official_ryokan_association | jalan_spot_list,http://www.shuhokan.jp,,,https://www.jalan.net/yad343812/,42,和28・洋12・和洋6（全室風呂付）,内2・露2・サ2・足湯（無料）,all_or_many_rooms,official_association_claim,unknown,4.3 42件 風呂、接客、部屋 高評価 実際に宿泊した会員のクチコミ評価から、4点以上の項目を最大3つまで表示しております。 ４階展望大浴場からは、正面に由布岳が見えます。 盆地を吹き抜ける風を感じながら、解放感あふれる展望大浴場、そして併設の露天風呂・サウナを思う存分お楽しみください。 【アクセス】 由布院駅から徒歩１２分 MAP,2026-06-29,ホテル秀峰館
ゆふいん温泉 コテージ湖畔,ゆふいん温泉 コテージ湖畔,include_onsen_signal,villa_pension_guesthouse,温泉 | 内湯 | 風呂 | 由布院,jalan_spot_list,,,,https://www.jalan.net/yad379804/,844,,,,,,4.5 844件 部屋、接客、風呂 高評価 実際に宿泊した会員のクチコミ評価から、4点以上の項目を最大3つまで表示しております。 四季折々の自然を間近に感じながら、観光名所まで徒歩圏内という抜群の立地！幻想的な朝霧漂う金鱗湖も徒歩約1分です。全部屋キッチン付など設備も充実。内湯付きの独立型ログハウスが大人気♪ＢＢＱ持込可 【アクセス】 由布院駅より車で約５分／徒歩約３０分☆金鱗湖ほとり「洋灯舎」下、「天祖神社」横の急坂を下りつきあたり MAP,2026-06-29,温泉コテージ湖畔
ゆふいん温泉 御宿 一禅,ゆふいん温泉 御宿 一禅,include_onsen_signal,ryokan_or_inn,温泉 | 湯布院,jalan_spot_list,,,,https://www.jalan.net/yad338208/,,,,,,,「由布岳に抱かれた宿で宿ごもりを満喫」をコンセプトに、心づくしのおもてなしでお迎えいたします。お客様のご利用ニーズに合わせたご滞在をお楽しみいただけますようスタッフ一同お待ちいたしております。 【アクセス】 JRゆふいん駅より車で5分。 大分自動車道湯布院ICより車で10分。 MAP,2026-06-29,温泉御宿一禅
ゆふいん花由,ゆふいん花由,include_official_association,unknown_lodging,風呂,official_ryokan_association,http://www.hanayoshi.co.jp/,,,,,和・和洋（全29室・離あり ・風呂付あり）・特1,内2・露2,some_rooms,official_association_claim,unknown,,2026-06-29,花由
ゆふいん月燈庵,ゆふいん月燈庵,include_onsen_signal,ryokan_or_inn,露天 | 風呂 | 湯布院 | 由布院,jalan_spot_list,,,,https://www.jalan.net/yad320286/,350,,,,,,4.5 350件 夕食、朝食、風呂 高評価 実際に宿泊した会員のクチコミ評価から、4点以上の項目を最大3つまで表示しております。 湯布院中心地から離れ都会の喧騒を忘れさせる宿。約１万坪の自然あふれる敷地に１８棟の露天風呂付き離れ客室を配す贅沢。鮮やかな新緑の中、川のせせらぎ、鳥の声、木々の囁きをＢＧＭに至福のひと時をぜひ 【アクセス】 湯布院ICより車で１５分。由布院駅より車で７分。大分空港より車で６０分。 MAP,2026-06-29,月燈庵
ゆふいん山水館,ゆふいん山水館,include_official_association,unknown_lodging,温泉 | 湯布院 | 由布院,official_ryokan_association | jalan_spot_list,http://www.sansuikan.co.jp/,,,https://www.jalan.net/yad358734/,343,和39・洋39・和洋5,内2・露2・サ2,unknown,official_association_claim,unknown,4.6 343件 夕食、接客、朝食 高評価 実際に宿泊した会員のクチコミ評価から、4点以上の項目を最大3つまで表示しております。 ＜豪華な夕食バイキング＞が誕生！ 出来たてが楽しめる「ライブキッチン」に滞在中は「ドリンク飲み放題」♪ 充実したサービスと由布岳を眺める温泉で、リラックスしたひとときをお過ごしください 【アクセス】 JR由布院駅より徒歩約5分。大分自動車道湯布院ICより車で約15分。 MAP,2026-06-29,山水館
ゆふいん宿 清孔苑,ゆふいん宿 清孔苑,include_onsen_signal,ryokan_or_inn,温泉 | 露天 | 貸切 | 大浴場 | 風呂 | 湯布院 | 由布院,jalan_spot_list,,,,https://www.jalan.net/yad364167/,,,,,,,全10室の宿。天然温泉はとろりとした泉質が自慢の「美肌湯」です。大浴場もあり、貸切湯２か所は宿泊者無料です★和モダンな半露天風呂付離れと本館和室が有ります。離れではお部屋で温泉を愉しめます！ 【アクセス】 湯布院ＩＣより車で８分。由布院駅よりタクシーで５分。 MAP,2026-06-29,宿清孔苑
ゆふいん森のホテル Ｓｈａｎ－Ｊｅｗｅｌ（シャン・ジュエル）,ゆふいん森のホテル Ｓｈａｎ－Ｊｅｗｅｌ（シャン・ジュエル）,include_onsen_signal,onsen_hotel_or_resort,温泉 | 露天 | 貸切 | 風呂 | 湯布院 | 由布院,jalan_spot_list,,,,https://www.jalan.net/yad368650/,,,,,,,おんせんベーグル付プラン新登場！森の中の小さな隠れ家Shan-Jewel 夕食のご希望は当館公式instaglamにDMで事前にご要望下さい♪ お部屋は特注和モダンベッド＆貸切温泉は泉質Ph8.5の露天風呂です♪ 【アクセス】 大分自動車道 湯布院ICより車で10分／JR由布院駅よりタクシーで5分、徒歩で25分 MAP,2026-06-29,森のホテルshanjewelシャンジュエル
ゆふいん束ノ間,ゆふいん束ノ間 | ゆふいん 束ノ間,include_official_association,unknown_lodging,温泉 | 露天 | 風呂 | 湯布院 | 由布院,official_ryokan_association | jalan_spot_list,https://tsukanoma.club/,,,https://www.jalan.net/yad395408/,,和洋2・和7（各部屋内風呂付）,大露天風呂 男女各1,some_rooms,official_association_claim,unknown,暮らしの中に“温泉のある時間”を心身の為に少しでも取入れて頂く 普段使いの温泉保養集落です。 自然の恩恵を与った広大な土地に建物が点在する集落なので 静かでゆったりとした時間が流れています。 【アクセス】 ◆ＪＲ久大本線 由布院駅よりお車にて５分 ◆大分自動車道湯布院ＩＣから県道２１６号線約６ｋｍ約８分 MAP,2026-06-29,束ノ間
ゆふいん泰葉,ゆふいん泰葉,include_official_association,unknown_lodging,温泉 | 風呂 | 湯布院 | 由布院,official_ryokan_association | jalan_spot_list,http://www.yasuha.co.jp/,,,https://www.jalan.net/yad333257/,554,和18・洋1（離8あり）,内2・露2・家7,unknown,official_association_claim,official_association_claim,4.5 554件 風呂、夕食、清潔感 高評価 実際に宿泊した会員のクチコミ評価から、4点以上の項目を最大3つまで表示しております。 湯布院の町中から離れた閑静な高台にある、トロリとした肌触りの天然温泉“青湯”が自慢の当館。特に女性のお客様から喜ばれております。是非ご体感ください！ 【アクセス】 JR由布院駅より車で5分、徒歩40分。送迎有り（15：00～17：00） MAP,2026-06-29,泰葉
ゆふいん椿,ゆふいん椿,include_official_association,unknown_lodging,貸切 | 風呂,official_ryokan_association,http://yufuin-tsubaki.info/,,,,,和7,貸切風呂あり,unknown,unknown,official_association_claim,,2026-06-29,椿
ゆふいん由布茶寮,ゆふいん由布茶寮 | ゆふいん 由布茶寮,include_official_association,unknown_lodging,温泉 | かけ流し | 露天 | 風呂 | 湯布院 | 由布院,official_ryokan_association | jalan_spot_list,http://www.yufusaryo.net/,,,https://www.jalan.net/yad349790/,,和洋３,各部屋にあり,all_or_many_rooms,unknown,official_association_claim,由布岳を望む、静かで小さなお宿です。部屋付きの半露天風呂では、かけ流しの天然温泉を独り占め。寝室には、シモンズ社製のベッドをご用意しています。別荘感覚でごゆっくりお寛ぎください。 【アクセス】 由布院駅からタクシーで４分。湯布院ＩＣから８分。 MAP,2026-06-29,由布茶寮
ゆふいん旅庵 和山豊,ゆふいん旅庵 和山豊,include_official_association,ryokan_or_inn,露天 | 内湯,official_ryokan_association,http://wazanho.jp/,,,,,離12（和8・和洋4）全室内湯・露天付,露2,all_or_many_rooms,official_association_claim,unknown,,2026-06-29,旅庵和山豊
ゆふ別荘 湯ざくら,ゆふ別荘 湯ざくら,needs_manual_review,ryokan_or_inn,,jalan_spot_list,,,,https://www.jalan.net/yad308156/,,,,,,,,2026-06-29,ゆふ別荘湯ざくら
リゾート湯布院 ～Grandpia Resort YUFUIN～,リゾート湯布院 ～Grandpia Resort YUFUIN～,needs_manual_review,onsen_hotel_or_resort,風呂 | 湯布院,jalan_spot_list,,,,https://www.jalan.net/yad362714/,43,,,,,,4.3 43件 部屋、清潔感、風呂 高評価 実際に宿泊した会員のクチコミ評価から、4点以上の項目を最大3つまで表示しております。 大型スマートテレビ等の最新の家電を完備！ 過ごしやすさにこだわった広々とした客室が自慢です♪ 金鱗湖にも歩いて行ける立地で観光の拠点に◎ 【アクセス】 金鱗湖から歩いて10分 MAP,2026-06-29,リゾート湯布院grandpiaresortyufuin
レジーナリゾート由布院,レジーナリゾート由布院,needs_manual_review,onsen_hotel_or_resort,湯布院 | 由布院,jalan_spot_list,,,,https://www.jalan.net/yad389144/,,,,,,,湯ノ坪街道から離れた自然と調和した静寂の高台。ここにあるのは、喧騒から遠く離れた時間と、深呼吸が似合う空気。愛犬と共に、心と体がそっとほどける、そんなひとときをお過ごしください。 【アクセス】 大分自動車道湯布院ICより約10分、由布丘スマートICより約10分 MAP,2026-06-29,レジーナリゾート由布院
ロングライフリゾート 由布院別邸,ロングライフリゾート 由布院別邸,include_official_association,onsen_hotel_or_resort,由布院,official_ryokan_association,https://www.longlife-resort.jp/resort/yufuin/,,,,,洋7,各部屋にあり,all_or_many_rooms,unknown,official_association_claim,,2026-06-29,ロングライフリゾート由布院別邸
榎屋旅館,榎屋旅館 | 由布院温泉 榎屋旅館,include_official_association,ryokan_or_inn,温泉 | 貸切 | 風呂 | 由布院,official_ryokan_association | rakuten_area_list | jalan_spot_list,http://www.yufuin-enokiya.jp,https://travel.rakuten.co.jp/HOTEL/28502/28502.html,233,https://www.jalan.net/yad348760/,19,和12,内2・露2・家1（内）,unknown,official_association_claim,official_association_claim,4.9 19件 夕食、清潔感、部屋 高評価 実際に宿泊した会員のクチコミ評価から、4点以上の項目を最大3つまで表示しております。 大切なワンちゃん・ネコちゃんとのお泊り大歓迎のペット可旅館♪ベッドタイプに生まれ変わった居心地のよい客室と貸切温泉（家族風呂）、コース料理からアラカルトまで楽しめるモダンなダイニングも好評 【アクセス】 ＪＲ由布院駅より徒歩13分。 MAP,2026-06-29,榎屋旅館
奥宿 無相荘,奥宿 無相荘,needs_manual_review,ryokan_or_inn,湯布院,jalan_spot_list,,,,https://www.jalan.net/yad389070/,,,,,,,奥湯布院の大自然の中でゆっくりと時間をお楽しみ下さい。 そう願い、お客様をおもてなしさせていただいております。 無相荘 当主 【アクセス】 由布岳スマートICより車で5分、湯布院駅より車で15分 MAP,2026-06-29,奥宿無相荘
雅 MIYABI,雅 MIYABI,needs_manual_review,unknown_lodging,湯布院,jalan_spot_list,,,,https://www.jalan.net/yad362783/,,,,,,,庭付きで、バーベキューもできる！ 少しでも快適にお休みいただけるよう、全室にSerta製ベッドを導入しております。 【アクセス】 湯布院駅まで車利用で約5分、湯の坪街道まで車利用で6分 MAP,2026-06-29,雅miyabi
亀の井別荘,亀の井別荘,include_official_association,ryokan_or_inn,内湯,official_ryokan_association,http://www.kamenoi-bessou.jp/,,,,,離15（和10・和洋5）・洋6（全室内湯付）,内2・露2,some_rooms,official_association_claim,unknown,,2026-06-29,亀の井別荘
吉祥開運亭 無尽蔵,吉祥開運亭 無尽蔵,include_onsen_signal,ryokan_or_inn,温泉 | 源泉 | 掛け流し | 由布院,jalan_spot_list,,,,https://www.jalan.net/yad373242/,867,,,,,,4.4 867件 夕食、接客、朝食 高評価 実際に宿泊した会員のクチコミ評価から、4点以上の項目を最大3つまで表示しております。 ■全4室共、趣きの違う客室で源泉掛け流しの温泉を愉しめる。湯の坪街道沿いに位置するが奥まった隠れ家のような空間。華のあるお料理と希少価値のあるプレミアム焼酎、由布院ワイナリーのワインが自慢。 【アクセス】 JR久大本線由布院駅下車、出口正面の由布観通りを金鱗湖方面へ徒歩15分。湯の坪街道沿い。 MAP,2026-06-29,吉祥開運亭無尽蔵
月洸樹 由布院,月洸樹 由布院,needs_manual_review,unknown_lodging,湯布院 | 由布院,jalan_spot_list,,,,https://www.jalan.net/yad354286/,5,,,,,,4.8 5件 夕食、清潔感、部屋 高評価 実際に宿泊した会員のクチコミ評価から、4点以上の項目を最大3つまで表示しております。 2023年12月開業 由布院の豊かな自然に包まれる全室130㎡以上のオールスイートヴィラで至福のひとときを・・・ 【アクセス】 ＪＲ久大本線由布院駅よりお車で約５分。大分自動車道湯布院ICよりお車で約10分 MAP,2026-06-29,月洸樹由布院
源泉掛け流しの離れ宿 由布院別邸 風の森,源泉掛け流しの離れ宿 由布院別邸 風の森,include_onsen_signal,ryokan_or_inn,源泉 | 掛け流し | 露天 | 内湯 | 風呂 | 由布院,jalan_spot_list,,,,https://www.jalan.net/yad309591/,210,,,,,,4.5 210件 清潔感、風呂、部屋 高評価 実際に宿泊した会員のクチコミ評価から、4点以上の項目を最大3つまで表示しております。 全室離れ、泉質自慢の露天内湯付き客室にて大人の隠れ家を体感。 お食事処は完全個室を確約し地元の旬の食材を吟味・自慢の創作料理を堪能できます。 ～2025年11月「ロイヤルスイート」誕生～ 【アクセス】 JR由布院駅前から県道617号線方面へ徒歩約20分程 由布院ICより車で10分 MAP,2026-06-29,源泉掛け流しの離れ宿由布院別邸風の森
限定１日１３組・全室離れ 大露天も貸し切り おやど 二本の葦束,限定１日１３組・全室離れ 大露天も貸し切り おやど 二本の葦束,include_onsen_signal,unknown_lodging,露天 | 貸切 | 風呂 | 由布院,jalan_spot_list,,,,https://www.jalan.net/yad338096/,,,,,,,4500平米の敷地の中に全13棟離れ。四季折々の自然を感じ、大露天風呂など全てが貸切風呂。 コロナウィルス対策：フロントに消毒液の設置、お客様用マスクの用意。※全館禁煙 【アクセス】 JR久大本線 由布院駅下車 駅からお車で7分程でございます。 MAP,2026-06-29,限定1日13組全室離れ大露天も貸し切りおやど二本の葦束
古都の花心,古都の花心,include_onsen_signal,unknown_lodging,温泉 | 貸切 | 風呂 | 湯布院 | 由布院,jalan_spot_list,,,,https://www.jalan.net/yad310064/,357,,,,,,4.3 357件 風呂、夕食、部屋 高評価 実際に宿泊した会員のクチコミ評価から、4点以上の項目を最大3つまで表示しております。 客室はすべて戸建て離れ。おひとり様から６名一緒に泊まれる部屋があり、朝夕お部屋食プランも充実。お部屋の岩風呂や外湯の貸切風呂で温泉をお楽しみください。湯ノ坪街道まで３分に位置し散策にも便利。 【アクセス】 由布院駅より徒歩10分。湯布院ICから車で6分 MAP,2026-06-29,古都の花心
御宿 たまゆら,御宿 たまゆら,include_onsen_signal,ryokan_or_inn,源泉 | 掛け流し | 露天 | 風呂 | 湯布院 | 由布院,jalan_spot_list,,,,https://www.jalan.net/yad361918/,406,,,,,,4.8 406件 接客、風呂、部屋 高評価 実際に宿泊した会員のクチコミ評価から、4点以上の項目を最大3つまで表示しております。 湯布院の高台に佇む、全5棟の源泉掛け流し・全室半露天風呂付きの離れ宿。 地元食材を使用した季節の会席料理を朝・夕お部屋食でごゆっくりと… ※連泊のご予約はお断りしております 【アクセス】 JR由布院駅よりお車で約５、６分ほどでございます。 MAP,2026-06-29,たまゆら
御宿 なか屋,御宿 なか屋,include_official_association,ryokan_or_inn,湯布院 | 由布院,official_ryokan_association | jalan_spot_list,http://www.nakaya-yufuin.jp/,,,https://www.jalan.net/yad315731/,440,和7,内2・露2・家1（内）,unknown,official_association_claim,official_association_claim,4.9 440件 夕食、接客、清潔感 高評価 実際に宿泊した会員のクチコミ評価から、4点以上の項目を最大3つまで表示しております。 御宿なか屋の自慢は、全お部屋の窓から湯布院の象徴の豊後富士「由布岳」の姿を目の前にご覧いただけることです。季節により、また時間により表情を変えていく由布岳の雄姿をご堪能ください。 【アクセス】 大分道湯布院ＩＣ下車車で７分。ＪＲ久大本線由布院駅下車、タクシー５分 MAP,2026-06-29,なか屋
御宿 ぬるかわ温泉,御宿 ぬるかわ温泉,include_official_association,ryokan_or_inn,温泉 | 露天 | 貸切 | 風呂 | 湯布院 | 由布院,official_ryokan_association | jalan_spot_list,https://hpdsp.jp/nurukawa/,,,https://www.jalan.net/yad380991/,677,和8（露天風呂付2）,露2・家7（内4・露3）,some_rooms,official_association_claim,official_association_claim,4.4 677件 風呂、部屋、接客 高評価 実際に宿泊した会員のクチコミ評価から、4点以上の項目を最大3つまで表示しております。 金鱗湖からほど近く、賑やかな湯の坪街道に位置する温泉自慢の宿です。檜風呂や石風呂、三和土風呂、5人は入れる大露天風呂など7つの貸切湯が愉しめる。立ち寄りも可能。さて…、温泉三昧といきましょうか。 【アクセス】 JR由布院駅下車徒歩１５分、タクシー５分。湯布院インターから湯布院方面へ約５分。 MAP,2026-06-29,ぬるかわ温泉
御宿 のぎく,御宿 のぎく | 湯布院旅館のぎく,include_official_association,ryokan_or_inn,源泉 | かけ流し | 貸切 | 風呂 | 湯布院 | 由布院,official_ryokan_association | jalan_spot_list,https://nogiku.hp.peraichi.com/,,,https://www.jalan.net/yad302784/,,和4（風呂付・朝食部屋）・ 離3（風呂付・朝食大部屋）,露2・内2・家７,some_rooms,official_association_claim,official_association_claim,【本格貸切サウナ×全室源泉かけ流し100％】川の風を感じる外気浴と「美人の湯」で極上のととのい体験。1日7組限定の清閑な隠れ家で、湯上りアイスや色浴衣をまとい、大切な人と特別なひとときを。 【アクセス】 【車】 湯布院ICより約10分/ 【徒歩】 JR由布院駅より約7～8分 MAP,2026-06-29,のぎく
御宿 一禅,御宿 一禅,include_official_association,ryokan_or_inn,,official_ryokan_association,http://www.oyado-ichizen.com/,,,,,和12・和洋1（離あり）,露2・家1（露）,unknown,official_association_claim,official_association_claim,,2026-06-29,一禅
御宿 田 離宮,御宿 田 離宮,include_official_association,ryokan_or_inn,露天 | 内湯 | 風呂 | 由布院,official_ryokan_association | jalan_spot_list,https://www.yufuin-den-rikyu.com/,,,https://www.jalan.net/yad367427/,127,離7,全室内湯・露天付,all_or_many_rooms,unknown,unknown,5.0 127件 風呂、夕食、接客 高評価 実際に宿泊した会員のクチコミ評価から、4点以上の項目を最大3つまで表示しております。 □ 2019.4.26 開業 □ 秀麗な由布岳を見上げる位置にあり、冬場は朝霧に包まれます。 四季折々の旬の旨味を閉じ込めた日本料理。 全室露天風呂・内湯付き、離れのお部屋で寛ぎのひと時を…＜Wi-Fi有＞ 【アクセス】 JR久大本線・由布院駅から、お車（タクシー）で5分程でございます。 MAP,2026-06-29,田離宮
御宿 八遇來,御宿 八遇來 | 由布院温泉 御宿 八遇來,include_official_association,ryokan_or_inn,露天 | 風呂,official_ryokan_association | rakuten_area_list,http://onjukuyagura.com/,https://travel.rakuten.co.jp/HOTEL/44895/44895.html,139,,,和9・和洋1（全室露天風呂付）,内2・露2,all_or_many_rooms,official_association_claim,unknown,,2026-06-29,八遇來
御宿 由府両築,御宿 由府両築,include_official_association,ryokan_or_inn,露天 | 風呂,official_ryokan_association,https://hpdsp.jp/yufuin-ryoutiku/,,,,,和5・和洋1・離1（檜風呂付）・ 特室1（露天付）,内2・露2,all_or_many_rooms,official_association_claim,unknown,,2026-06-29,由府両築
高原の別荘 いろはにほへ陶,高原の別荘 いろはにほへ陶,needs_manual_review,ryokan_or_inn,湯布院 | 由布院,jalan_spot_list,,,,https://www.jalan.net/yad314021/,,,,,,,湯布院塚原高原に有る『1日3棟限定』の貸し別荘です♪♪ 360度パノラマの大草原で日常を忘れてゆったりした時の流れを感じてみませんか？？ ☆BBQ設備完備☆屋根付きテラスでお楽しみください♪ 【アクセス】 ＪＲ由布院駅よりタクシーで約20分。大分自動車道湯布院ＩＣよりお車で約20分 MAP,2026-06-29,高原の別荘いろはにほへ陶
山のホテル 夢想園,山のホテル 夢想園 | 由布院温泉 山のホテル 夢想園 | 山のホテル夢想園,include_official_association,onsen_hotel_or_resort,露天 | 風呂 | 湯布院 | 由布院,official_ryokan_association | rakuten_area_list | jalan_spot_list,http://www.musouen.co.jp/,https://travel.rakuten.co.jp/HOTEL/44815/44815.html,173,https://www.jalan.net/yad386852/,"1,205",和12・和洋2,内2・露3・家4（内2・露2）,unknown,official_association_claim,official_association_claim,"4.6 1,205件 風呂、夕食、朝食 高評価 実際に宿泊した会員のクチコミ評価から、4点以上の項目を最大3つまで表示しております。 由布院盆地の中心から少し離れた高台に位置し、男女それぞれの大露天風呂からは、由布岳、由布院盆地を眺望できる。夕食は、地採れの野菜や近海の魚、和牛を用いた季節感のある和会席料理。 【アクセス】 ＪＲ由布院駅よりタクシーで約５分。湯布院ＩＣ出口正面の信号を右折、県道１１号線を左折後、約２ｋｍ。 MAP",2026-06-29,山のホテル夢想園
山紫御泊処 はなの舞,山紫御泊処 はなの舞,include_official_association,unknown_lodging,露天 | 風呂 | 由布院,official_ryokan_association | jalan_spot_list,http://www.hananomai.net/,,,https://www.jalan.net/yad324410/,,和6（風呂付2）・ 離2（和・露天付2）,内2・家1（露）,all_or_many_rooms,official_association_claim,official_association_claim,由布院の中心部、湯の坪通りにほど近い静かなたたずまいの小さなお宿。由布院の四季を感じさせてくれる自然溢れる滞在型旅館です。 【アクセス】 大分自動車道 由布院ICより車で 10分。 MAP,2026-06-29,山紫御泊処はなの舞
山紫水明の宿 わさく,山紫水明の宿 わさく,include_onsen_signal,ryokan_or_inn,貸切 | 風呂 | 由布院,jalan_spot_list,,,,https://www.jalan.net/yad324398/,36,,,,,,4.2 36件 接客、部屋、清潔感 高評価 実際に宿泊した会員のクチコミ評価から、4点以上の項目を最大3つまで表示しております。 一棟貸切の一軒家。 浴槽に鉱石を使用した畳風呂の【もみじ館】とコンパクトな造りが心地よい【櫻館】。 由布院の中心街から少し離れたプライベート空間で、心も体もリラックス♪ 【アクセス】 由布院駅より徒歩15分 車で5分 MAP,2026-06-29,山紫水明の宿わさく
山荘 わらび野,山荘 わらび野,include_official_association,ryokan_or_inn,温泉 | 源泉 | 掛け流し | 風呂 | 湯布院 | 由布院,official_ryokan_association | jalan_spot_list,http://www.warabino.net/,,,https://www.jalan.net/yad389226/,,離13（和洋）,全室風呂付,all_or_many_rooms,unknown,unknown,全源泉掛け流し温泉付。3500坪の敷地に由布院の自然の景観とモダンな7棟13室が呼応するように融け合い、点在。由布院の風景を纏う宿で極上のひと時をお過ごしくださいませ。 【アクセス】 ※JR由布院駅よりタクシーにて約5分 ※湯布院インターより車で3分 MAP,2026-06-29,わらび野
山荘 田名加,山荘 田名加 | 山荘田名加,include_official_association,ryokan_or_inn,露天 | 内湯 | 貸切 | 風呂 | 由布院,official_ryokan_association | jalan_spot_list,http://www.yado-santana.jp/,,,https://www.jalan.net/yad383856/,,和4・洋2,内2・家1（露）,unknown,official_association_claim,official_association_claim,由布岳の見える全６室（２部屋は見えません）のこじんまりした純木造建築の昔懐かしい佇まいを残した宿です。全室トイレを完備し、お風呂は密にならない様に貸切り利用のみです（内湯岩風呂2と露天風呂1） 【アクセス】 JR由布院駅下車徒歩15分。大分自動車道より車で15分。 MAP,2026-06-29,田名加
山荘 無量塔,山荘 無量塔,include_official_association,ryokan_or_inn,風呂,official_ryokan_association,http://www.sansou-murata.com/,,,,,離れ12（洋1・和洋11・全室風呂付）,全室風呂付,all_or_many_rooms,unknown,unknown,,2026-06-29,無量塔
山荘紗羅樹,山荘紗羅樹,include_onsen_signal,ryokan_or_inn,温泉 | 源泉 | かけ流し | 湯布院,jalan_spot_list,,,,https://www.jalan.net/yad322004/,,,,,,,自然に囲まれた離れの客室でゆっくりとお過ごし下さい。全室に源泉かけ流しのプライベート温泉浴室をご用意しております。 【アクセス】 湯布院駅より車で8分。湯布院インターより車で６分。 MAP,2026-06-29,紗羅樹
志美津旅館,志美津旅館,include_onsen_signal,ryokan_or_inn,温泉 | 風呂 | 湯布院,jalan_spot_list,,,,https://www.jalan.net/yad366367/,,,,,,,2026年9月全面リニューアルオープン「志美津旅館」が生まれ変わります。1300坪の広大な敷地に離れを含む全9室。洞窟風呂をはじめそれぞれの特長を生かした5つの温泉とサウナで心と体を癒す湯めぐりを。 【アクセス】 JR湯平駅より車で10分（無料送迎あり※要事前予約）/大分自動車道湯布院ICより大分方面へ車で約25分 MAP,2026-06-29,志美津旅館
宿 上の杜,宿 上の杜,include_onsen_signal,ryokan_or_inn,温泉 | 貸切 | 湯布院 | 由布院,jalan_spot_list,,,,https://www.jalan.net/yad337626/,,,,,,,湯布院の貸切温泉がある宿泊できるエステサロン！由布院駅から徒歩10分。経験豊富なオーナーの施術を求めて全国から来るお客様の為に空き部屋を提供したのが始まり。一日三組だけの時間をお楽しみください。 【アクセス】 ＪＲ久大線 由布院駅より徒歩10分／湯布院ＩＣより車で10分 MAP,2026-06-29,宿上の杜
森ごと貸切・湯布院 国立公園のログハウス 彩2ndHOUSE,森ごと貸切・湯布院 国立公園のログハウス 彩2ndHOUSE,include_onsen_signal,unknown_lodging,貸切 | 湯布院,jalan_spot_list,,,,https://www.jalan.net/yad309672/,,,,,,,,2026-06-29,森ごと貸切湯布院国立公園のログハウス彩2ndhouse
星降る宿 星庵,星降る宿 星庵,include_onsen_signal,ryokan_or_inn,温泉 | 露天 | 風呂 | 湯布院 | 由布院,jalan_spot_list,,,,https://www.jalan.net/yad390117/,,,,,,,湯布院の高台にひっそりと佇む温泉宿。全室に露天風呂を完備し、誰の目を気にすることなく温泉をご堪能いただけます。夕食は、おおいた和牛の「しゃぶすき鍋」など地元の味覚をお楽しみください 【アクセス】 JR由布院駅より車で3分、徒歩で約25分 、大分自動車道・湯布院ICより車で5分 MAP,2026-06-29,星降る宿星庵
星野リゾート 界 由布院,星野リゾート 界 由布院,needs_manual_review,onsen_hotel_or_resort,湯布院 | 由布院,jalan_spot_list,,,,https://www.jalan.net/yad360321/,181,,,,,,4.3 181件 朝食、接客、清潔感 高評価 実際に宿泊した会員のクチコミ評価から、4点以上の項目を最大3つまで表示しております。 由布岳に見守られるように建つ宿は、日本の原風景とも称される棚田をランドスケープとして望みます。稲作の暦を追う風景は四季を映し、心身が緩む滞在となります。 【アクセス】 湯布院IC～車で約15分／大分空港～車で約60分 ※カーナビは、マップコードで検索ください 269 417 086*82 MAP,2026-06-29,星野リゾート界由布院
清孔苑,清孔苑,include_official_association,unknown_lodging,貸切 | 風呂,official_ryokan_association,http://www.yufuin-seikouen.com/,,,,,和6・和洋4,貸切風呂あり,unknown,unknown,official_association_claim,,2026-06-29,清孔苑
石畳に佇む明治創業の老舗宿 右丸旅館,石畳に佇む明治創業の老舗宿 右丸旅館,include_onsen_signal,ryokan_or_inn,温泉 | 露天 | 貸切 | 風呂 | 湯布院,jalan_spot_list,,,,https://www.jalan.net/yad325228/,861,,,,,,4.5 861件 夕食、部屋、接客 高評価 実際に宿泊した会員のクチコミ評価から、4点以上の項目を最大3つまで表示しております。 湯布院の奥座敷、湯平温泉の情緒ある石畳の坂道に立つ、明治創業の老舗旅館。お食事は朝夕ともに部屋食(離れは専用個室食事処）露天風呂をはじめ、すべてのお風呂が貸切可能で温泉三昧できます。 【アクセス】 湯布院ＩＣより20分。すぐの信号を右折、国道210号線を大分方面へ15分、湯平大橋を渡り5分。 MAP,2026-06-29,石畳に佇む明治創業の老舗宿右丸旅館
全室半露天付き客室 旅館由布山,全室半露天付き客室 旅館由布山,include_onsen_signal,ryokan_or_inn,温泉 | 源泉 | かけ流し | 露天 | 風呂 | 由布院,jalan_spot_list,,,,https://www.jalan.net/yad323555/,48,,,,,,4.2 48件 風呂、夕食、接客 高評価 実際に宿泊した会員のクチコミ評価から、4点以上の項目を最大3つまで表示しております。 温泉重視な方オススメ。♪全て源泉かけ流し、半露天風呂付客室で周りを気にせず温泉を何回でもお楽しみいただけます。※当施設はバリヤフリーではございませんので、予めご了承ください。 【アクセス】 由布院駅から車で10分 マップコード 46 300 455*17 MAP,2026-06-29,全室半露天付き客室旅館由布山
全室露天付き離れ宿 御宿 さくら亭,全室露天付き離れ宿 御宿 さくら亭,include_onsen_signal,ryokan_or_inn,源泉 | 掛け流し | 露天 | 湯布院 | 由布院,jalan_spot_list,,,,https://www.jalan.net/yad321704/,605,,,,,,4.5 605件 夕食、朝食、接客 高評価 実際に宿泊した会員のクチコミ評価から、4点以上の項目を最大3つまで表示しております。 湯布院の中心から少し離れた場所に建つ、源泉掛け流し露天付の離れ宿。 四季折々の旬の旨味を閉じ込めた会席料理。 日常を忘れ贅沢で優雅なひと時を… Instagramフォローとハッシュタグ付き投稿で特典有 【アクセス】 ◆由布院駅よりお車で5分程でございます。 MAP,2026-06-29,全室露天付き離れ宿御宿さくら亭
草庵 秋桜,草庵 秋桜 | 由布院温泉 草庵秋桜,include_official_association,ryokan_or_inn,露天,official_ryokan_association | rakuten_area_list,http://www.yufuin-kosumosu.jp/,https://travel.rakuten.co.jp/HOTEL/139452/139452.html,195,,,和6・洋1・離6 （離・全室露天付）,露2・内2・家2,all_or_many_rooms,official_association_claim,official_association_claim,,2026-06-29,草庵秋桜
草庵 秋桜（そうあん こすもす）,草庵 秋桜（そうあん こすもす）,needs_manual_review,ryokan_or_inn,由布院,jalan_spot_list,,,,https://www.jalan.net/yad316085/,,,,,,,【ミシュランガイド2018熊本・大分版にて4レッドパビリオン認定】豪華観光列車ななつ星を手掛けた水戸岡鋭治トータルデザイン。「金鱗湖」や「湯の坪街道」にほど近く、それでいて、静かな佇まいの宿。 【アクセス】 大分空港よりお車・高速バスご利用で約５０分。由布院駅より徒歩約１５分・お車約５分。 MAP,2026-06-29,草庵秋桜そうあんこすもす
草屋根の宿 龍のひげ,草屋根の宿 龍のひげ,include_official_association,ryokan_or_inn,,official_ryokan_association,http://ryunohige.com/,,,,,和4・洋3・和洋3,家5（内2・露3）,unknown,official_association_claim,official_association_claim,,2026-06-29,草屋根の宿龍のひげ
草屋根の宿 龍のひげ／別邸 ゆむた,草屋根の宿 龍のひげ／別邸 ゆむた,include_onsen_signal,ryokan_or_inn,露天 | 風呂 | 湯布院 | 由布院,jalan_spot_list,,,,https://www.jalan.net/yad315874/,982,,,,,,5.0 982件 風呂、夕食、接客 高評価 実際に宿泊した会員のクチコミ評価から、4点以上の項目を最大3つまで表示しております。 【口コミ料理評価★★★★★5.0】静かな森の中に佇む隠れ家的料理宿。宿名の由来でもある『リュウノヒゲ』と呼ばれる植物を屋根に養成し、夏は涼しく、冬は暖かい。由布岳が一望できる半露天付離れも大人気 【アクセス】 湯布院ICより車で約3分、由布院駅より車で約13分 MAP,2026-06-29,草屋根の宿龍のひげ/別邸ゆむた
貸別荘 はこぶね,貸別荘 はこぶね,include_onsen_signal,villa_pension_guesthouse,温泉 | 源泉 | 掛け流し | 露天 | 家族湯 | 風呂 | 湯布院,jalan_spot_list,,,,https://www.jalan.net/yad368365/,,,,,,,星空を眺めながら、源泉掛け流しの露天風呂（男女別）や家族湯の温泉で癒し、身も心もゆとりのひと時… 観光スポット「湯の坪街道」まで徒歩5分（350m）なので「貸別荘 はこぶね」でのご滞在がピッタリ！ 【アクセス】 〒879-5102 大分県由布市湯布院町川上２７０６ MAP,2026-06-29,貸別荘はこぶね
貸別荘 塚原ラルゴ,貸別荘 塚原ラルゴ,low_priority_or_exclude_review,villa_pension_guesthouse,湯布院,jalan_spot_list,,,,https://www.jalan.net/yad379127/,18,,,,,,5.0 18件 夕食、接客、部屋 高評価 実際に宿泊した会員のクチコミ評価から、4点以上の項目を最大3つまで表示しております。 大分県で唯一「日本で最も美しい村連合」に加盟している塚原高原の貸別荘です。 雨の日や寒い季節でも「BBQ小屋」があるので、一年通してBBQが出来ます。 一日一組限定で高原生活を楽しんでください！ 【アクセス】 大分自動車道（由布岳スマートＩＣの場合）約５分※ＥＴＣ搭載車のみ（湯布院ＩＣの場合）約１５分 MAP,2026-06-29,貸別荘塚原ラルゴ
大吉旅館,大吉旅館,needs_manual_review,ryokan_or_inn,湯布院,jalan_spot_list,,,,https://www.jalan.net/yad336836/,52,,,,,,4.9 52件 夕食、接客、清潔感 高評価 実際に宿泊した会員のクチコミ評価から、4点以上の項目を最大3つまで表示しております。 女将お手製、自慢の和洋食をお腹いっぱい満喫♪ 豊後牛の陶板焼き、ヤマメの塩焼きなどをメインにその他10品をご提供。地元の名産を心行くまでお愉しみください！ 【アクセス】 JR久大本線湯平駅より車で10分／大分道湯布院ICより車で30分 MAP,2026-06-29,大吉旅館
大正ロマンの宿 御宿 由府両築,大正ロマンの宿 御宿 由府両築,include_onsen_signal,ryokan_or_inn,源泉 | かけ流し | 貸切 | 風呂 | 湯布院 | 由布院,jalan_spot_list,,,,https://www.jalan.net/yad309147/,650,,,,,,4.7 650件 朝食、接客、清潔感 高評価 実際に宿泊した会員のクチコミ評価から、4点以上の項目を最大3つまで表示しております。 大正14年創業、築約百年の古民家を活かした小さな湯宿。湯の坪街道沿いでも静かで、源泉かけ流し貸切風呂は24時間自由。 時の重なりを感じる空間で日常を忘れ、心ほどけるひとときをゆっくりどうぞ。 【アクセス】 JR由布院駅から徒歩10分、湯布院ICより車で7分、湯布院の中心・湯の坪街道まで徒歩30秒 MAP,2026-06-29,大正ロマンの宿御宿由府両築
大正由布の花,大正由布の花,needs_manual_review,unknown_lodging,湯布院 | 由布院,jalan_spot_list,,,,https://www.jalan.net/yad363726/,,,,,,,由布院市街より徒歩、程なくに佇む素泊まり宿。 敷地内は時々を感じる草花が彩り、石が在る。 懐かしさと趣きが心落ち着く空間で、寛ぎと癒しの時間をお愉しみくださいませ。 【アクセス】 JR由布院駅からお車で約7分、湯布院ＩＣより車で10分、湯布院の中心より少し離れた閑静な場所にございます MAP,2026-06-29,大正由布の花
塚原高原 恵里菜 ＫＵＭＡＧＡＩ ＢＯＫＵＪＯ（貸別荘）,塚原高原 恵里菜 ＫＵＭＡＧＡＩ ＢＯＫＵＪＯ（貸別荘）,low_priority_or_exclude_review,villa_pension_guesthouse,風呂 | 湯布院 | 由布院,jalan_spot_list,,,,https://www.jalan.net/yad360772/,225,,,,,,4.8 225件 朝食、風呂、部屋 高評価 実際に宿泊した会員のクチコミ評価から、4点以上の項目を最大3つまで表示しております。 塚原高原の大パノラマと満天の星空、夜明けの風景も感動もの！ 貸別荘でプライベートなひとときを。 黒毛和牛の炭火焼きやしゃぶしゃぶ、バーベキューなど料理も大好評。 【アクセス】 大分自動車道：湯布院ICより車で約20分または由布岳スマートICより車で約6分。JR由布院駅より車で約16分。 MAP,2026-06-29,塚原高原恵里菜kumagaibokujo貸別荘
鉄道と山の見える家,鉄道と山の見える家,needs_manual_review,unknown_lodging,,jalan_spot_list,,,,https://www.jalan.net/yad373112/,,,,,,,,2026-06-29,鉄道と山の見える家
天ゆふ,天ゆふ,needs_manual_review,unknown_lodging,,jalan_spot_list,,,,https://www.jalan.net/yad331237/,,,,,,,,2026-06-29,天ゆふ
天空の宿 ゆふそら,天空の宿 ゆふそら,include_onsen_signal,ryokan_or_inn,貸切 | 湯布院,jalan_spot_list,,,,https://www.jalan.net/yad365218/,,,,,,,"600坪の森に佇む30坪・平屋の一棟貸切宿。 由布岳と盆地を一望する絶景ドッグランを併設、ワンちゃんは2頭まで無料(3頭目から2,000円) 愛犬と非日常を愉しむ贅沢なひとときを。※室内は要マナーベルト着用 【アクセス】 大分自動車道下車、湯布院ＩＣより約１５分 MAP",2026-06-29,天空の宿ゆふそら
田舎村 いなか荘,田舎村 いなか荘,include_onsen_signal,ryokan_or_inn,貸切 | 風呂 | 湯布院 | 由布院,jalan_spot_list,,,,https://www.jalan.net/yad311290/,75,,,,,,4.5 75件 夕食、接客、朝食 高評価 実際に宿泊した会員のクチコミ評価から、4点以上の項目を最大3つまで表示しております。 【1日4組限定】お風呂は貸切風呂のみ！ 創業30年以上、豊後牛と薩摩地鶏の炭火焼が人気！ 宿からは山や川が見えるのどかな風景が広がります。 お部屋は和室８畳とキッチンがついており持ち込みもＯＫ 【アクセス】 湯布院ＩＣより車で15分。由布院駅よりタクシーで7分。 MAP,2026-06-29,田舎村いなか荘
湯めぐりホテル 山光園,湯めぐりホテル 山光園,include_official_association,onsen_hotel_or_resort,風呂,official_ryokan_association,http://www.yufuin-sankouen.com/index.html,,,,,和19・特別3（風呂付）・離3,内2・露2・家6（内2・露4）,some_rooms,official_association_claim,official_association_claim,,2026-06-29,湯めぐりホテル山光園
湯らり 六妙,湯らり 六妙,include_onsen_signal,unknown_lodging,温泉 | 源泉 | かけ流し | 露天 | 風呂 | 湯布院 | 由布院,jalan_spot_list,,,,https://www.jalan.net/yad345269/,,,,,,,【5棟限定】全室露天風呂付き離れのお宿。静かで落ち着いたノスタルジックな異空間です. 温泉は源泉100%かけ流し！！ お食事は付いておりませんが、お近くのお食事処をご紹介できます。＜全室Wi-Fi完備＞ 【アクセス】 大分道湯布院出口より車で5分。ＪＲ由布院駅より徒歩10分。大分空港より直通バスで55分。 MAP,2026-06-29,湯らり六妙
湯富里の宿 一壺天,湯富里の宿 一壺天,include_official_association,ryokan_or_inn,,official_ryokan_association,http://www.ikkoten.com/,,,,,和洋8,各部屋にあり,all_or_many_rooms,unknown,official_association_claim,,2026-06-29,湯富里の宿一壺天
湯布の風屋,湯布の風屋,include_onsen_signal,unknown_lodging,温泉 | 露天 | 風呂 | 湯布院 | 由布院,jalan_spot_list,,,,https://www.jalan.net/yad311542/,,,,,,,◆1日1組限定◆ 国内でも希少な天然温泉「青湯」の露天風呂付き貸別荘で贅沢なひとときを 最大10名迄利用可能、4名様まで同料金！ バーベキューや囲炉裏体験も楽しめて 無料駐車場も完備（2～3台可） 【アクセス】 JR久大本線・由布院駅（車で約5分）／大分自動車道・湯布院IC下車（車で約10分） MAP,2026-06-29,湯布の風屋
湯布ゆらら山荘,湯布ゆらら山荘,include_onsen_signal,ryokan_or_inn,温泉 | 湯布院,jalan_spot_list,,,,https://www.jalan.net/yad360143/,,,,,,,まるまる一棟貸し切りの美肌温泉付き貸別荘。ご家族、グループからも大人気。お部屋から由布岳が望め、アクセスも良くお部屋も広いので20名以上も受け入れ可。 バーベキュー台あり4名様まで同一料金です。 【アクセス】 湯布院I・Cを出て、最初の信号を直進し、道の駅湯布院を左に見ながら次の信号を左折、約100Mで右手に入る。 MAP,2026-06-29,湯布ゆらら山荘
湯布院 ソナタ,湯布院 ソナタ,include_onsen_signal,unknown_lodging,温泉 | 露天 | 風呂 | 湯布院 | 由布院,jalan_spot_list,,,,https://www.jalan.net/yad363258/,,,,,,,★―露天風呂もついてて、立地条件抜群！！―★ 湯布院観光にとても便利。そして温泉付き ・由布院駅から徒歩15分 ・金鱗湖まで徒歩5分 ・湯の坪街道まで徒歩3分 【アクセス】 湯布院ICから車で約10分。由布院駅から車で約5分、徒歩約15分。 MAP,2026-06-29,ソナタ
湯布院 ほてい屋,湯布院 ほてい屋 | 湯布院ほてい屋,include_official_association,unknown_lodging,湯布院 | 由布院,official_ryokan_association | jalan_spot_list,http://www.hoteiya-yado.jp/,,,https://www.jalan.net/yad342312/,,和11・和洋2,露2・家1（露）,unknown,official_association_claim,official_association_claim,日常の喧噪から離れ ゆふいんの地でふるさとの風情と 懐かしい時間に心を馳せる... 【アクセス】 ＪＲ由布院駅より徒歩２５分（無料送迎あり）、湯布院ＩＣより車で１０分 MAP,2026-06-29,ほてい屋
湯布院 ホテル森のテラス,湯布院 ホテル森のテラス,include_onsen_signal,onsen_hotel_or_resort,温泉 | 湯布院 | 由布院,jalan_spot_list,,,,https://www.jalan.net/yad396522/,365,,,,,,4.6 365件 朝食、夕食、部屋 高評価 実際に宿泊した会員のクチコミ評価から、4点以上の項目を最大3つまで表示しております。 ヨーロッパを訪れたようなレンガ調の隠れ家ホテル 静かな森の中で温泉と美食の癒し旅を・・・ 都会の喧騒から離れ、のんびり至福の時をお過ごし下さい。 ＜全室無料Wi-Fi完備＞ 【アクセス】 【電車】JR久大本線由布院駅より車で約8分（2.5㎞） 【車】大分自動車道 湯布院ICより約5分（1.7㎞） MAP,2026-06-29,ホテル森のテラス
湯布院 山下湖ロッジ,湯布院 山下湖ロッジ,include_onsen_signal,unknown_lodging,温泉 | 風呂 | 湯布院,jalan_spot_list,,,,https://www.jalan.net/yad383584/,155,,,,,,4.6 155件 風呂、清潔感、部屋 高評価 実際に宿泊した会員のクチコミ評価から、4点以上の項目を最大3つまで表示しております。 湯布院・九重の観光に最適。隣室のない戸建のロッジ(コテージ）は完全独立。各ロッジは温泉のお風呂付なので、ゆっくり自由に入浴。家族や職場の仲間で。新しい旅の選択肢が広がります。 【アクセス】 湯布院ICより車で20分。水分峠より、やまなみハイウェイを進み7キロ。山下湖ロッジへの看板から2分 MAP,2026-06-29,山下湖ロッジ
湯布院 山灯館,湯布院 山灯館,include_official_association,unknown_lodging,露天 | 湯布院,official_ryokan_association,http://www.yufuin-santokan.com/,,,,,和12・洋1（露天付6）,内2・露2,all_or_many_rooms,official_association_claim,unknown,,2026-06-29,山灯館
湯布院 星の里,湯布院 星の里,include_onsen_signal,unknown_lodging,温泉 | 源泉 | かけ流し | 貸切 | 風呂 | 湯布院 | 由布院,jalan_spot_list,,,,https://www.jalan.net/yad371960/,,,,,,,源泉100％かけ流しのとろっとろの天然温泉。(貸切風呂) ・中心地から離れているため、鳥や虫の鳴き声が聞こえるほど静かな空間 ・金鱗湖まで徒歩20分 ・由布院駅より無料送迎。(16:30/17:30/18:30) 【アクセス】 湯布院I.Cから車で約15分。由布院駅から車で約10分(無料送迎あり)。金鱗湖から徒歩約20分です。 MAP,2026-06-29,星の里
湯布院 塚原高原 山荘 どんぐり,湯布院 塚原高原 山荘 どんぐり,needs_manual_review,ryokan_or_inn,湯布院,jalan_spot_list,,,,https://www.jalan.net/yad327305/,318,,,,,,4.9 318件 夕食、接客、清潔感 高評価 実際に宿泊した会員のクチコミ評価から、4点以上の項目を最大3つまで表示しております。 ★アフリカンサファリまで車で10分★湯布院・別府を満喫できちゃう連泊プランも大好評！夏は高原リゾートで涼しく避暑を♪ファミリー・カップル・親しい仲間と過ごせる１棟独立型コテージでBBQを楽しもう！ 【アクセス】 大分自動車道 【湯布院ICより：約15分】【由布岳スマートIC（注：ETC搭載車のみ利用可）より：約3分】 MAP,2026-06-29,塚原高原山荘どんぐり
湯布院 柚木庵,湯布院 柚木庵,include_onsen_signal,ryokan_or_inn,温泉 | 湯布院,jalan_spot_list,,,,https://www.jalan.net/yad354486/,,,,,,,自然と由布岳を堪能【柚木庵】天然温泉付き／広々とした贅沢な邸宅 【別邸】自宅のように寛げる邸宅 【アクセス】 湯布院ICより約7分（やまなみハイウェイ/県道216号 経由） MAP,2026-06-29,柚木庵
湯布院 旅館おかえり,湯布院 旅館おかえり,include_onsen_signal,ryokan_or_inn,貸切 | 風呂 | 湯布院 | 由布院,jalan_spot_list,,,,https://www.jalan.net/yad314450/,,,,,,,【５つの貸切風呂無料】全８室の古風な宿。ノスタルジックでレトロな雰囲気をお楽しみください。 由布院駅から徒歩７分。買い物、観光にも抜群。無料自転車、フリードリンク、湯上り休憩所とコスパ良し！ 【アクセス】 JR由布院駅より徒歩７分。湯布院ICより車で１０分。 MAP,2026-06-29,おかえり
湯布院 樂涌,湯布院 樂涌,include_onsen_signal,unknown_lodging,源泉 | かけ流し | 露天 | 風呂 | 湯布院 | 由布院,rakuten_area_list | jalan_spot_list,,https://travel.rakuten.co.jp/HOTEL/191814/191814.html,27,https://www.jalan.net/yad381640/,,,,,,,【2024年3月OPEN】全10室に源泉かけ流し露天風呂を完備。由布院盆地を見下ろす高台に在る一軒の旅館。春夏の豊かな緑、秋の美しい紅葉、冬の立ち上る湯けむりと雲海、四季折々の風情をお樂しみください 【アクセス】 JR由布院駅からお車で約7分、湯布院ICからお車で約10分 MAP,2026-06-29,樂涌
湯布院ガーデンホテル,湯布院ガーデンホテル,include_official_association,onsen_hotel_or_resort,露天 | 貸切 | 湯布院,official_ryokan_association | jalan_spot_list,https://www.yufuin-gardenhotel.jp/,,,https://www.jalan.net/yad356060/,48,和10・洋11（バストイレ付10）・ コテージ1,内2・露天2・貸切露天2 （ペット可）,unknown,official_association_claim,official_association_claim,4.5 48件 夕食、朝食、接客 高評価 実際に宿泊した会員のクチコミ評価から、4点以上の項目を最大3つまで表示しております。 由布岳を一望するロケーションに、九州最大級の天然芝ドッグランを完備。 黒毛和牛ステーキ、しゃぶしゃぶやズワイ蟹他豪華バイキングをお楽しみください。 全室ペットとご一緒にお過ごしいただけます♪ 【アクセス】 湯布院IC出口信号右折、国道２１０号線を大分方面へ。１つ目の信号左折、橋を渡り左折後直進４００Ｍ先右側 MAP,2026-06-29,ガーデンホテル
湯布院かほりの郷 はな村,湯布院かほりの郷 はな村 | 由布院温泉 かほりの郷 はな村,include_official_association,unknown_lodging,温泉 | 風呂 | 湯布院 | 由布院,official_ryokan_association | rakuten_area_list | jalan_spot_list,http://www.yufuin-hanamura.jp/,https://travel.rakuten.co.jp/HOTEL/43826/43826.html,742,https://www.jalan.net/yad328454/,519,和11・洋9・和洋9（風呂付あり）,内2・露2・家2（露）,some_rooms,official_association_claim,official_association_claim,4.8 519件 接客、夕食、清潔感 高評価 実際に宿泊した会員のクチコミ評価から、4点以上の項目を最大3つまで表示しております。 湯布院の中心「湯の坪街道」に建つ、女性に大人気の宿です。 料理長の創作料理や、肌がスベスベになる温泉に浸かって楽しいひと時をお過ごし下さい。 また、館内には、可愛い小物も沢山ありますよ♪ 【アクセス】 JR久大本線由布院駅より徒歩10分、タクシー2分。大分自動車道湯布院ICより車で5分。 MAP,2026-06-29,かほりの郷はな村
湯布院カントリーロードユースホステル,湯布院カントリーロードユースホステル,include_onsen_signal,unknown_lodging,温泉 | 源泉 | 掛け流し | 風呂 | 湯布院 | 由布院,jalan_spot_list,,,,https://www.jalan.net/yad347915/,114,,,,,,4.8 114件 接客、夕食、風呂 高評価 実際に宿泊した会員のクチコミ評価から、4点以上の項目を最大3つまで表示しております。 湯布院の夜景を一望できる高台に建つ【ユースホステル】★ みんなでわいわい♪旅人同士で交流を楽しみたいなら当館へ！ 源泉掛け流しのつるつる美肌の温泉や毎晩開催される楽しいイベントが大好評♪ 【アクセス】 JR由布院駅より車で5分/バスセンターより塚原行きバス ドライバーにユースホステルに行きたいと告げる MAP,2026-06-29,カントリーロードユースホステル
湯布院やわらぎの郷 やどや,湯布院やわらぎの郷 やどや,include_onsen_signal,unknown_lodging,源泉 | 湯布院 | 由布院,jalan_spot_list,,,,https://www.jalan.net/yad350988/,,,,,,,湯布院屈指の源泉とバリアフリー設備を併せ持つお宿。名峰「由布岳」を望み、由布院の観光通りに程近く散策拠点に最高の立地です。ユニバーサルデザインの空間は、幅広い世代から支持が高くリピーターも多い 【アクセス】 周辺道路はとても狭いので、比較的通行しやすい経路をお知らせいたします。当館までお問い合わせください。 MAP,2026-06-29,やわらぎの郷やどや
湯布院温泉 ｆｏｒｅｓｔ ｉｎｎ ＢＯＲＮ,湯布院温泉 ｆｏｒｅｓｔ ｉｎｎ ＢＯＲＮ | forest inn BORN,include_onsen_signal,unknown_lodging,温泉 | 湯布院,rakuten_area_list | jalan_spot_list,,https://travel.rakuten.co.jp/HOTEL/80781/80781.html,179,https://www.jalan.net/yad345707/,339,,,,,,5.0 339件 清潔感、夕食、接客 高評価 実際に宿泊した会員のクチコミ評価から、4点以上の項目を最大3つまで表示しております。 標高600mの湯布院塚原高原の森の中、豊かな自然の中にまだ知らない隠れ家のような場所。 地元食材を使った湯布院フレンチや温泉を楽しめる私だけの秘境。 【アクセス】 大分自動車道（由布岳スマートＩＣの場合）約２分※ＥＴＣ搭載車のみ（湯布院ＩＣの場合）約２０分 MAP,2026-06-29,forestinnborn
湯布院温泉 ひすいの宿 黎明(れいめい),湯布院温泉 ひすいの宿 黎明(れいめい),include_onsen_signal,ryokan_or_inn,温泉 | 露天 | 貸切 | 風呂 | 湯布院,jalan_spot_list,,,,https://www.jalan.net/yad374056/,469,,,,,,3.5 469件 木々に囲まれた避暑地にある静かなお宿で別荘気分を満喫。和室や洋室、温泉付きなどの多様な客室をお選びいただけます。季節ごとに趣が異なる露天風呂や貸切温泉、四季折々のお料理をお楽しみいただけます。 【アクセス】 JR湯布院駅下車、タクシーで５分 MAP,2026-06-29,ひすいの宿黎明れいめい
湯布院温泉 御宿 由布乃庄,湯布院温泉 御宿 由布乃庄 | 御宿 由布乃庄,include_onsen_signal,ryokan_or_inn,温泉 | 貸切 | 湯布院,rakuten_area_list | jalan_spot_list,,https://travel.rakuten.co.jp/HOTEL/106080/106080.html,591,https://www.jalan.net/yad325334/,"1,637",,,,,,"4.8 1,637件 朝食、夕食、接客 高評価 実際に宿泊した会員のクチコミ評価から、4点以上の項目を最大3つまで表示しております。 ■季節ごとの自然の彩りに心和む、湯布院塚原高原の１軒宿。入り放題の貸切温泉や大分名産 豊後牛の炭火焼をメインとした創作料理の数々も好評。誰にも邪魔されない寛ぎの時間をお過ごしくださいませ。 【アクセス】 大分自動車道（由布岳スマートＩＣの場合）約５分※ＥＴＣ搭載車のみ（湯布院ＩＣの場合）約１５分 MAP",2026-06-29,由布乃庄
湯布院温泉F,湯布院温泉F,include_onsen_signal,unknown_lodging,温泉 | 湯布院,jalan_spot_list,,,,https://www.jalan.net/yad337347/,,,,,,,湯布院の温泉付き貸別荘。1日1組限定で周りを気にせず滞在。ペット同伴OKで家族やグループ旅行にも最適です。 【アクセス】 湯布院ICより車で約10分／中心部まで約5分・駐車場あり MAP,2026-06-29,f
湯布院温泉郷 グランピング COMOREBI (コモレビ),湯布院温泉郷 グランピング COMOREBI (コモレビ),include_onsen_signal,villa_pension_guesthouse,温泉 | 露天 | 風呂 | 湯布院,jalan_spot_list,,,,https://www.jalan.net/yad302276/,175,,,,,,4.6 175件 朝食、夕食、風呂 高評価 実際に宿泊した会員のクチコミ評価から、4点以上の項目を最大3つまで表示しております。 客室露天風呂付きリニューアルルームが続々登場！ 一つは客室内に個室サウナと五右衛門風呂の水風呂、そして自然を一望できる露天風呂あり 冬でも暖房や防寒着・膝掛けなど多数貸し出しありで安心。 【アクセス】 【大分空港→当施設】車で約1時間／ 【JR大分駅→JR向之原駅】電車で21分【JR向之原駅→当施設】車で約15分 MAP,2026-06-29,郷グランピングcomorebiコモレビ
湯布院山荘 吾亦紅,湯布院山荘 吾亦紅,include_onsen_signal,ryokan_or_inn,源泉 | 露天 | 風呂 | 湯布院,jalan_spot_list,,,,https://www.jalan.net/yad398805/,557,,,,,,4.3 557件 風呂、朝食、夕食 高評価 実際に宿泊した会員のクチコミ評価から、4点以上の項目を最大3つまで表示しております。 【ペットと泊まれる♪】2022年4月、新棟OPEN！部屋食OK！クチコミ高評価宿♪由布岳と湯布院盆地を見渡す高台に、全室離れで源泉100％の檜と岩の露天風呂付き！お食事中もワンちゃんと一緒に過ごせます♪ 【アクセス】 湯布院インターから車で１５分。湯布院駅からタクシーで５分です。 MAP,2026-06-29,吾亦紅
湯布院別荘 四季彩ホテル,湯布院別荘 四季彩ホテル,include_official_association,onsen_hotel_or_resort,源泉 | 掛け流し | 露天 | 貸切 | 風呂 | 湯布院 | 由布院,official_ryokan_association | rakuten_area_list | jalan_spot_list,http://www.yufuin-bessou.jp/,https://travel.rakuten.co.jp/HOTEL/141911/141911.html,304,https://www.jalan.net/yad331600/,324,洋29,露2・家2（露）,unknown,official_association_claim,official_association_claim,4.0 324件 接客、清潔感、夕食 高評価 実際に宿泊した会員のクチコミ評価から、4点以上の項目を最大3つまで表示しております。 全室、35㎡以上の広い洋室 旬の食材をふんだんに使用した当館自慢の会席料理は絶品です。 無料駐車場30台 源泉掛け流し露天風呂と貸切風呂の湯彩をお楽しみ下さい。 【アクセス】 JR由布院駅より車で5分、徒歩25分、湯布院ＩＣより車で7分、大分空港より湯布院直行高速バスで55分。 MAP,2026-06-29,四季彩ホテル
湯平ゲストハウス,湯平ゲストハウス,include_onsen_signal,unknown_lodging,温泉 | 湯布院,jalan_spot_list,,,,https://www.jalan.net/yad356069/,42,,,,,,4.7 42件 夕食、清潔感、朝食 高評価 実際に宿泊した会員のクチコミ評価から、4点以上の項目を最大3つまで表示しております。 大分県の郷土料理レストランが併設された温泉宿泊施設として２０２５年にオープンしました。大分県佐賀関から毎朝、直送される「関あじ・関さば」などの魚介類や郷土料理「鳥天」などをご賞味ください。 【アクセス】 大分自動車道湯布院ICから車で２０分、石畳通りには入らずに５番入口よりお越し下さい。 MAP,2026-06-29,湯平ゲストハウス
湯平温泉 ゆけむりの宿 花木綿,湯平温泉 ゆけむりの宿 花木綿,include_onsen_signal,ryokan_or_inn,温泉 | 露天 | 風呂 | 湯布院,jalan_spot_list,,,,https://www.jalan.net/yad312289/,"1,590",,,,,,"4.8 1,590件 朝食、夕食、接客 高評価 実際に宿泊した会員のクチコミ評価から、4点以上の項目を最大3つまで表示しております。 『じゃらんアワード2024 泊まって良かった宿大賞 夕食 第2位受賞』黒毛和牛や川魚など、品数多数の手作りの会席です！露天風呂は川のせせらぎや満天の星空がご覧いただけます。【全室＆食事処禁煙】 【アクセス】 大分自動車道湯布院ICから車で２０分、石畳通りには入らずに５番入口よりお越し下さい。 MAP",2026-06-29,湯平温泉ゆけむりの宿花木綿
湯平温泉 宿彩暁雲荘 源泉掛け流し大人限定宿,湯平温泉 宿彩暁雲荘 源泉掛け流し大人限定宿,include_onsen_signal,ryokan_or_inn,温泉 | 源泉 | 掛け流し | 内湯 | 貸切 | 風呂 | 湯布院,jalan_spot_list,,,,https://www.jalan.net/yad332318/,545,,,,,,4.8 545件 朝食、夕食、部屋 高評価 実際に宿泊した会員のクチコミ評価から、4点以上の項目を最大3つまで表示しております。 1日3組様のみお迎えする大人限定宿。湯平温泉100%の源泉を掛け流す温泉内湯付き離れと専用貸切り風呂付き客室。湯平絢爛会席と合わせて大人旅をお楽しみください。 【アクセス】 大分自動車道 湯布院ICより車で20分/JR湯平駅よりバスで7分。 MAP,2026-06-29,湯平温泉宿彩暁雲荘源泉掛け流し大人限定宿
湯平温泉 宿潦 ばん屋 ～お二人様専用の宿～,湯平温泉 宿潦 ばん屋 ～お二人様専用の宿～,include_onsen_signal,ryokan_or_inn,温泉 | 貸切 | 風呂 | 湯布院,jalan_spot_list,,,,https://www.jalan.net/yad316284/,,,,,,,【夕食と風呂の評価100点満点に感謝】 大人のお客様専用旅館。2021年客室リニューアル。豊後牛メインのご当地会席とビュッフェ形式の「おばんざい」が好評♪風情ある湯平温泉で4種の貸切風呂をご堪能下さい 【アクセス】 湯布院ＩＣより大分方面に約１５分、最寄の駅ＪＲ久大本線湯平駅よりタクシーで１０分。 MAP,2026-06-29,湯平温泉宿潦ばん屋お二人様専用の宿
湯平温泉 癒しの宿 鷹勝,湯平温泉 癒しの宿 鷹勝,include_onsen_signal,ryokan_or_inn,温泉,rakuten_area_list,,https://travel.rakuten.co.jp/HOTEL/144993/144993.html,645,,,,,,,,,2026-06-29,湯平温泉癒しの宿鷹勝
湯平温泉 旅館いづもや,湯平温泉 旅館いづもや,include_onsen_signal,ryokan_or_inn,温泉 | 湯布院,jalan_spot_list,,,,https://www.jalan.net/yad324458/,547,,,,,,4.9 547件 朝食、接客、清潔感 高評価 実際に宿泊した会員のクチコミ評価から、4点以上の項目を最大3つまで表示しております。 【九州じゃらんアワード2025】泊まって良かった宿大賞 総合１位受賞。(1室～50室）朝食１位、接客・サービス２位、夕食３位、都道府県部門総合１位受賞。皆様のお越しを心よりお待ちいたしております。 【アクセス】 【電車】JR送迎は致しておりません。【車】高速湯布院ＩＣより約20分。専用駐車場は④番『弁財天入口』前 MAP,2026-06-29,湯平温泉旅館いづもや
日の春旅館,日の春旅館 | 由布院温泉 日の春旅館,include_official_association,ryokan_or_inn,露天 | 貸切 | 風呂 | 湯布院 | 由布院,official_ryokan_association | jalan_spot_list,http://www.hinoharu.jp/,,,https://www.jalan.net/yad340740/,,和11（風呂付9）,露2・家3（内1・露2）,some_rooms,official_association_claim,official_association_claim,【貸切風呂無料】自然の趣きを大切にした宿。観光の中心地にありながら湯量豊富な露天風呂と由布院ならではの美味しい料理を味わえる。 【アクセス】 JR由布院駅から徒歩15分、車で5分。高速湯布院インターから車で10分。 MAP,2026-06-29,日の春旅館
美食懐石と露天風呂付き離れ宿 旅籠 hatago 香乃蔵,美食懐石と露天風呂付き離れ宿 旅籠 hatago 香乃蔵,include_onsen_signal,ryokan_or_inn,露天 | 風呂 | 由布院,jalan_spot_list,,,,https://www.jalan.net/yad362472/,105,,,,,,4.7 105件 夕食、朝食、接客 高評価 実際に宿泊した会員のクチコミ評価から、4点以上の項目を最大3つまで表示しております。 ≪2024年1月に館内を一部リニューアル≫旅情あふれる湯の里に、古き良き風情を今に伝える憩いの宿。 みずみずし旬の素材を活かした料理と露天風呂付きの離れで心なごむ時間を満喫してください。 【アクセス】 ＪＲ由布院駅より車で１０分 MAP,2026-06-29,美食懐石と露天風呂付き離れ宿旅籠hatago香乃蔵
楓の小舎,楓の小舎 | 由布院温泉 楓の小舎,include_official_association,unknown_lodging,露天 | 内湯 | 貸切 | 風呂 | 湯布院 | 由布院,official_ryokan_association | rakuten_area_list | jalan_spot_list,http://www.yufuin-kaede.com,https://travel.rakuten.co.jp/HOTEL/72793/72793.html,275,https://www.jalan.net/yad332520/,907,離6（和3・和洋2・洋1） 全室内湯・露天付,露1（貸切）・全室岩盤浴付,all_or_many_rooms,official_association_claim,official_association_claim,4.7 907件 接客、朝食、風呂 高評価 実際に宿泊した会員のクチコミ評価から、4点以上の項目を最大3つまで表示しております。 由布院駅より車で５分。由布岳の麓に佇む隠れ宿。露天風呂、内湯完備の客室でのんびりとお過ごし下さい。お一人様用客室もございます。地元食材を使った料理はすべて手作りの拘り。 【アクセス】 湯布院ＩＣより車で８分。由布院駅よりタクシーで５分。 MAP,2026-06-29,楓の小舎
別荘 今昔庵,別荘 今昔庵,include_official_association,ryokan_or_inn,露天 | 貸切 | 風呂 | 由布院,official_ryokan_association | jalan_spot_list,http://www.konjakuan.co.jp/index.htm,,,https://www.jalan.net/yad313965/,,和2（風呂付1）・和洋1・ 離4（全室露天付）,内2・露2 ＊貸切利用可,all_or_many_rooms,official_association_claim,official_association_claim,和の風情溢れる造り120年前の庄屋を改築した母屋と露天風呂付離れの2タイプ。 【アクセス】 ＪＲ由布院駅から車で７分。徒歩２０分。 MAP,2026-06-29,今昔庵
別荘ふるさと,別荘ふるさと,include_onsen_signal,ryokan_or_inn,温泉 | かけ流し | 露天 | 風呂 | 由布院,jalan_spot_list,,,,https://www.jalan.net/yad372942/,,,,,,,一棟二階建離れで過ごす、静かなプライベート。大人の旅、家族の旅に選ばれる隠れ宿。Ａ５ランクの豊後牛を堪能。かけ流しの露天風呂付温泉。駅から歩ける近さ。夫婦で手作り料理のおもてなしの宿 【アクセス】 ＪＲ由布院駅より徒歩６分 MAP,2026-06-29,ふるさと
別邸Ｇｅｎｓｅｎ,別邸Ｇｅｎｓｅｎ,include_onsen_signal,unknown_lodging,温泉 | 由布院,jalan_spot_list,,,,https://www.jalan.net/yad374533/,,,,,,,【温泉付一棟貸し】人気観光スポットからも徒歩圏内に位置しながらも、由布院の自然を満喫！ 暮らすような滞在/プライベートBBQ/ハンモックに揺られる時間/プライベート温泉で癒されます 【アクセス】 【チェックイン】チェックインコード/QRコードをお送りします。コードをお控えの上施設にお越しください。 MAP,2026-06-29,別邸gensen
豊後水道絶品海鮮が自慢の料理宿 木蓮,豊後水道絶品海鮮が自慢の料理宿 木蓮,include_onsen_signal,ryokan_or_inn,源泉 | 露天 | 貸切 | 風呂 | 湯布院,jalan_spot_list,,,,https://www.jalan.net/yad365654/,393,,,,,,3.8 393件 夕食、朝食 高評価 実際に宿泊した会員のクチコミ評価から、4点以上の項目を最大3つまで表示しております。 【料理重視派におすすめ】佐賀関で獲れた地魚＆奥豊後豚の木蓮鍋が好評。２つの貸切露天風呂は化粧水いらずの源泉100％掛流し美人湯。お部屋食プランもあり、ゆったり寛げるアットホームなおもてなしが◎ 【アクセス】 大分自動車道湯布院ＩＣより車で約10分。金鱗湖より徒歩10分。佛山寺より徒歩３分程でございます。 MAP,2026-06-29,豊後水道絶品海鮮が自慢の料理宿木蓮
民宿つたや,民宿つたや,needs_manual_review,ryokan_or_inn,由布院,jalan_spot_list,,,,https://www.jalan.net/yad310901/,,,,,,,家庭的な暖かい雰囲気で皆様をおもてなしさせていただきます。 田舎のお家に帰ってきたようなお気持ちで、のんびりとお過ごし下さい。 【アクセス】 ＪＲ久大本線 由布院駅より車で３分 MAP,2026-06-29,民宿つたや
癒しの宿 鷹勝,癒しの宿 鷹勝,needs_manual_review,ryokan_or_inn,風呂 | 湯布院,jalan_spot_list,,,,https://www.jalan.net/yad324866/,14,,,,,,4.8 14件 接客、夕食、風呂 高評価 実際に宿泊した会員のクチコミ評価から、4点以上の項目を最大3つまで表示しております。 福岡・銀座に生け簀料理店・会員制寿司店を構える「鷹勝」が手掛ける和風旅館。 2013年に江戸時代から続いた老舗宿を継承。 14室中、ペットも泊まれる客室は4室。 【アクセス】 湯布院インターから車で約25分。石畳通りの上方にあります。＜薬師堂入口＞よりお入り下さい。 MAP,2026-06-29,癒しの宿鷹勝
癒しの里 観布亭（かんぷてい）,癒しの里 観布亭（かんぷてい）,include_onsen_signal,ryokan_or_inn,露天 | 風呂 | 湯布院 | 由布院,jalan_spot_list,,,,https://www.jalan.net/yad321091/,"1,163",,,,,,"4.4 1,163件 風呂、部屋、接客 高評価 実際に宿泊した会員のクチコミ評価から、4点以上の項目を最大3つまで表示しております。 雄大な由布岳を眺めながら、お部屋の半露天風呂で静かなひとときを。 全6室だからこそ叶う、きめ細やかなおもてなし。 湯上りには無料の生ビールやアイスのサービスが好評です。 【アクセス】 湯布院インターより車で7分。由布院駅より徒歩15分 MAP",2026-06-29,癒しの里観布亭かんぷてい
柚富の郷 彩岳館,柚富の郷 彩岳館 | 由布院温泉 柚富の郷 彩岳館,include_official_association,unknown_lodging,,official_ryokan_association | rakuten_area_list,http://www.saigakukan.co.jp,https://travel.rakuten.co.jp/HOTEL/20453/20453.html,335,,,和16・和洋8,内2・露2・家2（内・露）,unknown,official_association_claim,official_association_claim,,2026-06-29,柚富の郷彩岳館
由布のお宿 ほたる,由布のお宿 ほたる,include_onsen_signal,ryokan_or_inn,温泉 | 風呂 | 湯布院 | 由布院,jalan_spot_list,,,,https://www.jalan.net/yad300275/,852,,,,,,4.8 852件 風呂、接客、朝食 高評価 実際に宿泊した会員のクチコミ評価から、4点以上の項目を最大3つまで表示しております。 【ズバ抜けたとろ～っとろの湯】が湧き出る宿。 由布院に温泉は数あれど、ここで湧き出る湯は超が付くほど格別。 皆様にこの湯をぜひ堪能して頂きたい。 【温泉通】のお客様をも唸らせる程の名湯です。 【アクセス】 なんと湯布院ICより車で２分の好立地。湯布院ICを出たら直ぐに到着です。 JRやバスの方には送迎もアリ。 MAP,2026-06-29,由布のお宿ほたる
由布の彩 ＹＡＤＯＹＡ おおはし ,由布の彩 ＹＡＤＯＹＡ おおはし ,needs_manual_review,unknown_lodging,風呂 | 湯布院 | 由布院,jalan_spot_list,,,,https://www.jalan.net/yad302736/,"2,012",,,,,,"4.9 2,012件 接客、風呂、朝食 高評価 実際に宿泊した会員のクチコミ評価から、4点以上の項目を最大3つまで表示しております。 ◆2009年4月OPENの2名様限定の宿◆ 湯布院の中心から少し離れた静かな場所に建つ。 精肉店オーナーが仕入れる最高級の和牛はとろける食感！ 大人の為の贅沢な食と、癒しの時間がお待ちしております。 【アクセス】 ◆由布院駅よりお車で5分程でございます。 MAP",2026-06-29,由布の彩yadoyaおおはし
由布の宿 きふう,由布の宿 きふう,include_official_association,ryokan_or_inn,貸切,official_ryokan_association,http://kifuu258.wix.com/yufuin,,,,,和4・洋2,内1・露1 ＊貸切利用可,unknown,official_association_claim,official_association_claim,,2026-06-29,由布の宿きふう
由布の小部屋,由布の小部屋,include_onsen_signal,unknown_lodging,温泉 | かけ流し | 風呂 | 湯布院,jalan_spot_list,,,,https://www.jalan.net/yad320896/,397,,,,,,3.9 397件 風呂 高評価 実際に宿泊した会員のクチコミ評価から、4点以上の項目を最大3つまで表示しております。 静かでアットホームな雰囲気で過せる、すべてセルフで気楽な宿です。 湯布院を素泊まりで格安で！ゆのつぼ街道まで徒歩5分 温泉は天然100％かけ流しで２ヶ所のうち1ヶ所は朝まで鍵付きで入れます。 【アクセス】 湯布院ICから車で１０分 MAP,2026-06-29,由布の小部屋
由布の癒 友里,由布の癒 友里,include_official_association,unknown_lodging,風呂,official_ryokan_association,https://hpdsp.jp/yuhri/,,,,,離10（洋1・和洋9）,個室露・個室内風呂,all_or_many_rooms,unknown,official_association_claim,,2026-06-29,由布の癒友里
由布の癒 友里 ～大人2名様限定の全室露天付き離れ宿～,由布の癒 友里 ～大人2名様限定の全室露天付き離れ宿～,include_onsen_signal,ryokan_or_inn,源泉 | かけ流し | 露天 | 内湯 | 風呂 | 湯布院,jalan_spot_list,,,,https://www.jalan.net/yad382450/,912,,,,,,4.3 912件 接客、風呂、部屋 高評価 実際に宿泊した会員のクチコミ評価から、4点以上の項目を最大3つまで表示しております。 ◆全て趣の異なる離れ全１０室に内湯と源泉かけ流しの露天風呂◆１２時チェックアウト≪通常プラン≫◆１室大人２名様限定の隠れ家的癒し宿◆『由布の癒 友里』を是非ご堪能下さいませ＜全室Wi-Fi完備＞ 【アクセス】 大分自動車道 湯布院ICより車で約10分 MAP,2026-06-29,由布の癒友里大人2名様限定の全室露天付き離れ宿
由布の里 旅荘 牧場の家,由布の里 旅荘 牧場の家,include_onsen_signal,ryokan_or_inn,露天 | 風呂 | 由布院,jalan_spot_list,,,,https://www.jalan.net/yad320901/,,,,,,,昔、牛飼いをしていた初代社長が名づけた「牧場の家」。施設内に牛がいるわけではありません＾＾； 自慢の大露天風呂、離れ客室、素朴で美味しい料理、スタッフのおもてなしで癒しの時をお過ごしください。 【アクセス】 由布院駅より牧場の家（まきばのいえ）まで徒歩8分。お車で2分程の好立地！ MAP,2026-06-29,由布の里旅荘牧場の家
由布院 いよとみ,由布院 いよとみ,include_official_association,unknown_lodging,温泉 | 内湯 | 貸切 | 湯布院 | 由布院,official_ryokan_association | jalan_spot_list,http://www.iyotomi.jp/,,,https://www.jalan.net/yad320384/,,和9（内湯付1）・洋3（シングル1）・和洋1,家3（内2・露1）,some_rooms,official_association_claim,official_association_claim,5つの100％天然温泉はすべて貸切！ お食事は朝夕ともに、地の恵みを活かした旬のごちそうをお愉しみいただけます。 一人旅も大歓迎です。 【アクセス】 ＪＲ由布院駅より徒歩7分・車にて3分 大分自動車道湯布院ＩＣより車にて約10分 MAP,2026-06-29,いよとみ
由布院 ことぶき花の庄,由布院 ことぶき花の庄 | 由布院ことぶき花の庄,include_official_association,unknown_lodging,湯布院 | 由布院,official_ryokan_association | jalan_spot_list,http://www.hananosho.co.jp/,,,https://www.jalan.net/yad392120/,,和46・洋4,内2・露2・サ2,unknown,official_association_claim,unknown,由布院駅徒歩５分。由布岳を望む客室、風情のある二千坪のお庭に能舞台(9月に夜能開催)、茅葺きの「ほたる舎(囲炉裏付)」「水車小屋(茶室)」、木々に囲まれた山里の雰囲気ある佇まいのお宿です。 【アクセス】 由布院駅より徒歩５分・タクシー３分。湯布院ＩＣより車で８分 MAP,2026-06-29,ことぶき花の庄
由布院 つるのゆ,由布院 つるのゆ,include_official_association,unknown_lodging,由布院,official_ryokan_association,http://tsurunoyu.info/,,,,,和3・洋1・離1（和）,家2,unknown,unknown,official_association_claim,,2026-06-29,つるのゆ
由布院 玉の湯,由布院 玉の湯,include_official_association,unknown_lodging,風呂 | 由布院,official_ryokan_association,http://www.tamanoyu.co.jp/,,,,,離16（和洋）全室風呂付,内2・露2,all_or_many_rooms,official_association_claim,unknown,,2026-06-29,玉の湯
由布院 元（はじめ）,由布院 元（はじめ）,include_official_association,unknown_lodging,由布院,official_ryokan_association,https://yufuin-zen.com/,,,,,和洋10,家4（露2・内2）,unknown,official_association_claim,official_association_claim,,2026-06-29,元はじめ
由布院 山ぼうし,由布院 山ぼうし,include_official_association,unknown_lodging,湯布院 | 由布院,official_ryokan_association | jalan_spot_list,http://www.yamabo.jp/,,,https://www.jalan.net/yad300354/,,和6・洋4（シングル1）,内2・露2・家1（内）,unknown,official_association_claim,official_association_claim,当館は由布院駅まで徒歩7分、湯布院の中心由布見通りと湯の坪街道の中心にあります。安心安全に最大限配慮しながら皆様のお越しをお待ちいたしております。≪全室禁煙≫ 2024年10月1日より入湯税250円 【アクセス】 JR由布院駅、駅前バスセンターより徒歩7分。大分自動車道湯布院ICより7分。 MAP,2026-06-29,山ぼうし
由布院 多津川別邸,由布院 多津川別邸,include_onsen_signal,unknown_lodging,温泉 | 源泉 | かけ流し | 風呂 | 由布院,jalan_spot_list,,,,https://www.jalan.net/yad381406/,43,,,,,,5.0 43件 部屋、接客、清潔感 高評価 実際に宿泊した会員のクチコミ評価から、4点以上の項目を最大3つまで表示しております。 【2024年10月より、お風呂リニューアルいたしました！】 客室から由布岳と由布院列車を一望出来る立地に佇み、源泉かけ流し100％の温泉は宿泊中何度でも利用可能です。 【アクセス】 由布院駅より車で10分 MAP,2026-06-29,多津川別邸
由布院 梅園 GARDEN RESORT,由布院 梅園 GARDEN RESORT | 由布院 梅園 ＧＡＲＤＥＮ ＲＥＳＯＲＴ,include_official_association,unknown_lodging,露天 | 風呂 | 由布院,official_ryokan_association | rakuten_area_list | jalan_spot_list,http://yufuin-baien.com/,https://travel.rakuten.co.jp/HOTEL/39494/39494.html,514,https://www.jalan.net/yad318959/,423,和洋26,露2・家2,unknown,official_association_claim,official_association_claim,4.1 423件 風呂、夕食、朝食 高評価 実際に宿泊した会員のクチコミ評価から、4点以上の項目を最大3つまで表示しております。 一万坪の敷地に佇む全26室の宿。由布岳を望む絶景露天風呂と旬の食材を活かし敷地内に湧き出す名水で旨味を引き出す料理は絶品 【アクセス】 ＪＲ久大本線由布院駅よりタクシー（車）で５分。由布院の人気観光スポット「金鱗湖」まで自転車で3分！ MAP,2026-06-29,梅園gardenresort
由布院 蔓蕩蒼－Ｍａｔｏｕｓｏｕ－,由布院 蔓蕩蒼－Ｍａｔｏｕｓｏｕ－,include_onsen_signal,unknown_lodging,源泉 | 湯布院 | 由布院,jalan_spot_list,,,,https://www.jalan.net/yad385293/,,,,,,,【一日大人三組限定】丹精込めて創る蔓蕩蒼オリジナルのコース料理。桃缶の密のようなとろみの源泉。落ちてきそうな満天の星空。何もしない特別な一日を、大切な人とお過ごしください。 【アクセス】 大人限定「２０歳以下の宿泊不可」 車：湯布院ＩＣより約５分・ＪＲ由布院駅より約６分 MAP,2026-06-29,蔓蕩蒼matousou
由布院 離れの宿 優夏月,由布院 離れの宿 優夏月,include_onsen_signal,ryokan_or_inn,温泉 | 源泉 | 掛け流し | 露天 | 内湯 | 風呂 | 湯布院 | 由布院,jalan_spot_list,,,,https://www.jalan.net/yad346404/,64,,,,,,3.8 64件 風呂 高評価 実際に宿泊した会員のクチコミ評価から、4点以上の項目を最大3つまで表示しております。 源泉掛け流しの露天風呂付離れ5棟と専用温泉内湯付ドームテントあり。離れ客室にIHキッチン、洗濯機（乾燥機は一部）、電子レンジ。ラウンジにフリーバーあり！ドームテント宿泊者は専用フリーバー完備！ 【アクセス】 JR由布院駅より車で6分 湯布院I.Cより車で6分 MAP,2026-06-29,離れの宿優夏月
由布院 六花,由布院 六花,include_official_association,unknown_lodging,露天 | 風呂 | 湯布院 | 由布院,official_ryokan_association | jalan_spot_list,http://yufuinonsen.jp/,,,https://www.jalan.net/yad341167/,25,離6,各部屋にあり,all_or_many_rooms,unknown,official_association_claim,5.0 25件 風呂、朝食、部屋 高評価 実際に宿泊した会員のクチコミ評価から、4点以上の項目を最大3つまで表示しております。 ２０１８年９月にオープンしました半露天風呂付離れ客室６室の小さな宿です。由布岳を望む田園地区に位置する静かな環境の中で、お客様それぞれのスタイルでおくつろぎの時間をお過ごしください。 【アクセス】 大分自動車道湯布院ICより車で約１０分。JR久大本線由布院駅より車で約３分、徒歩で約１０分です。 MAP,2026-06-29,六花
由布院ZEN,由布院ZEN | 由布院 ＺＥＮ,include_official_association,unknown_lodging,温泉 | 源泉 | かけ流し | 露天 | 風呂 | 湯布院 | 由布院,official_ryokan_association | jalan_spot_list,http://www.hanare-yufuin-zen.com/,,,https://www.jalan.net/yad348816/,261,和洋10,全室半露天風呂付,all_or_many_rooms,unknown,unknown,4.7 261件 接客、清潔感、風呂 高評価 実際に宿泊した会員のクチコミ評価から、4点以上の項目を最大3つまで表示しております。 ◆由布院盆地一望の【絶景の個室】でお食事。◆「全室・一戸建て離れ」【１００％源泉・かけ流し】の客室の温泉 スロープ、エレベーター有り。【料理の鉄人】から推薦されたシェフ監修の宿 【アクセス】 九州自動車道湯布院インターから車で５分・ＪＲ由布院駅から車で５分 MAP,2026-06-29,zen
由布院オッポ,由布院オッポ,include_onsen_signal,unknown_lodging,温泉 | 源泉 | かけ流し | 風呂 | 由布院,jalan_spot_list,,,,https://www.jalan.net/yad370115/,,,,,,,素泊まりの宿です。時間に縛られず、お客様の好きな時間に観光や温泉をお楽しみください。お風呂は源泉かけ流しですのでいつでも温泉に浸かることができます。飲食店・スーパー・コンビニも徒歩圏内にあり。 【アクセス】 由布院駅より徒歩5分 MAP,2026-06-29,オッポ
由布院グランピング 天の庭,由布院グランピング 天の庭,low_priority_or_exclude_review,villa_pension_guesthouse,風呂 | 湯布院 | 由布院,jalan_spot_list,,,,https://www.jalan.net/yad358399/,,,,,,,ファミリーでのご利用おススメ☆7000平米の広さ・1棟ごとにバリアフリーのお風呂とトイレ、檜のプライベートサウナ♪1日1部屋限定で愛犬も一緒に泊まれるドッグラン付きのお部屋も 【アクセス】 湯布院ＩＣよりお車にて約１０分！ MAP,2026-06-29,グランピング天の庭
由布院ユウベルホテル,由布院ユウベルホテル,include_official_association,onsen_hotel_or_resort,温泉 | 源泉 | かけ流し | 内湯 | 風呂 | 由布院,official_ryokan_association | jalan_spot_list,http://yufuin-ublhotel.jp/,,,https://www.jalan.net/yad336879/,596,和27・和洋2・洋4（内湯付10）,内2・露2・サ2,some_rooms,official_association_claim,unknown,4.2 596件 風呂、夕食、部屋 高評価 実際に宿泊した会員のクチコミ評価から、4点以上の項目を最大3つまで表示しております。 大分の絶景・由布院の麓、自然に抱かれた癒しの空間。全室から四季折々の景観を楽しめる贅沢な造り。源泉かけ流し温泉と豊後牛で五感を満たす。全室40平米以上の広い特別室は記念日やグループ旅行にも最適。 【アクセス】 JR由布院駅下車、車、タクシーで５分 MAP,2026-06-29,ユウベルホテル
由布院温泉 オーベルジュ 檪屋,由布院温泉 オーベルジュ 檪屋,include_onsen_signal,unknown_lodging,温泉 | 掛け流し | 湯布院 | 由布院,jalan_spot_list,,,,https://www.jalan.net/yad306854/,,,,,,,湯布院の中心から少し離れた静かな場所に佇み、掛け流しの温泉があるオーベルジュ檪屋。 四季折々の旬の旨味を閉じ込めたフレンチに舌鼓。 日常を忘れ贅沢で優雅なひとときを大切な方と共に…＜Wi-Fi完備＞ 【アクセス】 JR由布院駅からお車で約7分、湯布院ＩＣより車で10分、湯布院の中心より少し離れた閑静な鳥越にございます MAP,2026-06-29,オーベルジュ檪屋
由布院温泉 お宿 五輪花,由布院温泉 お宿 五輪花 | お宿 五輪花,include_onsen_signal,ryokan_or_inn,温泉 | 源泉 | 掛け流し | 露天 | 風呂 | 湯布院 | 由布院,rakuten_area_list | jalan_spot_list,,https://travel.rakuten.co.jp/HOTEL/31742/31742.html,710,https://www.jalan.net/yad321804/,490,,,,,,4.8 490件 風呂、部屋、接客 高評価 実際に宿泊した会員のクチコミ評価から、4点以上の項目を最大3つまで表示しております。 素泊まり専門のお宿。プライベート性の高い独立した離れに、源泉掛け流しの露天風呂を備えております。お好きな時にお好きなだけ、ゆっくりのんびり温泉三昧。湯布院の風情を思いのままにお楽しみください 【アクセス】 JR由布院駅より車で２分・徒歩で１５分／大分自動車道 湯布院インターより５分 MAP,2026-06-29,五輪花
由布院温泉 ゆふいん 旅庵 和山豊,由布院温泉 ゆふいん 旅庵 和山豊,include_onsen_signal,ryokan_or_inn,温泉 | 由布院,rakuten_area_list,,https://travel.rakuten.co.jp/HOTEL/69247/69247.html,510,,,,,,,,,2026-06-29,ゆふいん旅庵和山豊
由布院温泉 ゆふいんホテル秀峰館,由布院温泉 ゆふいんホテル秀峰館,include_onsen_signal,onsen_hotel_or_resort,温泉 | 由布院,rakuten_area_list,,https://travel.rakuten.co.jp/HOTEL/28141/28141.html,245,,,,,,,,,2026-06-29,ゆふいんホテル秀峰館
由布院温泉 御宿 ゆふいん亭,由布院温泉 御宿 ゆふいん亭 | 御宿 ゆふいん亭,include_onsen_signal,ryokan_or_inn,温泉 | 露天 | 風呂 | 由布院,rakuten_area_list | jalan_spot_list,,https://travel.rakuten.co.jp/HOTEL/41838/41838.html,769,https://www.jalan.net/yad343728/,"2,494",,,,,,"4.5 2,494件 朝食、夕食、接客 高評価 実際に宿泊した会員のクチコミ評価から、4点以上の項目を最大3つまで表示しております。 全室離れ形式の天然温泉付き客室、チェックアウト１２時。男女別露天風呂はご滞在中いつでもご利用いただけます。湯上りには無料の生ビールサービスあり、至福のひと時をお過ごしください。 【アクセス】 由布院駅よりタクシーで５分。由布院ＩＣより車で１０分。 MAP",2026-06-29,ゆふいん亭
由布院温泉 御宿 陣の内,由布院温泉 御宿 陣の内,include_onsen_signal,ryokan_or_inn,温泉 | 源泉 | 掛け流し | 湯布院 | 由布院,jalan_spot_list,,,,https://www.jalan.net/yad389595/,,,,,,,由布院駅から徒歩10分、湯布院の真ん中にあり、温泉街までも便利な立地にある家庭的な旅館です。 こんこんと湧き出る湯量豊富な温泉を源泉掛け流しでお楽しみ下さい。【全館禁煙】 【アクセス】 ＪＲ由布院駅より徒歩１０分 MAP,2026-06-29,陣の内
由布院温泉 山荘 四季庵,由布院温泉 山荘 四季庵 | 山荘 四季庵,include_onsen_signal,ryokan_or_inn,温泉 | 露天 | 内湯 | 湯布院 | 由布院,rakuten_area_list | jalan_spot_list,,https://travel.rakuten.co.jp/HOTEL/41833/41833.html,670,https://www.jalan.net/yad326280/,"2,087",,,,,,"4.5 2,087件 夕食、部屋、朝食 高評価 実際に宿泊した会員のクチコミ評価から、4点以上の項目を最大3つまで表示しております。 客室はすべて離れ形式で全棟に露天又は内湯が備わっている。世界遺産の白川郷より移築したお食事処で味わうおおいた和牛や地鶏の炭火焼きは格別。由布岳が目前に迫る露天とともに旅の気分を盛り上げてくれる 【アクセス】 湯布院駅より車で１５分。湯布院ＩＣより車で２５分。 MAP",2026-06-29,四季庵
由布院温泉 朝霧のみえる宿 ゆふいん花由,由布院温泉 朝霧のみえる宿 ゆふいん花由,include_onsen_signal,ryokan_or_inn,温泉 | 由布院,rakuten_area_list,,https://travel.rakuten.co.jp/HOTEL/76377/76377.html,1036,,,,,,,,,2026-06-29,朝霧のみえる宿ゆふいん花由
由布院温泉 東匠庵,由布院温泉 東匠庵,include_official_association,ryokan_or_inn,温泉 | 風呂 | 湯布院 | 由布院,official_ryokan_association | jalan_spot_list,http://tosyoan.com/,,,https://www.jalan.net/yad331264/,118,和洋8,全室風呂付,all_or_many_rooms,unknown,unknown,4.5 118件 部屋、風呂、夕食 高評価 実際に宿泊した会員のクチコミ評価から、4点以上の項目を最大3つまで表示しております。 どのお部屋からも望める美しい由布岳はまさに絶景で訪れる人を魅了して離しません。気の向くままに湯に浸かり、贅を尽くした会席料理を味わう。そんな優雅で贅沢なひとときを存分にお楽しみください。 【アクセス】 湯布院ＩＣから車で６分 MAP,2026-06-29,東匠庵
由布院温泉 湯富里の宿 一壷天,由布院温泉 湯富里の宿 一壷天,include_onsen_signal,ryokan_or_inn,温泉 | 露天 | 風呂 | 由布院,jalan_spot_list,,,,https://www.jalan.net/yad333628/,469,,,,,,3.8 469件 清潔感、夕食、接客 高評価 実際に宿泊した会員のクチコミ評価から、4点以上の項目を最大3つまで表示しております。 由布院の山中にある隠れ宿。 全10棟半露天風呂付の趣き異なる離れ客室をご用意 四季折々の風光明媚な景観と至極の時間をお楽しみください。 個室お食事処でお召し上がりいただけます。 【アクセス】 ◆由布院駅よりお車で7分程です。 尚送迎はございませんのでご了承下さいませ。 MAP,2026-06-29,湯富里の宿一壷天
由布院温泉 癒しの里 観布亭,由布院温泉 癒しの里 観布亭,include_onsen_signal,ryokan_or_inn,温泉 | 由布院,rakuten_area_list,,https://travel.rakuten.co.jp/HOTEL/56821/56821.html,259,,,,,,,,,2026-06-29,癒しの里観布亭
由布院温泉 由布岳一望の宿 美星〜きらら〜,由布院温泉 由布岳一望の宿 美星〜きらら〜,include_onsen_signal,ryokan_or_inn,温泉 | 由布院,rakuten_area_list,,https://travel.rakuten.co.jp/HOTEL/80661/80661.html,178,,,,,,,,,2026-06-29,由布岳一望の宿美星きらら
由布院温泉 旅館 しらたき,由布院温泉 旅館 しらたき,include_onsen_signal,ryokan_or_inn,温泉 | 露天 | 内湯 | 風呂 | 湯布院 | 由布院,jalan_spot_list,,,,https://www.jalan.net/yad383057/,50,,,,,,3.8 50件 接客 高評価 実際に宿泊した会員のクチコミ評価から、4点以上の項目を最大3つまで表示しております。 露天風呂と内湯があり温泉に浸かって和室でのんびり過ごしたい方にはおすすめ！夕食は付いてないが湯の坪通りに面しており散策にも便利でリピーターも多い。 【アクセス】 久大線由布院駅下車徒歩7分。湯布院ＩＣから車で10分 MAP,2026-06-29,しらたき
由布院温泉 旅館 ほたるの宿 仙洞,由布院温泉 旅館 ほたるの宿 仙洞,include_onsen_signal,ryokan_or_inn,温泉 | 由布院,rakuten_area_list,,https://travel.rakuten.co.jp/HOTEL/41834/41834.html,845,,,,,,,,,2026-06-29,ほたるの宿仙洞
由布院温泉 旅館光の家,由布院温泉 旅館光の家 | 由布院温泉 旅館 光の家,include_onsen_signal,ryokan_or_inn,温泉 | 湯布院 | 由布院,rakuten_area_list | jalan_spot_list,,https://travel.rakuten.co.jp/HOTEL/14835/14835.html,120,https://www.jalan.net/yad353198/,,,,,,,辻馬車が目の前を通り、蹄音が心地よく響く。旅館という枠に問わられず、古道具屋、古着屋、図書室、茶室を備える。ポップアップ、ワークショップ、音楽ライブ、トークイベント開催。 【アクセス】 JR由布院駅より車で6分、湯布院インターより車で12分。（駅から鳥居を抜け宇奈岐日女神社の手前を左折。） MAP,2026-06-29,光の家
由布院温泉 蓮輪ＩＮＮ,由布院温泉 蓮輪ＩＮＮ | 由布院温泉 蓮輪INN,include_official_association,unknown_lodging,温泉 | 貸切 | 風呂 | 湯布院 | 由布院,official_ryokan_association | jalan_spot_list,http://hasuwa.web.fc2.com/index.html,,,https://www.jalan.net/yad373325/,188,和5,内2・家2（露）,unknown,official_association_claim,official_association_claim,4.4 188件 風呂、夕食、朝食 高評価 実際に宿泊した会員のクチコミ評価から、4点以上の項目を最大3つまで表示しております。 落ち着いた和室の客室からは雄大な由布岳を眺め、4つの貸切風呂はご予約なしで利用可♪コンビニや飲食店からも便利な立地なので、一人旅や家族旅行にもおすすめ。昔ながらの落ち着く小さなお宿です。 【アクセス】 JR由布院駅より徒歩8分、車で3分。湯布院ICより車で15分。 MAP,2026-06-29,蓮輪inn
由布院温泉 和の宿 狭霧亭,由布院温泉 和の宿 狭霧亭,include_onsen_signal,ryokan_or_inn,温泉 | 由布院,rakuten_area_list,,https://travel.rakuten.co.jp/HOTEL/41835/41835.html,436,,,,,,,,,2026-06-29,和の宿狭霧亭
由布院温泉グランピング 風の響き,由布院温泉グランピング 風の響き,include_onsen_signal,villa_pension_guesthouse,温泉 | 源泉 | かけ流し | 湯布院 | 由布院,jalan_spot_list,,,,https://www.jalan.net/yad301578/,,,,,,,大自然に囲まれた秘境の地で、源泉かけ流しのプライベート温泉に癒される 「かぜのひびきひろば」をはじめ、大人も子供も楽しめる要素が満載！ 徒歩圏内に「金鱗湖」や「湯の坪街道」もあります。 【アクセス】 JR由布院駅から車で7分。湯布院インターチェンジから車で12分。金鱗湖まで車5で分。 MAP,2026-06-29,グランピング風の響き
由布院倶楽部,由布院倶楽部,include_onsen_signal,onsen_hotel_or_resort,源泉 | 露天 | 風呂 | 湯布院 | 由布院,rakuten_area_list | jalan_spot_list,,https://travel.rakuten.co.jp/HOTEL/184560/184560.html,291,https://www.jalan.net/yad308342/,142,,,,,,4.2 142件 夕食、接客、風呂 高評価 実際に宿泊した会員のクチコミ評価から、4点以上の項目を最大3つまで表示しております。 客室は40㎡と広々♪由布岳一望の露天風呂で自家源泉を愉しめて一年中遊べる温水プールあり♪由布院駅から徒歩5分人気観光地“湯の坪通り”まで徒歩5分と最適な立地♪チェックアウトは11時なのでゆっくりと♪ 【アクセス】 JR由布院駅より徒歩5分／湯布院ICより車で10分／大分市内より車で1時間、福岡市内より車で１時間40分 MAP,2026-06-29,倶楽部
由布院迎賓館 蔵,由布院迎賓館 蔵,include_onsen_signal,unknown_lodging,温泉 | 湯布院 | 由布院,jalan_spot_list,,,,https://www.jalan.net/yad358184/,,,,,,,豊かな自然の中で、ごゆっくりできる3階建ての別荘！ 温泉、サウナ、カラオケ、駐車場有り。 最大7名様までご宿泊可能！JR由布院駅より車で10分、湯の坪街道まで車で7分。 【アクセス】 湯布院ICから車で10分、JR由布院駅より車で7分、湯の坪街道まで車で5分。 MAP,2026-06-29,迎賓館蔵
由布院迎賓館 鳥越別邸,由布院迎賓館 鳥越別邸,include_onsen_signal,unknown_lodging,源泉 | かけ流し | 由布院,jalan_spot_list,,,,https://www.jalan.net/yad340860/,,,,,,,【新規開業】最大10名様までご宿泊可能の豪邸！JR由布院駅より車で10分！ 源泉かけ流し、キッチン、カラオケ、駐車場有り。 豊かな自然の中で、日常を離れた贅沢なひとときをご提供 【アクセス】 JR由布院駅より車で10分、湯の坪街道まで車で5分。 MAP,2026-06-29,迎賓館鳥越別邸
由布院心のお宿 風の森,由布院心のお宿 風の森,include_official_association,ryokan_or_inn,露天 | 内湯 | 由布院,official_ryokan_association,http://www.e-kazenomori.com/,,,,,離8（和・全室内湯・露天付）,内2・露2,all_or_many_rooms,official_association_claim,unknown,,2026-06-29,心のお宿風の森
由布院別邸 樹,由布院別邸 樹,include_official_association,unknown_lodging,風呂 | 由布院,official_ryokan_association | rakuten_area_list | jalan_spot_list,http://bettei-itsuki.jp/,https://travel.rakuten.co.jp/HOTEL/144474/144474.html,335,https://www.jalan.net/yad334203/,152,離14（和洋・全室風呂付）,全室風呂付,all_or_many_rooms,unknown,unknown,4.7 152件 夕食、朝食、接客 高評価 実際に宿泊した会員のクチコミ評価から、4点以上の項目を最大3つまで表示しております。 雄大な由布岳麓で、日常を離れ、時を忘れ、ゆるりと流れる贅沢な時間を「由布院別邸 樹」でお楽しみください。 【アクセス】 JR由布院駅より徒歩約20分 送迎サービスもございます。 MAP,2026-06-29,別邸樹
由布岳を身近に感じる -柚富の郷 彩岳館-,由布岳を身近に感じる -柚富の郷 彩岳館-,include_onsen_signal,unknown_lodging,温泉 | 露天 | 貸切 | 風呂 | 湯布院 | 由布院,jalan_spot_list,,,,https://www.jalan.net/yad334081/,,,,,,,今までの彩岳館の良さを残しながら自然、歴史、文化を融合した滞在を目指しより楽しめるように施設をリニューアルいたしました！客室露天風呂や貸切温泉など楽しめる要素を数多く揃えお出迎えします☆ 【アクセス】 JR由布院駅から車で５分。 大分自動車道湯布院I.Cから車で13分。 MAP,2026-06-29,由布岳を身近に感じる柚富の郷彩岳館
由布岳一望 朝霧のみえる宿 ゆふいん花由,由布岳一望 朝霧のみえる宿 ゆふいん花由,needs_manual_review,ryokan_or_inn,風呂 | 湯布院 | 由布院,jalan_spot_list,,,,https://www.jalan.net/yad321273/,"2,517",,,,,,"4.7 2,517件 部屋、風呂、夕食 高評価 実際に宿泊した会員のクチコミ評価から、4点以上の項目を最大3つまで表示しております。 ロビーから大パノラマで見える「朝霧」はゆふいん花由を訪れたら見ていただきたい自慢の光景。 【重要】駐車場・フロント・電話対応の一時休止のお知らせ（イチオシ紹介に詳細） 【アクセス】 大分自動車道湯布院ＩＣより車で３分。ＪＲ由布院駅よりタクシーで８分程です。送迎もございます。 MAP",2026-06-29,由布岳一望朝霧のみえる宿ゆふいん花由
由布岳一望の宿 美星,由布岳一望の宿 美星,include_official_association,ryokan_or_inn,温泉 | 源泉 | かけ流し | 露天 | 風呂 | 湯布院 | 由布院,official_ryokan_association | jalan_spot_list,https://kirara-yufuin.jp/,,,https://www.jalan.net/yad393248/,,離2 和洋7,各部屋にあり,all_or_many_rooms,unknown,official_association_claim,～客室すべて源泉かけ流しの半露天風呂付き～客室温泉からは由布岳の望みます。 おおいた和牛や関さばなど大分を代表する食材と、自社農園のとれたて野菜を使った季節の会席料理をお楽しみください。 【アクセス】 由布院駅から車で5分(送迎アリ：予約制) 湯布院インターから617号線経由15分 MAP,2026-06-29,由布岳一望の宿美星
旅の宿 ぽっぽ庵,旅の宿 ぽっぽ庵,include_official_association,ryokan_or_inn,温泉 | 源泉 | かけ流し | 露天 | 内湯 | 貸切 | 風呂 | 湯布院 | 由布院,official_ryokan_association | jalan_spot_list,http://www.poppoan.com/,,,https://www.jalan.net/yad316662/,707,和1・離4（半露天付）,家2（露天付）,all_or_many_rooms,unknown,official_association_claim,4.6 707件 風呂、朝食、夕食 高評価 実際に宿泊した会員のクチコミ評価から、4点以上の項目を最大3つまで表示しております。 湯布院盆地の田園を見渡せる場所にある静かな宿。全6室のうち4室は離れ形式になっていて半露天温泉付。他に内湯、露天の貸切風呂もあり良質な源泉かけ流し100%のお湯はお肌がスベスベと評判のアルカリ温泉。 【アクセス】 由布院駅よりタクシー３分。大分自動車道由布院ICから車で８分 MAP,2026-06-29,旅の宿ぽっぽ庵
旅館 はちすの糸,旅館 はちすの糸,include_onsen_signal,ryokan_or_inn,温泉 | 源泉 | 露天 | 風呂 | 湯布院 | 由布院,jalan_spot_list,,,,https://www.jalan.net/yad304265/,,,,,,,由布岳を一望できる露天風呂、温泉は化粧水のようなトロリとした感触の源泉。 お料理は地元の食材を活かした逸品。 湯布院の自然と調和。静寂と贅沢を兼ね備えた当館で特別な時間をお過ごしください。 【アクセス】 【JR由布院駅より】徒歩１５分、車で５分 【湯布院インターより】車で５分 【大分空港より】車で６０分 MAP,2026-06-29,はちすの糸
旅館 めばえ荘,旅館 めばえ荘 | 由布院温泉 旅館 めばえ荘,include_official_association,ryokan_or_inn,温泉 | 源泉 | 掛け流し | 風呂 | 由布院,official_ryokan_association | jalan_spot_list,http://mebaeso.com/,,,https://www.jalan.net/yad328491/,,和12・離6（離・和・風呂付4）,内2・露2・家2（露）,some_rooms,official_association_claim,official_association_claim,眺めのいいお部屋は、ゆったりした造り。閑静な田園風景に佇む温泉宿。源泉掛け流しの温泉を心ゆくまでお楽しみ下さいませ。 【アクセス】 JR由布院駅よりお車で5分。徒歩20分（駅前送迎あり） MAP,2026-06-29,めばえ荘
旅館 ゆふ,旅館 ゆふ,include_onsen_signal,ryokan_or_inn,露天 | 風呂 | 由布院,jalan_spot_list,,,,https://www.jalan.net/yad323051/,,,,,,,当館には、露天風呂が2か所あり由布岳が見えます。 【アクセス】 JR九州 久大線 由布院駅徒歩4分 高速道路大分道 由布院ICより5分 MAP,2026-06-29,ゆふ
旅館 弘法亭（夢想園内）,旅館 弘法亭（夢想園内）,include_official_association,ryokan_or_inn,,official_ryokan_association,http://www.musouen.co.jp/yado/,,,,,和19・和洋1,露3・家4,unknown,official_association_claim,official_association_claim,,2026-06-29,弘法亭夢想園内
旅館 高尾荘,旅館 高尾荘,include_onsen_signal,ryokan_or_inn,温泉 | 露天 | 内湯 | 貸切 | 風呂 | 由布院,jalan_spot_list,,,,https://www.jalan.net/yad300808/,449,,,,,,5.0 449件 夕食、接客、清潔感 高評価 実際に宿泊した会員のクチコミ評価から、4点以上の項目を最大3つまで表示しております。 露天風呂・ひのき風呂（内湯）を貸切で満喫できます。お料理は手作りの山里料理。春は新緑、初夏は蛍、秋は紅葉、冬は雪景色、四季折々の景色を部屋から楽しめる 昔ながらの温泉宿です＜全室禁煙・Wi-Fi有＞ 【アクセス】 ・ＪＲ湯平駅下車 タクシーで10分 ・ＪＲ由布院駅より 車で２０分 MAP,2026-06-29,高尾荘
旅館 上の湯,旅館 上の湯,include_official_association,ryokan_or_inn,,official_ryokan_association,http://jyounoyu.com,,,,,和10・和洋1,内１・露２・展望露１,unknown,official_association_claim,unknown,,2026-06-29,上の湯
旅館 都屋,旅館 都屋,include_onsen_signal,ryokan_or_inn,温泉 | 湯布院,jalan_spot_list,,,,https://www.jalan.net/yad312533/,664,,,,,,4.8 664件 夕食、接客、朝食 高評価 実際に宿泊した会員のクチコミ評価から、4点以上の項目を最大3つまで表示しております。 温泉情緒漂う湯平温泉の石畳沿いにあるこじんまり宿。３代目女将が「お腹をすかしてきてね。」というくらい手つくり料理には自信あり！品数も、ボリュームも文句なし。 【アクセス】 大分自動車道湯布院ICより国道210号線を大分市内方面へ車で15分。湯平駅より車で3分。 MAP,2026-06-29,都屋
旅館 白雲荘,旅館 白雲荘,include_onsen_signal,ryokan_or_inn,温泉 | 貸切 | 湯布院,jalan_spot_list,,,,https://www.jalan.net/yad378960/,223,,,,,,4.8 223件 夕食、朝食、清潔感 高評価 実際に宿泊した会員のクチコミ評価から、4点以上の項目を最大3つまで表示しております。 家族経営の気兼ねなく泊まれる、和の雰囲気漂う小さな温泉宿です。クチコミで評判の料理は地元食材を使った里山料理。温泉は無料の貸切湯をご利用ください。談話室にて無料の珈琲もご用意しております。 【アクセス】 大分自動車道湯布院ICより約20分 MAP,2026-06-29,白雲荘
旅館 百合,旅館 百合,include_official_association,ryokan_or_inn,貸切 | 風呂 | 湯布院 | 由布院,official_ryokan_association | jalan_spot_list,http://ryokan-yuri.com/,,,https://www.jalan.net/yad308398/,,和9（風呂付2）,家2・露2（男女交替制）,some_rooms,official_association_claim,official_association_claim,駅から徒歩５分、全室川に面し、川越しに四季折々の景色が楽しめます！ 今なら貸切風呂が入り放題♪湯布院屈指の老舗料理店とのコラボも実施しています♪ この機会に湯布院の魅力を満喫しに来てください☆ 【アクセス】 由布院ICより車で約１０分 JR由布院駅より徒歩約６分 MAP,2026-06-29,百合
旅館 冨季の舎,旅館 冨季の舎 | 由布院温泉 旅館 冨季の舎,include_official_association,ryokan_or_inn,温泉 | 源泉 | 掛け流し | 露天 | 内湯 | 風呂 | 湯布院 | 由布院,official_ryokan_association | jalan_spot_list,http://www.fukinoya.com/,,,https://www.jalan.net/yad324644/,,和7・和洋3（離あり・全室内湯付）,内2・家3（露）,some_rooms,official_association_claim,official_association_claim,地元の旬を味わうお食事に、上質な由布院温泉を源泉掛け流しで堪能できるお風呂。 広さの異なる2タイプの本館客室とグループでのご利用に最適な広さの露天風呂付きの離れ客室。由布岳を望む癒しの時間を。 【アクセス】 由布院駅下車タクシーで5分、湯布院ICやまなみハイウェイ由布院駅方面車で10分 MAP,2026-06-29,冨季の舎
旅館たつみ,旅館たつみ,include_onsen_signal,ryokan_or_inn,温泉 | 源泉 | 掛け流し | 湯布院 | 由布院,jalan_spot_list,,,,https://www.jalan.net/yad337050/,,,,,,,湯の坪通りまで徒歩３分で観光に最適♪源泉掛け流しの温泉。 由布院駅から徒歩5分と好立地。６月には当館前の川でホタルが見えることも♪ 【アクセス】 電車→ＪＲ由布院駅より徒歩約5分 / 最寄IC→湯布院IC MAP,2026-06-29,たつみ
旅館まるや,旅館まるや,include_onsen_signal,ryokan_or_inn,貸切 | 風呂 | 湯布院,jalan_spot_list,,,,https://www.jalan.net/yad326541/,493,,,,,,4.5 493件 夕食、風呂、朝食 高評価 実際に宿泊した会員のクチコミ評価から、4点以上の項目を最大3つまで表示しております。 5代目社長が作る旬の地元野菜や豊後牛からなる会席料理は出汁をひくところからはじまる。また朝・夕ともにお部屋食でゆっくりといただけ、2つの貸切風呂を好きなだけつかえるのも魅力の1つ。 【アクセス】 高速大分道湯布院ICより車で２０分。 MAP,2026-06-29,まるや
旅想ゆふいん やまだ屋,旅想ゆふいん やまだ屋,include_official_association,unknown_lodging,露天 | 内湯 | 湯布院,official_ryokan_association | jalan_spot_list,http://www.yufuin-yamadaya.com,,,https://www.jalan.net/yad303690/,503,和14（内湯付1・露天付6）,内2・露2・家2（内1・露1）,all_or_many_rooms,official_association_claim,official_association_claim,4.9 503件 夕食、接客、清潔感 高評価 実際に宿泊した会員のクチコミ評価から、4点以上の項目を最大3つまで表示しております。 料理宿として「素材に一切の妥協なし」と見て美しい食べて美味しい季節のお料理に舌鼓。和の趣溢れる寛ぎ空間で湯巡り、湯布院散策にベストな立地で心に残る湯布院旅を演出。 【アクセス】 JR 湯布院駅より徒歩10分 湯布院ICより車で10分 大分空港より1時間（有料道路及び高速道路を使用） MAP,2026-06-29,旅想ゆふいんやまだ屋
旅荘 牧場の家,旅荘 牧場の家,include_official_association,ryokan_or_inn,,official_ryokan_association,https://ryosoumakibanoie.com/,,,,,離12（和）,露2・家７,unknown,official_association_claim,official_association_claim,,2026-06-29,旅荘牧場の家
旅亭 田乃倉,旅亭 田乃倉,include_official_association,ryokan_or_inn,露天 | 風呂,official_ryokan_association,http://www.yufuin-tanokura.com/,,,,,和9・和洋1・離1（全室風呂付・露天5）,内2・露2,all_or_many_rooms,official_association_claim,unknown,,2026-06-29,田乃倉
旅籠Hatago 香乃蔵,旅籠Hatago 香乃蔵,include_official_association,unknown_lodging,露天,official_ryokan_association,http://www.hatago-kounokura.com/,,,,,離8（和6・和洋2・全室露天付）,内2・露2（バリアフリー対応1）,all_or_many_rooms,official_association_claim,unknown,,2026-06-29,旅籠hatago香乃蔵
露天風呂付き客室 湯布院 御宿 八遇來（おんじゅく やぐら）,露天風呂付き客室 湯布院 御宿 八遇來（おんじゅく やぐら）,include_onsen_signal,ryokan_or_inn,露天 | 風呂 | 湯布院 | 由布院,jalan_spot_list,,,,https://www.jalan.net/yad331808/,209,,,,,,4.6 209件 夕食、接客、朝食 高評価 実際に宿泊した会員のクチコミ評価から、4点以上の項目を最大3つまで表示しております。 特撰和牛や地鶏の炭火焼・手造り豆腐など、旬の素材をアレンジした創作料理は、体にも優しくホッと寛げる。全室には掛流しの露天風呂付で、他のお客様との接触はご心配なし！湯布院ならではの贅沢をご堪能！ 【アクセス】 大分自動車道湯布院ICより車で10分。由布院駅より車で５分。 MAP,2026-06-29,露天風呂付き客室湯布院御宿八遇來おんじゅくやぐら
和の宿 狭霧亭（さぎりてい）,和の宿 狭霧亭（さぎりてい）,include_onsen_signal,ryokan_or_inn,温泉 | 湯布院,jalan_spot_list,,,,https://www.jalan.net/yad315568/,"1,309",,,,,,"4.3 1,309件 夕食、朝食、接客 高評価 実際に宿泊した会員のクチコミ評価から、4点以上の項目を最大3つまで表示しております。 チェックアウトはゆとりの12時。 四季折々に表情を変える庭園と落ち着いた和の空間。温泉はとろみのある美肌の湯、湯上りには無料の生ビールやアイスも楽しめます。 【アクセス】 湯布院駅より車で５分。湯布院ＩＣより車で１５分。 MAP",2026-06-29,和の宿狭霧亭さぎりてい
和モダンな温泉旅館 湯布院らんぷの宿,和モダンな温泉旅館 湯布院らんぷの宿,include_onsen_signal,ryokan_or_inn,温泉 | 湯布院,jalan_spot_list,,,,https://www.jalan.net/yad375414/,5,,,,,,4.0 5件 接客、清潔感、部屋 高評価 実際に宿泊した会員のクチコミ評価から、4点以上の項目を最大3つまで表示しております。 伝統的な会席料理を提供する高級旅館ではなく、カジュアルなコース料理を楽しめる現代的な和風の温泉宿です。 温かく居心地の良い雰囲気の中で、大切なペットと一緒にゆったりとお寛ぎくださいませ。 【アクセス】 車 湯布院ICより5分 JR湯布院駅バスセンターより徒歩4分 MAP,2026-06-29,和モダンな温泉旅館湯布院らんぷの宿
和モダンな温泉旅館 湯布院旅の蔵,和モダンな温泉旅館 湯布院旅の蔵,include_onsen_signal,ryokan_or_inn,温泉 | 源泉 | かけ流し | 湯布院 | 由布院,jalan_spot_list,,,,https://www.jalan.net/yad302529/,,,,,,,源泉100%かけ流しの天然温泉。ホテル内にたくさんの見どころとフリーキッチンがあり、家族、仲間や女子旅で楽しく泊まれる宿です。金鱗湖や湯の坪通りまで徒歩圏 【アクセス】 ■湯布院I.Cから車で約10分。JR由布院駅からタクシーで約5分、徒歩約15分。金鱗湖まで徒歩１０分です。 MAP,2026-06-29,和モダンな温泉旅館湯布院旅の蔵
和風旅館 津江の庄,和風旅館 津江の庄,include_official_association,ryokan_or_inn,風呂,official_ryokan_association,https://tsuenosho.com/,,,,,和7・離1（檜風呂付）,内2・露2,some_rooms,official_association_claim,unknown,,2026-06-29,津江の庄