slug,display_name_ko,region_group,changed,forbidden_terms,before_summary,after_summary,before_primary_bath,after_primary_bath,before_operation_notes,after_operation_notes,evidence_note
jozankei-chalet-ivy,샬레 아이비 조잔케이,hokkaido,false,,"조잔케이의 소형 럭셔리 숙소입니다. 객실 내 프라이빗탕과 조용한 서비스 경험을 중심으로 보는 곳이라, 큰 대욕장보다 개인 온천 체류를 중시할 때 잘 맞습니다.","조잔케이의 소형 럭셔리 숙소입니다. 객실 내 프라이빗탕과 조용한 서비스 경험을 중심으로 보는 곳이라, 큰 대욕장보다 개인 온천 체류를 중시할 때 잘 맞습니다.",객실 내 프라이빗탕 중심,객실 내 프라이빗탕 중심,"객실 내 프라이빗탕 중심 고급 숙소입니다,객실 구조 확인을 권장합니다","객실 내 프라이빗탕 중심 고급 숙소입니다,객실 구조 확인을 권장합니다","직접 읽은 후기 312건, 온천 관련 103건, 본문 확인 플랫폼 12개"
jozankei-grand-blissen,그랜드 블리센 호텔 조잔케이,hokkaido,true,,"조잔케이의 신식 호텔형 온천 숙소입니다. 객실 내 프라이빗탕과 공용 대욕장을 함께 볼 수 있어, 방 안의 편안함과 큰 탕의 여유를 나눠 비교하기 좋습니다.","조잔케이의 신식 호텔형 온천 숙소입니다. 객실 내 프라이빗탕과 공용 대욕장을 함께 볼 수 있어, 방 안의 편안함과 큰 탕의 여유를 나눠 비교하기 좋습니다.",객실 내 프라이빗탕 + 공용 대욕장,객실 내 프라이빗탕 + 공용 대욕장,"객실 타입별 욕장 구성 확인이 필요합니다,공용 온천 동선 함께 확인합니다","객실 타입별 욕장 구성 확인이 필요합니다,공용 온천 동선을 함께 확인합니다","직접 읽은 후기 305건, 온천 관련 216건, 본문 확인 플랫폼 3개"
jozankei-suizantei,조잔케이 다이이치 호텔 스이잔테이,hokkaido,false,,"조잔케이의 전통 료칸형 숙소입니다. 객실 내 프라이빗탕, 대욕장, 대절탕을 함께 볼 수 있어 욕장별 이용 조건을 나눠 확인하는 편이 좋습니다.","조잔케이의 전통 료칸형 숙소입니다. 객실 내 프라이빗탕, 대욕장, 대절탕을 함께 볼 수 있어 욕장별 이용 조건을 나눠 확인하는 편이 좋습니다.",객실 내 프라이빗탕 + 대욕장/대절탕,객실 내 프라이빗탕 + 대욕장/대절탕,"객실 타입별 욕장 구성 확인이 필요합니다,대절탕 운영 조건 확인이 필요합니다","객실 타입별 욕장 구성 확인이 필요합니다,대절탕 운영 조건 확인이 필요합니다","직접 읽은 후기 313건, 온천 관련 199건, 본문 확인 플랫폼 9개"
noboribetsu-bourou-noguchi,보로 노구치 노보리베츠,hokkaido,true,,노보리베츠에서 객실 내 프라이빗탕과 조용한 성인형 체류를 기대하는 숙소입니다. 큰 대욕장보다 객실 단위의 프라이빗한 온천 시간을 중시할 때 어울립니다.,노보리베츠에서 객실 내 프라이빗탕과 조용한 성인형 체류를 기대하는 숙소입니다. 큰 대욕장보다 객실 단위의 프라이빗한 온천 시간을 중시할 때 어울립니다.,객실 내 프라이빗탕 중심,객실 내 프라이빗탕 중심,"객실 타입별 욕장 구성 확인이 필요합니다,고가 숙소 기대치 확인합니다","객실 타입별 욕장 구성 확인이 필요합니다,고가 숙소 기대치를 확인합니다","직접 읽은 후기 368건, 온천 관련 247건, 본문 확인 플랫폼 11개"
noboribetsu-daiichi-takimotokan,다이이치 타키모토칸,hokkaido,false,,노보리베츠를 대표하는 대형 대욕장형 숙소입니다. 여러 종류의 탕을 한곳에서 즐기고 싶은 여행자에게 잘 맞습니다.,노보리베츠를 대표하는 대형 대욕장형 숙소입니다. 여러 종류의 탕을 한곳에서 즐기고 싶은 여행자에게 잘 맞습니다.,대형 대욕장/탕 다양성 중심,대형 대욕장/탕 다양성 중심,"대형 온천시설 중심입니다,혼잡과 이동 동선 확인을 권장합니다","대형 온천시설 중심입니다,혼잡과 이동 동선 확인을 권장합니다","직접 읽은 후기 300건, 온천 관련 189건, 본문 확인 플랫폼 8개"
noboribetsu-grand,노보리베츠 그랜드 호텔,hokkaido,false,,"노보리베츠의 대형 온천호텔입니다. 객실 내 프라이빗탕보다 대욕장, 노천탕, 사우나형 시설을 중심으로 보는 숙소에 가깝습니다.","노보리베츠의 대형 온천호텔입니다. 객실 내 프라이빗탕보다 대욕장, 노천탕, 사우나형 시설을 중심으로 보는 숙소에 가깝습니다.",대욕장/사우나형 온천 중심,대욕장/사우나형 온천 중심,"공용 온천 시설 중심입니다,혼잡 시간대 확인을 권장합니다","공용 온천 시설 중심입니다,혼잡 시간대 확인을 권장합니다","직접 읽은 후기 324건, 온천 관련 200건, 본문 확인 플랫폼 8개"
noboribetsu-hanayura,료테이 하나유라,hokkaido,false,,노보리베츠에서 객실 노천탕과 료칸형 접객을 함께 기대하는 숙소입니다. 대형 호텔보다 객실 내 프라이빗탕이 있는 조용한 료칸에 가깝게 보는 편이 좋습니다.,노보리베츠에서 객실 노천탕과 료칸형 접객을 함께 기대하는 숙소입니다. 대형 호텔보다 객실 내 프라이빗탕이 있는 조용한 료칸에 가깝게 보는 편이 좋습니다.,객실 노천탕 중심,객실 노천탕 중심,"객실 타입별 욕장 구성 확인이 필요합니다,계절에 따라 벌레나 온도 체감 차이 가능합니다","객실 타입별 욕장 구성 확인이 필요합니다,계절에 따라 벌레나 온도 체감 차이 가능합니다","직접 읽은 후기 306건, 온천 관련 211건, 본문 확인 플랫폼 8개"
noboribetsu-mahoroba,호텔 마호로바,hokkaido,false,,"노보리베츠의 대형 온천호텔로, 다양한 탕과 대욕장 경험이 핵심입니다. 후기에서는 온천 규모에 대한 만족과 함께 혼잡·시설 연식 신호도 반복되어, 대욕장형 숙소로 기대치를 잡는 편이 적합합니다.","노보리베츠의 대형 온천호텔로, 다양한 탕과 대욕장 경험이 핵심입니다. 후기에서는 온천 규모에 대한 만족과 함께 혼잡·시설 연식 신호도 반복되어, 대욕장형 숙소로 기대치를 잡는 편이 적합합니다.",대욕장/탕 다양성 중심,대욕장/탕 다양성 중심,"혼잡 신호가 있습니다,대형 온천호텔형으로 안내합니다,예약/객실타입 혼동 신호가 있습니다,온천감 약함 신호가 일부 있습니다","혼잡 신호가 있습니다,대형 온천호텔형으로 안내합니다,예약/객실타입 혼동 신호가 있습니다,온천감 약함 신호가 일부 있습니다","직접 읽은 후기 330건, 온천 관련 216건, 본문 확인 플랫폼 8개"
noboribetsu-manseikaku,노보리베츠 만세이카쿠,hokkaido,false,,"노보리베츠에서 접근성이 좋은 대형 온천호텔입니다. 대욕장과 온천 수질을 기대하기 좋지만, 시설 연식과 혼잡감도 함께 확인하는 편이 좋습니다.","노보리베츠에서 접근성이 좋은 대형 온천호텔입니다. 대욕장과 온천 수질을 기대하기 좋지만, 시설 연식과 혼잡감도 함께 확인하는 편이 좋습니다.",실속형 대욕장 중심,실속형 대욕장 중심,"대욕장 중심 숙소입니다,시설 연식과 혼잡감 확인을 권장합니다","대욕장 중심 숙소입니다,시설 연식과 혼잡감 확인을 권장합니다","직접 읽은 후기 351건, 온천 관련 228건, 본문 확인 플랫폼 7개"
noboribetsu-takinoya,노보리베츠 타키노야,hokkaido,false,,노보리베츠에서 조용한 료칸 체류와 객실 노천탕을 기대할 때 보기 좋은 숙소입니다. 객실 타입에 따라 욕장 구성이 달라질 수 있어 예약 조건 확인이 중요합니다.,노보리베츠에서 조용한 료칸 체류와 객실 노천탕을 기대할 때 보기 좋은 숙소입니다. 객실 타입에 따라 욕장 구성이 달라질 수 있어 예약 조건 확인이 중요합니다.,객실 노천탕 중심,객실 노천탕 중심,"객실 타입별 노천탕 여부 확인이 필요합니다,조용한 료칸형 체류","객실 타입별 노천탕 여부 확인이 필요합니다,조용한 료칸형 체류","직접 읽은 후기 312건, 온천 관련 184건, 본문 확인 플랫폼 4개"
tokachigawa-seijakubou,도카치가와 온천 세이자쿠보,hokkaido,false,,도카치가와 몰온천을 객실 노천탕으로 조용히 즐기는 고급 숙소입니다. 대욕장보다 방 안에서 온천을 오래 쓰고 싶은 여행자에게 잘 맞습니다.,도카치가와 몰온천을 객실 노천탕으로 조용히 즐기는 고급 숙소입니다. 대욕장보다 방 안에서 온천을 오래 쓰고 싶은 여행자에게 잘 맞습니다.,전 객실 몰온천 노천탕 중심,전 객실 몰온천 노천탕 중심,"객실 내 프라이빗탕 중심 숙소입니다,몰온천 수질을 기대할 수 있습니다","객실 내 프라이빗탕 중심 숙소입니다,몰온천 수질을 기대할 수 있습니다","직접 읽은 후기 380건, 온천 관련 300건, 본문 확인 플랫폼 8개"
toyako-lake-suite-konosisu,더 레이크 스위트 고노스미카,hokkaido,false,,"도야호 전망과 온천을 함께 기대하는 리조트형 숙소입니다. 객실 노천탕과 전망 대욕장을 나눠 볼 수 있어, 날씨와 객실 타입을 함께 확인하는 편이 좋습니다.","도야호 전망과 온천을 함께 기대하는 리조트형 숙소입니다. 객실 노천탕과 전망 대욕장을 나눠 볼 수 있어, 날씨와 객실 타입을 함께 확인하는 편이 좋습니다.",객실 노천탕 + 전망 대욕장,객실 노천탕 + 전망 대욕장,"객실 타입별 노천탕 여부 확인이 필요합니다,전망은 날씨 영향이 있습니다","객실 타입별 노천탕 여부 확인이 필요합니다,전망은 날씨 영향이 있습니다","직접 읽은 후기 308건, 온천 관련 255건, 본문 확인 플랫폼 7개"
yunokawa-hanabishi,하코다테 유노카와 온천 하나비시 호텔,hokkaido,false,,하코다테 유노카와의 대욕장 중심 온천호텔입니다. 객실 내 프라이빗탕보다 공용 대욕장과 온천호텔 체류감을 먼저 보는 숙소에 가깝습니다.,하코다테 유노카와의 대욕장 중심 온천호텔입니다. 객실 내 프라이빗탕보다 공용 대욕장과 온천호텔 체류감을 먼저 보는 숙소에 가깝습니다.,대욕장 중심,대욕장 중심,"대욕장 중심 호텔입니다,객실 내 프라이빗탕은 객실 타입별 확인이 필요합니다","대욕장 중심 호텔입니다,객실 내 프라이빗탕은 객실 타입별 확인이 필요합니다","직접 읽은 후기 310건, 온천 관련 168건, 본문 확인 플랫폼 3개"
yunokawa-heiseikan-hanatsuki,헤이세이칸 시오사이테이 별관 하나츠키,hokkaido,false,,유노카와 해안가에서 객실 노천탕과 바다 전망을 함께 기대하는 별관형 숙소입니다. 대욕장보다 객실에서 조용히 온천을 쓰는 경험을 앞세워 볼 만합니다.,유노카와 해안가에서 객실 노천탕과 바다 전망을 함께 기대하는 별관형 숙소입니다. 대욕장보다 객실에서 조용히 온천을 쓰는 경험을 앞세워 볼 만합니다.,바다 전망 객실 노천탕 중심,바다 전망 객실 노천탕 중심,"객실 전망/욕장 타입 확인이 필요합니다,온도 체감 차이 확인을 권장합니다","객실 전망/욕장 타입 확인이 필요합니다,온도 체감 차이 확인을 권장합니다","직접 읽은 후기 300건, 온천 관련 246건, 본문 확인 플랫폼 6개"
yunokawa-heiseikan-shiosaitei,헤이세이칸 시오사이테이,hokkaido,false,,"유노카와의 바다 전망 호텔형 온천 숙소입니다. 일부 객실 노천탕과 공용 온천을 함께 볼 수 있어, 객실 내 프라이빗탕과 대욕장을 나눠 확인하는 편이 좋습니다.","유노카와의 바다 전망 호텔형 온천 숙소입니다. 일부 객실 노천탕과 공용 온천을 함께 볼 수 있어, 객실 내 프라이빗탕과 대욕장을 나눠 확인하는 편이 좋습니다.",객실 노천탕 + 공용 온천,객실 노천탕 + 공용 온천,"객실 타입별 노천탕 여부 확인이 필요합니다,숙소명 혼동 주의가 필요합니다","객실 타입별 노천탕 여부 확인이 필요합니다,숙소명 혼동 주의가 필요합니다","직접 읽은 후기 318건, 온천 관련 199건, 본문 확인 플랫폼 6개"
yunokawa-nagisatei,유노카와 프린스 호텔 나기사테이,hokkaido,true,,하코다테 유노카와에서 바다 전망 객실 노천탕으로 잘 알려진 숙소입니다. 객실에서 바다를 보며 온천을 쓰고 싶다면 객실 타입과 전망 조건을 먼저 확인하는 편이 좋습니다.,하코다테 유노카와에서 바다 전망 객실 노천탕으로 잘 알려진 숙소입니다. 객실에서 바다를 보며 온천을 쓰고 싶다면 객실 타입과 전망 조건을 먼저 확인하는 편이 좋습니다.,바다 전망 객실 노천탕 중심,바다 전망 객실 노천탕 중심,"객실 전망/타입 확인이 필요합니다,객실 배정 기대치 확인합니다","객실 전망/타입 확인이 필요합니다,객실 배정 기대치를 확인합니다","직접 읽은 후기 333건, 온천 관련 251건, 본문 확인 플랫폼 7개"
fujiyoshida-kaneyamaen,후지산온센 호텔 카네야마엔,kanto,false,,"후지산 전망과 대형 온천시설을 함께 기대하는 야마나시 대표 숙소입니다. 객실 내 프라이빗탕보다 정원, 전망, 공용 온천을 중심으로 보는 편이 좋습니다.","후지산 전망과 대형 온천시설을 함께 기대하는 야마나시 대표 숙소입니다. 객실 내 프라이빗탕보다 정원, 전망, 공용 온천을 중심으로 보는 편이 좋습니다.",대욕장/전망 온천 중심,대욕장/전망 온천 중심,"전망은 날씨 영향이 있습니다,대형 시설형 숙소입니다","전망은 날씨 영향이 있습니다,대형 시설형 숙소입니다","직접 읽은 후기 315건, 온천 관련 230건, 본문 확인 플랫폼 4개"
hakone-byakudan,하코네 고라 백단,kanto,false,,전 객실 노천탕을 앞세우는 하코네 고급 료칸형 숙소입니다. 객실에서 프라이빗하게 온천을 쓰고 싶은 여행자에게 잘 맞습니다.,전 객실 노천탕을 앞세우는 하코네 고급 료칸형 숙소입니다. 객실에서 프라이빗하게 온천을 쓰고 싶은 여행자에게 잘 맞습니다.,전 객실 노천탕 중심,전 객실 노천탕 중심,"객실 노천탕 중심입니다,계절에 따라 벌레나 냉감 확인을 권장합니다","객실 노천탕 중심입니다,계절에 따라 벌레나 냉감 확인을 권장합니다","직접 읽은 후기 342건, 온천 관련 234건, 본문 확인 플랫폼 4개"
hakone-fontainebleau,하코네 퐁텐블로 센고쿠테이,kanto,false,,오베르주형 숙박과 객실 노천탕을 함께 기대하는 하코네 숙소입니다. 대욕장보다 객실 안 온천과 식사 경험을 중심으로 보는 편이 좋습니다.,오베르주형 숙박과 객실 노천탕을 함께 기대하는 하코네 숙소입니다. 대욕장보다 객실 안 온천과 식사 경험을 중심으로 보는 편이 좋습니다.,전 객실 노천탕 중심,전 객실 노천탕 중심,"대욕장 부재 확인이 필요합니다,객실 노천탕 중심입니다","대욕장 부재 확인이 필요합니다,객실 노천탕 중심입니다","직접 읽은 후기 725건, 온천 관련 673건, 본문 확인 플랫폼 4개"
hakone-gen-gora,겐 하코네 고라,kanto,true,,"고라의 고급 숙소 계열로, 객실 단위의 프라이빗한 온천 체류를 기대할 때 보기 좋습니다. 대형 대욕장형 숙소보다 객실 내 프라이빗탕과 서비스 완성도를 함께 보는 쪽에 가깝습니다.","고라의 고급 숙소 계열로, 객실 단위의 프라이빗한 온천 체류를 기대할 때 보기 좋습니다. 대형 대욕장형 숙소보다 객실 내 프라이빗탕과 서비스 완성도를 함께 보는 쪽에 가깝습니다.",객실 내 프라이빗탕 중심,객실 내 프라이빗탕 중심,"객실 타입별 욕장 구성 확인이 필요합니다,가격 기대치 확인합니다","객실 타입별 욕장 구성 확인이 필요합니다,가격 기대치를 확인합니다","직접 읽은 후기 321건, 온천 관련 249건, 본문 확인 플랫폼 6개"
hakone-ginyu,하코네 긴유,kanto,true,,하코네에서 객실 노천탕과 전망형 체류감으로 잘 알려진 숙소입니다. 공용 온천보다 객실에서 조용히 온천을 쓰는 경험을 우선할 때 보기 좋습니다.,하코네에서 객실 노천탕과 전망형 체류감으로 잘 알려진 숙소입니다. 공용 온천보다 객실에서 조용히 온천을 쓰는 경험을 우선할 때 보기 좋습니다.,객실 노천탕 중심,객실 노천탕 중심,"객실별 전망/욕장 차이 확인이 필요합니다,고가 숙소 기대치 확인합니다","객실별 전망/욕장 차이 확인이 필요합니다,고가 숙소 기대치를 확인합니다","직접 읽은 후기 391건, 온천 관련 253건, 본문 확인 플랫폼 4개"
hakone-gora-kadan,고라 카단,kanto,false,,"고라 지역의 고급 료칸형 숙소입니다. 객실 내 프라이빗탕, 예약제 대절탕, 공용 대욕장을 함께 볼 수 있어 각 욕장의 이용 조건을 분리해 확인하는 편이 좋습니다.","고라 지역의 고급 료칸형 숙소입니다. 객실 내 프라이빗탕, 예약제 대절탕, 공용 대욕장을 함께 볼 수 있어 각 욕장의 이용 조건을 분리해 확인하는 편이 좋습니다.",객실 내 프라이빗탕 + 대절탕,객실 내 프라이빗탕 + 대절탕,"객실 타입별 온천 구성 확인이 필요합니다,대절탕은 객실 내 프라이빗탕과 별도로 확인합니다","객실 타입별 온천 구성 확인이 필요합니다,대절탕은 객실 내 프라이빗탕과 별도로 확인합니다","직접 읽은 후기 398건, 온천 관련 272건, 본문 확인 플랫폼 5개"
hakone-gora-karaku,하코네 고라 가라쿠,kanto,false,,"객실 노천탕, 전망 대욕장, 예약제 대절탕을 함께 볼 수 있는 하코네 숙소입니다. 하나의 온천 있음으로 보기보다 객실 내 프라이빗탕, 공용 온천, 대절탕을 나눠 확인하는 편이 좋습니다.","객실 노천탕, 전망 대욕장, 예약제 대절탕을 함께 볼 수 있는 하코네 숙소입니다. 하나의 온천 있음으로 보기보다 객실 내 프라이빗탕, 공용 온천, 대절탕을 나눠 확인하는 편이 좋습니다.",객실 노천탕 + 전망 대욕장,객실 노천탕 + 전망 대욕장,"대절탕 예약 조건 확인이 필요합니다,객실 내 프라이빗탕과 대절탕 구분이 필요합니다","대절탕 예약 조건 확인이 필요합니다,객실 내 프라이빗탕과 대절탕 구분이 필요합니다","직접 읽은 후기 372건, 온천 관련 234건, 본문 확인 플랫폼 4개"
hakone-kowakien-tenyu,하코네 코와키엔 텐유,kanto,false,,"하코네 고와키엔권의 대형 리조트형 온천 숙소입니다. 객실 노천탕과 공용 노천탕, 리조트 시설을 함께 즐기고 싶을 때 잘 맞습니다.","하코네 고와키엔권의 대형 리조트형 온천 숙소입니다. 객실 노천탕과 공용 노천탕, 리조트 시설을 함께 즐기고 싶을 때 잘 맞습니다.",객실 노천탕 + 리조트 대욕장,객실 노천탕 + 리조트 대욕장,"대형 리조트형 동선 확인합니다,객실 노천탕과 공용 온천 구분이 필요합니다","대형 리조트형 동선 확인합니다,객실 노천탕과 공용 온천 구분이 필요합니다","직접 읽은 후기 362건, 온천 관련 238건, 본문 확인 플랫폼 3개"
hakone-matsuzakaya,마츠자카야 혼텐,kanto,false,,"하코네에서 온천 수질과 역사성까지 함께 보고 싶은 숙소입니다. 객실 내 프라이빗탕, 대절탕, 대욕장이 함께 확인되므로 욕장 종류별 조건을 나눠 보는 편이 좋습니다.","하코네에서 온천 수질과 역사성까지 함께 보고 싶은 숙소입니다. 객실 내 프라이빗탕, 대절탕, 대욕장이 함께 확인되므로 욕장 종류별 조건을 나눠 보는 편이 좋습니다.",객실 내 프라이빗탕 + 대절탕 + 대욕장,객실 내 프라이빗탕 + 대절탕 + 대욕장,"수질 만족 흐름 강함,계절별 온도감과 동선 확인을 권장합니다","수질 만족 흐름 강함,계절별 온도감과 동선 확인을 권장합니다","직접 읽은 후기 308건, 온천 관련 266건, 본문 확인 플랫폼 6개"
hakone-yama-no-chaya,야마노차야,kanto,false,,하코네의 조용한 료칸 체류와 객실 노천탕을 함께 기대하는 숙소입니다. 모든 객실 구성이 같지 않을 수 있어 객실 타입별 노천탕 여부를 먼저 확인하는 편이 좋습니다.,하코네의 조용한 료칸 체류와 객실 노천탕을 함께 기대하는 숙소입니다. 모든 객실 구성이 같지 않을 수 있어 객실 타입별 노천탕 여부를 먼저 확인하는 편이 좋습니다.,객실 노천탕 중심,객실 노천탕 중심,"객실 타입별 노천탕 여부 확인이 필요합니다,계단/동선 확인을 권장합니다","객실 타입별 노천탕 여부 확인이 필요합니다,계단/동선 확인을 권장합니다","직접 읽은 후기 303건, 온천 관련 122건, 본문 확인 플랫폼 10개"
hakone-yuyado-zen,하코네 유야도 젠,kanto,false,,"전 객실 반노천탕을 중심으로 온천 시간을 보내는 하코네 숙소입니다. 대욕장보다 방 안 온천을 우선하는 여행자에게 맞고, 온도 조절과 계절 요소는 함께 확인하는 편이 좋습니다.","전 객실 반노천탕을 중심으로 온천 시간을 보내는 하코네 숙소입니다. 대욕장보다 방 안 온천을 우선하는 여행자에게 맞고, 온도 조절과 계절 요소는 함께 확인하는 편이 좋습니다.",전 객실 반노천탕 중심,전 객실 반노천탕 중심,"대욕장 없음 확인이 필요합니다,온도 조절과 벌레 등 계절 요소 확인을 권장합니다","대욕장 없음 확인이 필요합니다,온도 조절과 벌레 등 계절 요소 확인을 권장합니다","직접 읽은 후기 669건, 온천 관련 589건, 본문 확인 플랫폼 7개"
isawa-fujinoya,샤토레제 호텔 료칸 후지노야,kanto,false,,"이사와 온천에서 객실 내 프라이빗탕, 대욕장, 대절탕을 모두 비교해볼 수 있는 숙소입니다. 객실 내 프라이빗탕까지 중요하게 보는 여행자라면 객실 타입별 욕장 조건을 먼저 확인하는 편이 좋습니다.","이사와 온천에서 객실 내 프라이빗탕, 대욕장, 대절탕을 모두 비교해볼 수 있는 숙소입니다. 객실 내 프라이빗탕까지 중요하게 보는 여행자라면 객실 타입별 욕장 조건을 먼저 확인하는 편이 좋습니다.",객실 내 프라이빗탕 + 대욕장 + 대절탕,객실 내 프라이빗탕 + 대욕장 + 대절탕,"객실 타입별 욕장 구성 확인이 필요합니다,대절탕 예약/온도 확인을 권장합니다","객실 타입별 욕장 구성 확인이 필요합니다,대절탕 예약/온도 확인을 권장합니다","직접 읽은 후기 562건, 온천 관련 548건, 본문 확인 플랫폼 5개"
isawa-itoyanagi,이사와 메이토칸 이토야나기,kanto,false,,이사와 온천의 전통 료칸형 숙소입니다. 객실 내 프라이빗탕보다 대욕장과 온천지 숙박 분위기를 중심으로 보는 편이 좋습니다.,이사와 온천의 전통 료칸형 숙소입니다. 객실 내 프라이빗탕보다 대욕장과 온천지 숙박 분위기를 중심으로 보는 편이 좋습니다.,대욕장 중심,대욕장 중심,"공용 온천 중심 숙소입니다,객실 내 프라이빗탕 여부는 객실 타입별 확인이 필요합니다","공용 온천 중심 숙소입니다,객실 내 프라이빗탕 여부는 객실 타입별 확인이 필요합니다","직접 읽은 후기 913건, 온천 관련 731건, 본문 확인 플랫폼 5개"
isawa-itoyanagi-yuwa,이토야나기 고야도 유와,kanto,false,,이사와 온천에서 조용한 소규모 체류를 기대할 때 보기 좋은 숙소입니다. 객실 조건과 공용 온천 구성을 함께 확인하면 선택 기준이 더 분명해집니다.,이사와 온천에서 조용한 소규모 체류를 기대할 때 보기 좋은 숙소입니다. 객실 조건과 공용 온천 구성을 함께 확인하면 선택 기준이 더 분명해집니다.,소규모 온천 숙박 중심,소규모 온천 숙박 중심,"객실 조건 확인이 필요합니다,공용 온천 구성 확인을 권장합니다","객실 조건 확인이 필요합니다,공용 온천 구성 확인을 권장합니다","직접 읽은 후기 789건, 온천 관련 628건, 본문 확인 플랫폼 8개"
kawaguchiko-fufu,후후 가와구치코,kanto,true,,"가와구치코의 고급 리조트형 숙소입니다. 객실 내 프라이빗탕과 조용한 체류감을 중시할 때 보기 좋고, 식사와 서비스 기대치도 함께 확인하는 편이 좋습니다.","가와구치코의 고급 리조트형 숙소입니다. 객실 내 프라이빗탕과 조용한 체류감을 중시할 때 보기 좋고, 식사와 서비스 기대치도 함께 확인하는 편이 좋습니다.",객실 내 프라이빗탕 중심,객실 내 프라이빗탕 중심,"객실 타입별 욕장 구성 확인이 필요합니다,고급 리조트형 기대치 확인합니다","객실 타입별 욕장 구성 확인이 필요합니다,고급 리조트형 기대치를 확인합니다","직접 읽은 후기 303건, 온천 관련 159건, 본문 확인 플랫폼 7개"
kawaguchiko-kukuna,더 쿠쿠나,kanto,false,,"가와구치코 호수 전망과 리조트형 온천 경험을 함께 기대하는 숙소입니다. 객실 내 프라이빗탕 특화보다 전망, 대욕장, 리조트 체류감을 함께 보는 편이 자연스럽습니다.","가와구치코 호수 전망과 리조트형 온천 경험을 함께 기대하는 숙소입니다. 객실 내 프라이빗탕 특화보다 전망, 대욕장, 리조트 체류감을 함께 보는 편이 자연스럽습니다.",전망형 대욕장/리조트 온천,전망형 대욕장/리조트 온천,"전망은 객실 타입과 날씨 영향이 있습니다,리조트형 동선 확인을 권장합니다","전망은 객실 타입과 날씨 영향이 있습니다,리조트형 동선 확인을 권장합니다","직접 읽은 후기 314건, 온천 관련 188건, 본문 확인 플랫폼 4개"
yugawara-ashikari,유가와라 스파 료칸 아시카리,kanto,false,,유가와라의 조용한 료칸 체류와 온천 이용을 함께 기대하는 숙소입니다. 객실 내 프라이빗탕 포함 여부는 객실 타입별로 달라질 수 있어 예약 조건 확인이 필요합니다.,유가와라의 조용한 료칸 체류와 온천 이용을 함께 기대하는 숙소입니다. 객실 내 프라이빗탕 포함 여부는 객실 타입별로 달라질 수 있어 예약 조건 확인이 필요합니다.,료칸 온천 숙박 중심,료칸 온천 숙박 중심,"객실 타입별 욕장 구성 확인이 필요합니다,조용한 료칸형 체류","객실 타입별 욕장 구성 확인이 필요합니다,조용한 료칸형 체류","직접 읽은 후기 485건, 온천 관련 356건, 본문 확인 플랫폼 3개"
beppu-amane-resort-gahama,아마네 리조트 가하마,kyushu,false,,벳푸에서 프라이빗한 별장형 체류를 기대할 때 보기 좋은 숙소입니다. 객실 내 프라이빗탕과 조용한 리조트형 서비스를 우선하는 여행자에게 잘 맞습니다.,벳푸에서 프라이빗한 별장형 체류를 기대할 때 보기 좋은 숙소입니다. 객실 내 프라이빗탕과 조용한 리조트형 서비스를 우선하는 여행자에게 잘 맞습니다.,객실 내 프라이빗탕 중심,객실 내 프라이빗탕 중심,"객실 내 프라이빗탕 중심 프라이빗 체류형입니다,세이카이와 공용 시설 이용 조건 구분이 필요합니다","객실 내 프라이빗탕 중심 프라이빗 체류형입니다,세이카이와 공용 시설 이용 조건 구분이 필요합니다","직접 읽은 후기 341건, 온천 관련 200건, 본문 확인 플랫폼 7개"
beppu-amane-resort-seikai,아마네 리조트 세이카이,kyushu,true,,"벳푸 해안가에서 객실 노천탕과 바다 전망을 함께 기대하는 대표 숙소입니다. 객실 내 프라이빗탕을 중심으로 보되, 공용 온천 시설도 따로 확인하는 편이 좋습니다.","벳푸 해안가에서 객실 노천탕과 바다 전망을 함께 기대하는 대표 숙소입니다. 객실 내 프라이빗탕을 중심으로 보되, 공용 온천 시설도 따로 확인하는 편이 좋습니다.",객실 노천탕 + 공용 온천,객실 노천탕 + 공용 온천,"객실 노천탕과 공용 온천 구분이 필요합니다,해안 전망 기대치 확인합니다","객실 노천탕과 공용 온천 구분이 필요합니다,해안 전망 기대치를 확인합니다","직접 읽은 후기 399건, 온천 관련 310건, 본문 확인 플랫폼 3개"
beppu-ana-intercontinental,ANA 인터컨티넨탈 벳푸 리조트 앤 스파,kyushu,false,,"벳푸의 글로벌 럭셔리 리조트형 온천 숙소입니다. 전통 료칸보다 고급 호텔 안의 대욕장, 전망, 리조트 서비스를 함께 보는 편이 맞습니다.","벳푸의 글로벌 럭셔리 리조트형 온천 숙소입니다. 전통 료칸보다 고급 호텔 안의 대욕장, 전망, 리조트 서비스를 함께 보는 편이 맞습니다.",럭셔리 리조트 대욕장 중심,럭셔리 리조트 대욕장 중심,"리조트형 온천 경험 중심입니다,전통 료칸/객실 내 프라이빗탕 중심 기대와 구분","리조트형 온천 경험 중심입니다,전통 료칸/객실 내 프라이빗탕 중심 기대와 구분","직접 읽은 후기 339건, 온천 관련 206건, 본문 확인 플랫폼 7개"
beppu-kannawaen,벳푸 칸나와엔,kyushu,false,,"벳푸 철륜온천권의 온천 리조트형 숙소입니다. 객실 내 프라이빗탕과 공용 온천을 함께 볼 수 있어, 객실 타입별 욕장과 대욕장을 나눠 확인하는 것이 중요합니다.","벳푸 철륜온천권의 온천 리조트형 숙소입니다. 객실 내 프라이빗탕과 공용 온천을 함께 볼 수 있어, 객실 타입별 욕장과 대욕장을 나눠 확인하는 것이 중요합니다.",객실 내 프라이빗탕 + 대욕장,객실 내 프라이빗탕 + 대욕장,"객실 타입별 욕장 구성 확인이 필요합니다,철륜온천권 숙소입니다","객실 타입별 욕장 구성 확인이 필요합니다,철륜온천권 숙소입니다","직접 읽은 후기 391건, 온천 관련 335건, 본문 확인 플랫폼 4개"
beppu-kokoroan,벳푸 코코로안,kyushu,false,,벳푸에서 객실 안 온천 경험을 우선할 때 보기 좋은 숙소입니다. 대욕장보다 프라이빗한 객실 내 프라이빗탕 시간을 중시하는 여행자에게 잘 맞습니다.,벳푸에서 객실 안 온천 경험을 우선할 때 보기 좋은 숙소입니다. 대욕장보다 프라이빗한 객실 내 프라이빗탕 시간을 중시하는 여행자에게 잘 맞습니다.,객실 내 프라이빗탕 중심,객실 내 프라이빗탕 중심,"객실 내 프라이빗탕 중심 숙소입니다,대욕장보다 프라이빗 온천 기대치가 중요합니다","객실 내 프라이빗탕 중심 숙소입니다,대욕장보다 프라이빗 온천 기대치가 중요합니다","직접 읽은 후기 395건, 온천 관련 349건, 본문 확인 플랫폼 3개"
ibusuki-hakusuikan,이부스키 하쿠스이칸,kyushu,false,,이부스키의 대형 온천 리조트형 숙소입니다. 객실 내 프라이빗탕보다 대욕장과 온천시설 전체를 즐기고 싶은 여행자에게 맞습니다.,이부스키의 대형 온천 리조트형 숙소입니다. 객실 내 프라이빗탕보다 대욕장과 온천시설 전체를 즐기고 싶은 여행자에게 맞습니다.,대욕장/온천시설 중심,대욕장/온천시설 중심,"대형 시설형 온천 숙소입니다,대욕장/시설 동선 확인을 권장합니다","대형 시설형 온천 숙소입니다,대욕장/시설 동선 확인을 권장합니다","직접 읽은 후기 2,451건, 온천 관련 1,799건, 본문 확인 플랫폼 8개"
ibusuki-yurian,이부스키 유리안,kyushu,false,,이부스키에서 프라이빗한 객실 내 프라이빗탕 체류를 기대할 때 보기 좋은 숙소입니다. 객실 노천탕과 독립된 체류감을 중시하는 가족이나 커플에게 잘 맞습니다.,이부스키에서 프라이빗한 객실 내 프라이빗탕 체류를 기대할 때 보기 좋은 숙소입니다. 객실 노천탕과 독립된 체류감을 중시하는 가족이나 커플에게 잘 맞습니다.,객실 노천탕 중심,객실 노천탕 중심,"객실별 욕장 구성 확인이 필요합니다,프라이빗 체류형 숙소입니다","객실별 욕장 구성 확인이 필요합니다,프라이빗 체류형 숙소입니다","직접 읽은 후기 606건, 온천 관련 518건, 본문 확인 플랫폼 8개"
kirishima-lavista,라비스타 기리시마 힐즈,kyushu,false,,"기리시마의 리조트형 온천 숙소입니다. 조용한 료칸식 객실 내 프라이빗탕보다 대욕장, 전망, 리조트 편의성을 함께 보는 편이 맞습니다.","기리시마의 리조트형 온천 숙소입니다. 조용한 료칸식 객실 내 프라이빗탕보다 대욕장, 전망, 리조트 편의성을 함께 보는 편이 맞습니다.",대욕장/리조트 온천 중심,대욕장/리조트 온천 중심,"대욕장과 리조트형 시설 경험 중심입니다,객실 내 프라이빗탕 중심 숙소와 구분이 필요합니다","대욕장과 리조트형 시설 경험 중심입니다,객실 내 프라이빗탕 중심 숙소와 구분이 필요합니다","직접 읽은 후기 518건, 온천 관련 372건, 본문 확인 플랫폼 8개"
kurokawa-okunoyu,료칸 오쿠노유,kyushu,false,,구로카와 온천 안쪽에서 대욕장과 노천탕을 중심으로 즐기는 숙소입니다. 객실 내 프라이빗탕보다 숙소 안에서 여러 탕을 오가며 온천을 즐기고 싶은 여행자에게 잘 맞습니다.,구로카와 온천 안쪽에서 대욕장과 노천탕을 중심으로 즐기는 숙소입니다. 객실 내 프라이빗탕보다 숙소 안에서 여러 탕을 오가며 온천을 즐기고 싶은 여행자에게 잘 맞습니다.,대욕장/노천탕 중심,대욕장/노천탕 중심,"공용 노천탕과 대욕장 중심입니다,객실 내 프라이빗탕 여부는 객실 타입별 확인이 필요합니다","공용 노천탕과 대욕장 중심입니다,객실 내 프라이빗탕 여부는 객실 타입별 확인이 필요합니다","직접 읽은 후기 347건, 온천 관련 269건, 본문 확인 플랫폼 8개"
kurokawa-sanga,료칸 산가,kyushu,false,,구로카와 특유의 숲속 노천탕 분위기를 기대할 때 보기 좋은 료칸입니다. 객실 내 프라이빗탕보다 자연 속 공용 노천탕 경험을 중심으로 보는 편이 맞습니다.,구로카와 특유의 숲속 노천탕 분위기를 기대할 때 보기 좋은 료칸입니다. 객실 내 프라이빗탕보다 자연 속 공용 노천탕 경험을 중심으로 보는 편이 맞습니다.,숲속 노천탕 중심,숲속 노천탕 중심,"공용 노천탕 경험 중심입니다,객실 내 프라이빗탕보다 노천탕/대욕장 기대치로 안내합니다","공용 노천탕 경험 중심입니다,객실 내 프라이빗탕보다 노천탕/대욕장 기대치로 안내합니다","직접 읽은 후기 339건, 온천 관련 310건, 본문 확인 플랫폼 6개"
kurokawa-takefue,구로카와 다케후에,kyushu,false,,프라이빗한 고급 체류와 객실 전용탕 경험을 함께 기대하는 숙소입니다. 대중적인 대욕장형 숙소보다 객실별 체류감과 전용성을 우선해서 보는 편이 좋습니다.,프라이빗한 고급 체류와 객실 전용탕 경험을 함께 기대하는 숙소입니다. 대중적인 대욕장형 숙소보다 객실별 체류감과 전용성을 우선해서 보는 편이 좋습니다.,객실/전용 온천 중심,객실/전용 온천 중심,"객실 타입별 욕장 구성 확인이 필요합니다,고급 프라이빗 체류형입니다","객실 타입별 욕장 구성 확인이 필요합니다,고급 프라이빗 체류형입니다","직접 읽은 후기 524건, 온천 관련 373건, 본문 확인 플랫폼 6개"
kurokawa-yamamizuki,야마미즈키,kyushu,false,,구로카와를 대표하는 야외 노천탕형 숙소입니다. 객실 설비보다 넓은 공용 노천탕과 자연 속 온천 분위기를 우선할 때 잘 맞습니다.,구로카와를 대표하는 야외 노천탕형 숙소입니다. 객실 설비보다 넓은 공용 노천탕과 자연 속 온천 분위기를 우선할 때 잘 맞습니다.,대형 노천탕 중심,대형 노천탕 중심,"공용 노천탕 중심입니다,객실 내 프라이빗탕 중심 숙소와 구분이 필요합니다","공용 노천탕 중심입니다,객실 내 프라이빗탕 중심 숙소와 구분이 필요합니다","직접 읽은 후기 361건, 온천 관련 342건, 본문 확인 플랫폼 5개"
takeo-koyokaku,다케오온천 가이세키야도 오기야,kyushu,false,,다케오 온천권에서 조용한 고급 료칸형 선택지로 볼 수 있는 숙소입니다. 대형 온천시설보다 차분한 숙박과 온천 이용을 함께 기대할 때 어울립니다.,다케오 온천권에서 조용한 고급 료칸형 선택지로 볼 수 있는 숙소입니다. 대형 온천시설보다 차분한 숙박과 온천 이용을 함께 기대할 때 어울립니다.,소규모 료칸 온천 중심,소규모 료칸 온천 중심,"다케오 지역 추가 후보 확장 필요합니다,객실별 욕장 구성 확인을 권장합니다","다케오 지역 추가 후보 확장 필요합니다,객실별 욕장 구성 확인을 권장합니다","직접 읽은 후기 330건, 온천 관련 255건, 본문 확인 플랫폼 5개"
ureshino-shiibasanso,우레시노 온천 시이바산소,kyushu,false,,우레시노 온천의 부드러운 수질과 조용한 산장형 체류감을 함께 기대하는 숙소입니다. 객실 내 프라이빗탕보다 우레시노 온천 자체와 대욕장/노천탕을 즐기는 쪽에 가깝습니다.,우레시노 온천의 부드러운 수질과 조용한 산장형 체류감을 함께 기대하는 숙소입니다. 객실 내 프라이빗탕보다 우레시노 온천 자체와 대욕장/노천탕을 즐기는 쪽에 가깝습니다.,대욕장/노천탕 중심,대욕장/노천탕 중심,"우레시노 수질 기대치와 함께 안내합니다,객실 내 프라이빗탕 여부는 객실 타입별 확인이 필요합니다","우레시노 수질 기대치와 함께 안내합니다,객실 내 프라이빗탕 여부는 객실 타입별 확인이 필요합니다","직접 읽은 후기 319건, 온천 관련 297건, 본문 확인 플랫폼 4개"
ureshino-taishoya,우레시노 온천 다이쇼야,kyushu,false,,"우레시노의 전통 료칸형 온천 경험을 기대할 때 보기 좋은 숙소입니다. 온천 물의 부드러운 질감, 대욕장, 식사와 접객을 함께 보는 체류형 숙소에 가깝습니다.","우레시노의 전통 료칸형 온천 경험을 기대할 때 보기 좋은 숙소입니다. 온천 물의 부드러운 질감, 대욕장, 식사와 접객을 함께 보는 체류형 숙소에 가깝습니다.",대욕장 중심,대욕장 중심,"우레시노 수질 기대치와 함께 안내합니다,전통 료칸 체류형입니다","우레시노 수질 기대치와 함께 안내합니다,전통 료칸 체류형입니다","직접 읽은 후기 369건, 온천 관련 328건, 본문 확인 플랫폼 4개"
ureshino-wataya-besso,우레시노 온천 와타야벳소,kyushu,false,,"우레시노에서 규모감 있는 온천 체류를 원하는 여행자에게 맞는 숙소입니다. 온천 이용과 시설 체류, 객실 동선을 함께 확인하는 편이 좋습니다.","우레시노에서 규모감 있는 온천 체류를 원하는 여행자에게 맞는 숙소입니다. 온천 이용과 시설 체류, 객실 동선을 함께 확인하는 편이 좋습니다.",대욕장/시설형 온천 중심,대욕장/시설형 온천 중심,"규모 있는 시설형 숙소입니다,객실 타입과 동선 확인이 필요합니다","규모 있는 시설형 숙소입니다,객실 타입과 동선 확인이 필요합니다","직접 읽은 후기 316건, 온천 관련 275건, 본문 확인 플랫폼 4개"
yufuin-baien,유후인 바이엔 가든 리조트,kyushu,false,,유후인의 정원형 리조트 감성과 온천 이용을 함께 기대하는 숙소입니다. 객실 내 프라이빗탕 특화보다 넓은 부지와 대욕장/노천탕을 함께 즐기는 쪽에 가깝습니다.,유후인의 정원형 리조트 감성과 온천 이용을 함께 기대하는 숙소입니다. 객실 내 프라이빗탕 특화보다 넓은 부지와 대욕장/노천탕을 함께 즐기는 쪽에 가깝습니다.,대욕장/정원형 온천 중심,대욕장/정원형 온천 중심,"정원형 리조트 체류감과 온천을 함께 안내합니다,객실 내 프라이빗탕 여부는 객실 타입별 확인이 필요합니다","정원형 리조트 체류감과 온천을 함께 안내합니다,객실 내 프라이빗탕 여부는 객실 타입별 확인이 필요합니다","직접 읽은 후기 458건, 온천 관련 411건, 본문 확인 플랫폼 3개"
yufuin-hanamura,유후인 카오리노사토 하나무라,kyushu,false,,유후인 역세권과 온천 료칸 경험을 함께 기대하는 숙소입니다. 객실 내 프라이빗탕 특화 숙소라기보다 위치 편의와 온천 이용을 함께 보는 균형형 숙소에 가깝습니다.,유후인 역세권과 온천 료칸 경험을 함께 기대하는 숙소입니다. 객실 내 프라이빗탕 특화 숙소라기보다 위치 편의와 온천 이용을 함께 보는 균형형 숙소에 가깝습니다.,균형형 유후인 온천숙소,균형형 유후인 온천숙소,"위치 편의와 온천 이용을 함께 안내합니다,객실 내 프라이빗탕 여부는 객실 타입별 확인이 필요합니다","위치 편의와 온천 이용을 함께 안내합니다,객실 내 프라이빗탕 여부는 객실 타입별 확인이 필요합니다","직접 읽은 후기 1,257건, 온천 관련 895건, 본문 확인 플랫폼 3개"
yufuin-poppoan,유후인 팝포안,kyushu,false,,유후인에서 객실 내 프라이빗탕 중심의 조용한 숙박을 기대할 때 보기 좋은 숙소입니다. 대욕장보다 방 안에서 온천을 쓰는 편안함을 우선하는 여행자에게 맞습니다.,유후인에서 객실 내 프라이빗탕 중심의 조용한 숙박을 기대할 때 보기 좋은 숙소입니다. 대욕장보다 방 안에서 온천을 쓰는 편안함을 우선하는 여행자에게 맞습니다.,객실 내 프라이빗탕 중심,객실 내 프라이빗탕 중심,"객실 내 프라이빗탕 중심 숙소입니다,객실별 욕장 형태 확인이 필요합니다","객실 내 프라이빗탕 중심 숙소입니다,객실별 욕장 형태 확인이 필요합니다","직접 읽은 후기 889건, 온천 관련 740건, 본문 확인 플랫폼 3개"
yufuin-ryoutiku,유후 료치쿠,kyushu,false,,유후인 중심부 접근성과 료칸 체류감을 함께 보는 숙소입니다. 객실 내 프라이빗탕 하나로만 설명하기보다 유후인 숙박 경험과 온천 이용을 함께 보는 편이 맞습니다.,유후인 중심부 접근성과 료칸 체류감을 함께 보는 숙소입니다. 객실 내 프라이빗탕 하나로만 설명하기보다 유후인 숙박 경험과 온천 이용을 함께 보는 편이 맞습니다.,유후인 료칸 온천 중심,유후인 료칸 온천 중심,"객실 타입별 욕장 구성 확인이 필요합니다,유후인 중심부 체류형 숙소입니다","객실 타입별 욕장 구성 확인이 필요합니다,유후인 중심부 체류형 숙소입니다","직접 읽은 후기 1,636건, 온천 관련 1,022건, 본문 확인 플랫폼 3개"
yufuin-ryu-no-hige,유후인 류노히게 벳테이 유무타,kyushu,false,,유후인에서 객실 노천탕과 조용한 독립 체류를 기대하는 숙소입니다. 객실 안에서 온천을 즐기는 프라이빗한 시간을 우선하는 여행자에게 잘 맞습니다.,유후인에서 객실 노천탕과 조용한 독립 체류를 기대하는 숙소입니다. 객실 안에서 온천을 즐기는 프라이빗한 시간을 우선하는 여행자에게 잘 맞습니다.,객실 노천탕 중심,객실 노천탕 중심,"객실 타입별 노천탕 구성 확인이 필요합니다,프라이빗 체류형 숙소입니다","객실 타입별 노천탕 구성 확인이 필요합니다,프라이빗 체류형 숙소입니다","직접 읽은 후기 979건, 온천 관련 861건, 본문 확인 플랫폼 3개"
yufuin-ubl-hotel,유후인 유벨 호텔,kyushu,false,,유후인에서 비교적 차분한 호텔형 온천 숙소를 찾을 때 보기 좋습니다. 객실 내 프라이빗탕 특화보다 대욕장과 호텔형 숙박 편의성을 함께 보는 편이 자연스럽습니다.,유후인에서 비교적 차분한 호텔형 온천 숙소를 찾을 때 보기 좋습니다. 객실 내 프라이빗탕 특화보다 대욕장과 호텔형 숙박 편의성을 함께 보는 편이 자연스럽습니다.,호텔형 대욕장 중심,호텔형 대욕장 중심,"호텔형 온천 숙소입니다,객실 내 프라이빗탕보다 대욕장 이용 중심입니다","호텔형 온천 숙소입니다,객실 내 프라이빗탕보다 대욕장 이용 중심입니다","직접 읽은 후기 326건, 온천 관련 287건, 본문 확인 플랫폼 3개"
