sample_id,platform,review_date,rating,source_url,language,author_hash,lodging_context,onsen_related,bath_area_tags,signal_tags,caution_tags,original_keywords,paraphrase_ko,source_access,included_in_lodging_direct_count,signal_direction,direction_backfill_rule,direction_backfill_confidence,direction_backfill_candidate_type
kounokura-0001,Jalan,2026/6/2,,https://www.jalan.net/yad362472/kuchikomi/,ja,580e0792f559,【早割21】1500円OFF☆早期予約特典付きプラン！ 和室 朝・夕,true,public_bath;room_open_air_bath,booking_confusion;onsen_related;public_bath_hot_spring;room_bath_hot_spring,,温泉;露天風呂;露天;風呂;大浴場;貸し切り;部屋の露天;予約,객실 노천탕을 숙박 경험의 핵심 장점으로 언급한 후기.,direct_readable,true,mixed,conditional_signal_tag,medium,issue_caution_calibration_needed
kounokura-0002,Jalan,2026/5/26,,https://www.jalan.net/yad362472/kuchikomi/,ja,9e44d3d8c0cd,【早割21】1000円OFF☆早期予約特典付きプラン！ 和室 朝・夕,true,room_open_air_bath,booking_confusion;onsen_related;room_bath_hot_spring,,露天;部屋に露天;予約;アクセス,객실 노천탕을 숙박 경험의 핵심 장점으로 언급한 후기.,direct_readable,true,mixed,conditional_signal_tag,medium,issue_caution_calibration_needed
kounokura-0003,Jalan,2026/5/23,,https://www.jalan.net/yad362472/kuchikomi/,ja,c7ff91032790,【早割14】1000円OFF☆早期予約特典付きプラン！ 和室 朝・夕,false,unclear,booking_confusion,,予約,송영·위치·예약 동선을 함께 언급한 후기.,direct_readable,true,mixed,conditional_signal_tag,medium,issue_caution_calibration_needed
kounokura-0004,Jalan,2026/4/22,,https://www.jalan.net/yad362472/kuchikomi/,ja,44b74eda1025,【早割21】1500円OFF☆早期予約特典付きプラン！ 和室 朝・夕,true,public_bath;room_open_air_bath,booking_confusion;onsen_related;public_bath_hot_spring;room_bath_hot_spring,temperature,露天風呂;露天;風呂;大浴場;寒;予約,객실 노천탕을 숙박 경험의 핵심 장점으로 언급한 후기.,direct_readable,true,mixed,body_negative_with_context,high,issue_caution_calibration_needed
kounokura-0005,Jalan,2026/4/15,,https://www.jalan.net/yad362472/kuchikomi/,ja,3e80e7f21bed,【早割21】1500円OFF☆早期予約特典付きプラン！ 和室 朝・夕,true,room_open_air_bath,booking_confusion;onsen_related;room_bath_hot_spring,,温泉;露天風呂;露天;風呂;部屋付き露天;予約,객실 노천탕을 숙박 경험의 핵심 장점으로 언급한 후기.,direct_readable,true,mixed,conditional_signal_tag,medium,issue_caution_calibration_needed
kounokura-0006,Jalan,2026/4/8,,https://www.jalan.net/yad362472/kuchikomi/,ja,6d142142dd84,【早割21】1500円OFF☆早期予約特典付きプラン！ 和室 朝・夕,true,room_open_air_bath,booking_confusion;onsen_related;room_bath_hot_spring,,露天風呂;露天;風呂;予約,객실 노천탕을 숙박 경험의 핵심 장점으로 언급한 후기.,direct_readable,true,mixed,conditional_signal_tag,medium,issue_caution_calibration_needed
kounokura-0007,Jalan,2026/3/21,,https://www.jalan.net/yad362472/kuchikomi/,ja,cc95365c7b9d,【早割21】1500円OFF☆早期予約特典付きプラン！ 和室 朝・夕,true,room_bath,booking_confusion;onsen_related;room_bath_hot_spring,,風呂;部屋風呂;予約,송영·위치·예약 동선을 함께 언급한 후기.,direct_readable,true,mixed,conditional_signal_tag,medium,issue_caution_calibration_needed
kounokura-0008,Jalan,2026/3/15,,https://www.jalan.net/yad362472/kuchikomi/,ja,ab1fb151e4d5,【早割21】1500円OFF☆早期予約特典付きプラン！ 和室 朝・夕,false,unclear,booking_confusion,,予約,송영·위치·예약 동선을 함께 언급한 후기.,direct_readable,true,mixed,conditional_signal_tag,medium,issue_caution_calibration_needed
kounokura-0009,Jalan,2026/2/17,,https://www.jalan.net/yad362472/kuchikomi/,ja,219a05a4c66f,【早割21】1500円OFF☆早期予約特典付きプラン！ 和室 朝・夕,false,unclear,booking_confusion,temperature,寒;予約,온도·동선·청결 등 운영상 주의 신호가 포함된 후기.,direct_readable,true,mixed,body_negative_with_context,high,issue_caution_calibration_needed
kounokura-0010,Jalan,2025/12/16,,https://www.jalan.net/yad362472/kuchikomi/,ja,5f47b72d5244,一度は泊まりたい美食の宿♪あこがれの温泉露天風呂付客室プラン♪ 和室 朝・夕,true,public_bath;room_open_air_bath,onsen_related;public_bath_hot_spring;room_bath_hot_spring;water_texture,temperature,温泉;露天風呂;露天;風呂;大浴場;湯;肌;寒;暑,객실 노천탕과 온천 수질·피부감 언급이 함께 나타난 후기.,direct_readable,true,mixed,body_negative_with_context,high,issue_caution_calibration_needed
kounokura-0011,Jalan,2025/12/11,,https://www.jalan.net/yad362472/kuchikomi/,ja,596c7cb6a193,一度は泊まりたい美食の宿♪あこがれの温泉露天風呂付客室プラン♪ 和室 朝・夕,true,room_open_air_bath,onsen_related;room_bath_hot_spring,,温泉;露天風呂;露天;風呂;送迎,객실 노천탕을 숙박 경험의 핵심 장점으로 언급한 후기.,direct_readable,true,positive,positive_signal_no_caution,medium,issue_caution_calibration_needed
kounokura-0012,Jalan,2025/11/19,,https://www.jalan.net/yad362472/kuchikomi/,ja,604f2ec8bdc9,【早割21】1500円OFF☆早期予約特典付きプラン！ 和洋室 朝・夕,true,room_open_air_bath,booking_confusion;onsen_related;room_bath_hot_spring,,露天風呂;露天;風呂;湯;予約,객실 노천탕을 숙박 경험의 핵심 장점으로 언급한 후기.,direct_readable,true,mixed,conditional_signal_tag,medium,issue_caution_calibration_needed
kounokura-0013,Jalan,2025/11/16,,https://www.jalan.net/yad362472/kuchikomi/,ja,6749b9173354,一度は泊まりたい美食の宿♪あこがれの温泉露天風呂付客室プラン♪ 和室 朝・夕,true,room_open_air_bath,onsen_related;room_bath_hot_spring;water_texture,temperature,温泉;露天風呂;露天;風呂;肌;部屋の露天;温度;寒;ちょうど良,객실 노천탕과 온천 수질·피부감 언급이 함께 나타난 후기.,direct_readable,true,mixed,body_negative_with_context,high,issue_caution_calibration_needed
kounokura-0014,Jalan,2025/11/4,,https://www.jalan.net/yad362472/kuchikomi/,ja,30b3e1cac050,【早割21】1500円OFF☆早期予約特典付きプラン！ 和室 朝・夕,false,unclear,booking_confusion,,予約,송영·위치·예약 동선을 함께 언급한 후기.,direct_readable,true,mixed,conditional_signal_tag,medium,issue_caution_calibration_needed
kounokura-0015,Jalan,2025/11/1,,https://www.jalan.net/yad362472/kuchikomi/,ja,b38eb3082bca,【早割21】1500円OFF☆早期予約特典付きプラン！ 和室 朝・夕,true,facility_wide,booking_confusion;onsen_related,,温泉;予約,송영·위치·예약 동선을 함께 언급한 후기.,direct_readable,true,mixed,conditional_signal_tag,medium,issue_caution_calibration_needed
kounokura-0016,Jalan,2025/10/26,,https://www.jalan.net/yad362472/kuchikomi/,ja,0b8f2e607cfa,【早割21】1500円OFF☆早期予約特典付きプラン！ 和室 朝・夕,true,facility_wide,booking_confusion;onsen_related,,湯;予約;送迎,송영·위치·예약 동선을 함께 언급한 후기.,direct_readable,true,mixed,conditional_signal_tag,medium,issue_caution_calibration_needed
kounokura-0017,Jalan,2025/10/20,,https://www.jalan.net/yad362472/kuchikomi/,ja,738612580cd8,【早割21】1500円OFF☆早期予約特典付きプラン！ 和室 朝・夕,true,room_open_air_bath,booking_confusion;onsen_related;room_bath_hot_spring,temperature,露天風呂;露天;風呂;お風呂;ちょうど良;予約,객실 노천탕을 숙박 경험의 핵심 장점으로 언급한 후기.,direct_readable,true,mixed,caution_or_issue_tag,high,issue_caution_calibration_needed
kounokura-0018,Jalan,2025/10/6,,https://www.jalan.net/yad362472/kuchikomi/,ja,2ee310114c82,一度は泊まりたい美食の宿♪あこがれの温泉露天風呂付客室プラン♪ 和室 朝・夕,true,room_open_air_bath,booking_confusion;onsen_related;room_bath_hot_spring,,温泉;露天風呂;露天;風呂;湯;予約,객실 노천탕을 숙박 경험의 핵심 장점으로 언급한 후기.,direct_readable,true,mixed,conditional_signal_tag,medium,issue_caution_calibration_needed
kounokura-0019,Jalan,2025/9/25,,https://www.jalan.net/yad362472/kuchikomi/,ja,7112e17276e3,【早割21】1500円OFF☆早期予約特典付きプラン！ 和室 朝・夕,true,facility_wide,booking_confusion;onsen_related,,湯;予約;電話,송영·위치·예약 동선을 함께 언급한 후기.,direct_readable,true,mixed,conditional_signal_tag,medium,issue_caution_calibration_needed
kounokura-0020,Jalan,2025/8/31,,https://www.jalan.net/yad362472/kuchikomi/,ja,b9d8e32d5394,【早割21】1500円OFF☆早期予約特典付きプラン！ 和洋室 朝・夕,true,facility_wide,booking_confusion;onsen_related,,温泉;湯;予約,송영·위치·예약 동선을 함께 언급한 후기.,direct_readable,true,mixed,conditional_signal_tag,medium,issue_caution_calibration_needed
kounokura-0021,Jalan,2025/8/25,,https://www.jalan.net/yad362472/kuchikomi/,ja,e30aae53e350,【早割21】1500円OFF☆早期予約特典付きプラン！ 和洋室 朝・夕,true,facility_wide,booking_confusion;onsen_related,,湯;予約;場所,송영·위치·예약 동선을 함께 언급한 후기.,direct_readable,true,mixed,conditional_signal_tag,medium,issue_caution_calibration_needed
kounokura-0022,Jalan,2025/8/21,,https://www.jalan.net/yad362472/kuchikomi/,ja,ca3de508b17c,一度は泊まりたい美食の宿♪あこがれの温泉露天風呂付客室プラン♪ 和洋室 朝・夕,true,room_open_air_bath,onsen_related;room_bath_hot_spring;water_texture,,温泉;露天風呂;露天;風呂;肌,객실 노천탕과 온천 수질·피부감 언급이 함께 나타난 후기.,direct_readable,true,positive,positive_signal_no_caution,medium,issue_caution_calibration_needed
kounokura-0023,Jalan,2025/8/13,,https://www.jalan.net/yad362472/kuchikomi/,ja,7964c3d93545,一度は泊まりたい美食の宿♪あこがれの温泉露天風呂付客室プラン♪ 和室 朝・夕,true,public_bath;room_open_air_bath,booking_confusion;onsen_related;public_bath_hot_spring;room_bath_hot_spring,temperature,温泉;露天風呂;露天;風呂;お風呂;大浴場;湯;部屋に露天;部屋のお風呂;寒,객실 노천탕을 숙박 경험의 핵심 장점으로 언급한 후기.,direct_readable,true,mixed,body_negative_with_context,high,issue_caution_calibration_needed
kounokura-0024,Jalan,2025/7/26,,https://www.jalan.net/yad362472/kuchikomi/,ja,36d78efddb64,【早割21】1500円OFF☆早期予約特典付きプラン！ 和洋室 朝・夕,false,unclear,booking_confusion,,予約,송영·위치·예약 동선을 함께 언급한 후기.,direct_readable,true,mixed,conditional_signal_tag,medium,issue_caution_calibration_needed
kounokura-0025,Jalan,2025/7/25,,https://www.jalan.net/yad362472/kuchikomi/,ja,986707e3748d,【早割21】1500円OFF☆早期予約特典付きプラン！ 和室 朝・夕,true,public_bath;room_open_air_bath,booking_confusion;onsen_related;public_bath_hot_spring;room_bath_hot_spring,,温泉;露天風呂;露天;風呂;大浴場;部屋付きの露天;予約,객실 노천탕을 숙박 경험의 핵심 장점으로 언급한 후기.,direct_readable,true,mixed,conditional_signal_tag,medium,issue_caution_calibration_needed
kounokura-0026,Jalan,2025/7/25,,https://www.jalan.net/yad362472/kuchikomi/,ja,2047874b9abd,【早割14】1000円OFF☆早期予約特典付きプラン！ 和洋室 朝・夕,true,room_open_air_bath,booking_confusion;onsen_related;room_bath_hot_spring,,露天風呂;露天;風呂;少ない;予約,객실 노천탕을 숙박 경험의 핵심 장점으로 언급한 후기.,direct_readable,true,mixed,conditional_signal_tag,medium,issue_caution_calibration_needed
kounokura-0027,Jalan,2025/7/7,,https://www.jalan.net/yad362472/kuchikomi/,ja,80b6601f4abb,一度は泊まりたい美食の宿♪あこがれの温泉露天風呂付客室プラン♪ 和室 朝・夕,true,room_open_air_bath,onsen_related;room_bath_hot_spring,,温泉;露天風呂;露天;風呂;お風呂,객실 노천탕을 숙박 경험의 핵심 장점으로 언급한 후기.,direct_readable,true,positive,positive_signal_no_caution,medium,issue_caution_calibration_needed
kounokura-0028,Jalan,2025/5/30,,https://www.jalan.net/yad362472/kuchikomi/archive/,ja,18976bfaec62,【早割21】1500円OFF☆早期予約特典付きプラン！ 和室 朝・夕,true,room_open_air_bath,booking_confusion;onsen_related;room_bath_hot_spring,,露天風呂;露天;風呂;部屋に露天;予約,객실 노천탕을 숙박 경험의 핵심 장점으로 언급한 후기.,direct_readable,true,mixed,conditional_signal_tag,medium,issue_caution_calibration_needed
kounokura-0029,Jalan,2025/5/14,,https://www.jalan.net/yad362472/kuchikomi/archive/,ja,df9bd82ef5d7,一度は泊まりたい美食の宿♪あこがれの温泉露天風呂付客室プラン♪ 和室 朝・夕,true,public_bath;room_open_air_bath,onsen_related;public_bath_hot_spring;room_bath_hot_spring,temperature,温泉;露天風呂;露天;風呂;大浴場;湯;温度,객실 노천탕을 숙박 경험의 핵심 장점으로 언급한 후기.,direct_readable,true,mixed,caution_or_issue_tag,high,issue_caution_calibration_needed
kounokura-0030,Jalan,2025/5/6,,https://www.jalan.net/yad362472/kuchikomi/archive/,ja,a35265eb4923,【1日2室限定】居待月・臥待月の特別懐石「至福の瞬」プラン ツイン 朝・夕,true,room_open_air_bath,onsen_related;room_bath_hot_spring;water_texture;weak_onsen_feeling,,温泉;露天風呂;露天;風呂;掛け流し;泉質;ヌル,객실 노천탕과 온천 수질·피부감 언급이 함께 나타난 후기.,direct_readable,true,negative,negative_signal_tag,high,issue_caution_calibration_needed
kounokura-0031,Jalan,2025/5/5,,https://www.jalan.net/yad362472/kuchikomi/archive/,ja,1f95120ce11a,心も身体も癒される♪のんびり癒しの休日プラン☆スペシャルボディコース☆ 和室 朝・夕,true,facility_wide,booking_confusion;onsen_related,,風呂;お風呂;ぬるっと;予約;送迎;迎え;電話,송영·위치·예약 동선을 함께 언급한 후기.,direct_readable,true,mixed,conditional_signal_tag,medium,issue_caution_calibration_needed
kounokura-0032,Jalan,2025/5/4,,https://www.jalan.net/yad362472/kuchikomi/archive/,ja,488cbb9461b3,一度は泊まりたい美食の宿♪あこがれの温泉露天風呂付客室プラン♪ 和室 朝・夕,true,room_open_air_bath,booking_confusion;onsen_related;room_bath_hot_spring,,温泉;露天風呂;露天;風呂;湯;予約,객실 노천탕을 숙박 경험의 핵심 장점으로 언급한 후기.,direct_readable,true,mixed,conditional_signal_tag,medium,issue_caution_calibration_needed
kounokura-0033,Jalan,2025/4/20,,https://www.jalan.net/yad362472/kuchikomi/archive/,ja,0944475272bb,【早割21】1500円OFF☆早期予約特典付きプラン！ 和室 朝・夕,true,public_bath;room_open_air_bath,booking_confusion;onsen_related;public_bath_hot_spring;room_bath_hot_spring;water_texture,,温泉;露天風呂;露天;風呂;大浴場;湯;泉質;部屋の露天;予約,객실 노천탕과 온천 수질·피부감 언급이 함께 나타난 후기.,direct_readable,true,mixed,conditional_signal_tag,medium,issue_caution_calibration_needed
kounokura-0034,Jalan,2025/4/1,,https://www.jalan.net/yad362472/kuchikomi/archive/,ja,4a54a9ec27de,【早割21】1500円OFF☆早期予約特典付きプラン！ 和洋室 朝・夕,true,facility_wide,booking_confusion;onsen_related,temperature,風呂;お風呂;湯;温度;寒;予約,온도·동선·청결 등 운영상 주의 신호가 포함된 후기.,direct_readable,true,mixed,body_negative_with_context,high,issue_caution_calibration_needed
kounokura-0035,Jalan,2025/3/6,,https://www.jalan.net/yad362472/kuchikomi/archive/,ja,a1523935f810,【早割21】1500円OFF☆早期予約特典付きプラン！ 和室 朝・夕,true,facility_wide,booking_confusion;onsen_related,,風呂;お風呂;予約,송영·위치·예약 동선을 함께 언급한 후기.,direct_readable,true,mixed,conditional_signal_tag,medium,issue_caution_calibration_needed
kounokura-0036,Jalan,2025/2/28,,https://www.jalan.net/yad362472/kuchikomi/archive/,ja,6fa6007bbe59,【早割21】1500円OFF☆早期予約特典付きプラン！ 和室 朝・夕,true,public_bath;room_open_air_bath,booking_confusion;onsen_related;public_bath_hot_spring;room_bath_hot_spring;water_texture;weak_onsen_feeling,temperature,露天風呂;露天;風呂;お風呂;大浴場;源泉;かけ流し;泉質;肌;すべすべ,객실 노천탕과 온천 수질·피부감 언급이 함께 나타난 후기.,direct_readable,true,negative,negative_signal_tag,high,issue_caution_calibration_needed
kounokura-0037,Jalan,2025/2/24,,https://www.jalan.net/yad362472/kuchikomi/archive/,ja,34f97b4ef20b,【早割21】1500円OFF☆早期予約特典付きプラン！ 和室 朝・夕,true,facility_wide,booking_confusion;onsen_related,temperature,風呂;お風呂;湯;温度;寒;予約,온도·동선·청결 등 운영상 주의 신호가 포함된 후기.,direct_readable,true,mixed,body_negative_with_context,high,issue_caution_calibration_needed
kounokura-0038,Jalan,2025/1/3,,https://www.jalan.net/yad362472/kuchikomi/archive/,ja,a55942c0c815,一度は泊まりたい美食の宿♪あこがれの温泉露天風呂付客室プラン♪ 和室 朝・夕,true,room_bath;room_open_air_bath,onsen_related;room_bath_hot_spring,temperature,温泉;露天風呂;露天;風呂;お風呂;部屋の露天;寒,객실 노천탕을 숙박 경험의 핵심 장점으로 언급한 후기.,direct_readable,true,mixed,body_negative_with_context,high,issue_caution_calibration_needed
kounokura-0039,Jalan,2024/11/29,,https://www.jalan.net/yad362472/kuchikomi/archive/,ja,21e3fd620d12,【早割14】1000円OFF☆早期予約特典付きプラン！ 和室 朝・夕,true,room_open_air_bath,booking_confusion;onsen_related;room_bath_hot_spring,,露天風呂;露天;風呂;お風呂;露天風呂付き;予約,객실 노천탕을 숙박 경험의 핵심 장점으로 언급한 후기.,direct_readable,true,mixed,conditional_signal_tag,medium,issue_caution_calibration_needed
kounokura-0040,Jalan,2024/11/25,,https://www.jalan.net/yad362472/kuchikomi/archive/,ja,295ceb21db41,【早割21】1500円OFF☆早期予約特典付きプラン！ 和室 朝・夕,true,facility_wide,booking_confusion;onsen_related;private_bath_experience,,風呂;お風呂;部屋のお風呂;予約,송영·위치·예약 동선을 함께 언급한 후기.,direct_readable,true,mixed,conditional_signal_tag,medium,issue_caution_calibration_needed
kounokura-0041,Jalan,2024/10/27,,https://www.jalan.net/yad362472/kuchikomi/archive/,ja,c5991b73d6ff,【早割14】1000円OFF☆早期予約特典付きプラン！ 和洋室 朝・夕,true,room_open_air_bath,booking_confusion;onsen_related;room_bath_hot_spring,,露天風呂;露天;風呂;湯;予約;駅から,객실 노천탕을 숙박 경험의 핵심 장점으로 언급한 후기.,direct_readable,true,mixed,conditional_signal_tag,medium,issue_caution_calibration_needed
kounokura-0042,Jalan,2024/9/13,,https://www.jalan.net/yad362472/kuchikomi/archive/,ja,bda620ae7aeb,【早割21】1500円OFF☆早期予約特典付きプラン！ 和洋室 朝・夕,true,private_bath;public_bath,booking_confusion;crowding;onsen_related;private_bath_experience;public_bath_hot_spring,,風呂;お風呂;貸切;部屋のお風呂;貸切状態;予約,대욕장/공용탕을 조용하거나 거의 전세처럼 이용했다는 후기.,direct_readable,true,mixed,conditional_signal_tag,medium,issue_caution_calibration_needed
kounokura-0043,Jalan,2024/7/24,,https://www.jalan.net/yad362472/kuchikomi/archive/,ja,f7c9bd9c0a46,【早割21】1500円OFF☆早期予約特典付きプラン！ 和室 朝・夕,false,unclear,booking_confusion,,予約,송영·위치·예약 동선을 함께 언급한 후기.,direct_readable,true,mixed,conditional_signal_tag,medium,issue_caution_calibration_needed
kounokura-0044,Jalan,2024/6/23,,https://www.jalan.net/yad362472/kuchikomi/archive/,ja,109810baa1be,【早割21】1500円OFF☆早期予約特典付きプラン！ 和洋室 朝・夕,true,room_open_air_bath,booking_confusion;onsen_related;room_bath_hot_spring,,露天風呂;露天;風呂;予約,객실 노천탕을 숙박 경험의 핵심 장점으로 언급한 후기.,direct_readable,true,mixed,conditional_signal_tag,medium,issue_caution_calibration_needed
kounokura-0045,Jalan,2024/6/11,,https://www.jalan.net/yad362472/kuchikomi/archive/,ja,894f86695590,【早割14】1000円OFF☆早期予約特典付きプラン！ 和室 朝・夕,false,unclear,booking_confusion,,予約,송영·위치·예약 동선을 함께 언급한 후기.,direct_readable,true,mixed,conditional_signal_tag,medium,issue_caution_calibration_needed
kounokura-0046,Jalan,2024/5/14,,https://www.jalan.net/yad362472/kuchikomi/archive/,ja,077950f65ae9,【早割21】1500円OFF☆早期予約特典付きプラン！ 和洋室 朝・夕,true,public_bath;room_bath,booking_confusion;onsen_related;public_bath_hot_spring;room_bath_hot_spring,,風呂;お風呂;大浴場;部屋風呂;予約,공용 대욕장 또는 공용탕 경험을 언급한 후기.,direct_readable,true,mixed,conditional_signal_tag,medium,issue_caution_calibration_needed
kounokura-0047,Jalan,2024/5/13,,https://www.jalan.net/yad362472/kuchikomi/archive/,ja,5d7adee503e6,【早割21】1500円OFF☆早期予約特典付きプラン！ 和洋室 朝・夕,true,public_bath,booking_confusion;onsen_related;public_bath_hot_spring,,風呂;お風呂;部屋のお風呂;予約;迎え,공용 대욕장 또는 공용탕 경험을 언급한 후기.,direct_readable,true,mixed,conditional_signal_tag,medium,issue_caution_calibration_needed
kounokura-0048,Jalan,2024/5/1,,https://www.jalan.net/yad362472/kuchikomi/archive/,ja,deb6396a3ca3,一度は泊まりたい美食の宿♪あこがれの温泉露天風呂付客室プラン♪ 和室 朝・夕,true,public_bath;room_bath;room_open_air_bath,onsen_related;public_bath_hot_spring;room_bath_hot_spring,,温泉;露天風呂;露天;風呂;大浴場;貸し切り;部屋風呂,객실 노천탕을 숙박 경험의 핵심 장점으로 언급한 후기.,direct_readable,true,positive,positive_signal_no_caution,medium,issue_caution_calibration_needed
kounokura-0049,Jalan,2024/3/16,,https://www.jalan.net/yad362472/kuchikomi/archive/,ja,7284e71cfd64,【早割21】1500円OFF☆早期予約特典付きプラン！ 和洋室 朝・夕,true,facility_wide,booking_confusion;onsen_related,,湯;予約,송영·위치·예약 동선을 함께 언급한 후기.,direct_readable,true,mixed,conditional_signal_tag,medium,issue_caution_calibration_needed
kounokura-0050,Jalan,2023/12/31,,https://www.jalan.net/yad362472/kuchikomi/archive/,ja,69fd17611f94,一度は泊まりたい美食の宿♪あこがれの温泉露天風呂付客室プラン♪ 和洋室 朝・夕,true,room_open_air_bath,onsen_related;room_bath_hot_spring;water_texture,,温泉;露天風呂;露天;風呂;泉質,객실 노천탕과 온천 수질·피부감 언급이 함께 나타난 후기.,direct_readable,true,positive,positive_signal_no_caution,medium,issue_caution_calibration_needed
kounokura-0051,Jalan,2023/12/20,,https://www.jalan.net/yad362472/kuchikomi/archive/,ja,dbde80f6bdba,一度は泊まりたい美食の宿♪あこがれの温泉露天風呂付客室プラン♪ 和洋室 朝・夕,true,room_open_air_bath,onsen_related;room_bath_hot_spring,,温泉;露天風呂;露天;風呂,객실 노천탕을 숙박 경험의 핵심 장점으로 언급한 후기.,direct_readable,true,positive,positive_signal_no_caution,medium,issue_caution_calibration_needed
kounokura-0052,Jalan,2023/11/12,,https://www.jalan.net/yad362472/kuchikomi/archive/,ja,25877096247a,【早割21】1500円OFF☆早期予約特典付きプラン！ 和室 朝・夕,true,facility_wide,booking_confusion;onsen_related,,温泉;トロトロ;予約;電話,송영·위치·예약 동선을 함께 언급한 후기.,direct_readable,true,mixed,conditional_signal_tag,medium,issue_caution_calibration_needed
kounokura-0053,Jalan,2023/7/5,,https://www.jalan.net/yad362472/kuchikomi/archive/,ja,e7c2486985e7,【早割21】1500円OFF☆早期予約特典付きプラン！ 和室 朝・夕,true,facility_wide,booking_confusion;onsen_related,,風呂;予約,송영·위치·예약 동선을 함께 언급한 후기.,direct_readable,true,mixed,conditional_signal_tag,medium,issue_caution_calibration_needed
kounokura-0054,Jalan,2023/5/1,,https://www.jalan.net/yad362472/kuchikomi/archive/,ja,8071ad2a2521,【早割14】1000円OFF☆早期予約特典付きプラン！ 和洋室 朝・夕,true,room_open_air_bath,booking_confusion;onsen_related;room_bath_hot_spring,,露天風呂;露天;風呂;部屋の露天;お部屋の露天;予約;場所,객실 노천탕을 숙박 경험의 핵심 장점으로 언급한 후기.,direct_readable,true,mixed,conditional_signal_tag,medium,issue_caution_calibration_needed
kounokura-0055,Jalan,2023/3/15,,https://www.jalan.net/yad362472/kuchikomi/archive/,ja,4657fe010e89,【早割21】1500円OFF☆早期予約特典付きプラン！ 和洋室 朝・夕,true,room_open_air_bath,booking_confusion;onsen_related;room_bath_hot_spring,,温泉;露天風呂;露天;風呂;予約,객실 노천탕을 숙박 경험의 핵심 장점으로 언급한 후기.,direct_readable,true,mixed,conditional_signal_tag,medium,issue_caution_calibration_needed
kounokura-0056,Jalan,2023/1/5,,https://www.jalan.net/yad362472/kuchikomi/archive/,ja,ed7acb24071f,一度は泊まりたい美食の宿♪あこがれの温泉露天風呂付客室プラン♪ 和洋室 朝・夕,true,room_open_air_bath,onsen_related;room_bath_hot_spring,cleanliness_or_safety;temperature,温泉;露天風呂;露天;風呂;お風呂;湯;寒;迎え;滑,객실 노천탕을 숙박 경험의 핵심 장점으로 언급한 후기.,direct_readable,true,mixed,body_negative_with_context,high,issue_caution_calibration_needed
kounokura-0057,Jalan,2022/12/15,,https://www.jalan.net/yad362472/kuchikomi/archive/,ja,070bdd05b407,【早割21】1500円OFF☆早期予約特典付きプラン！ 和室 朝・夕,true,room_open_air_bath,booking_confusion;onsen_related;room_bath_hot_spring;water_texture,,温泉;露天風呂;露天;風呂;泉質;トロトロ;予約;迎え,객실 노천탕과 온천 수질·피부감 언급이 함께 나타난 후기.,direct_readable,true,mixed,conditional_signal_tag,medium,issue_caution_calibration_needed
kounokura-0058,Jalan,2022/12/6,,https://www.jalan.net/yad362472/kuchikomi/archive/2.HTML,ja,dd38cced60c5,【早割21】1500円OFF☆早期予約特典付きプラン！ 和室 朝・夕,true,facility_wide,booking_confusion;onsen_related,,風呂;お風呂;予約,송영·위치·예약 동선을 함께 언급한 후기.,direct_readable,true,mixed,conditional_signal_tag,medium,issue_caution_calibration_needed
kounokura-0059,Jalan,2022/9/26,,https://www.jalan.net/yad362472/kuchikomi/archive/2.HTML,ja,90ad7a86c837,一度は泊まりたい美食の宿♪あこがれの温泉露天風呂付客室プラン♪ 和室 朝・夕,true,public_bath;room_bath;room_open_air_bath,onsen_related;public_bath_hot_spring;room_bath_hot_spring,,温泉;露天風呂;露天;風呂;お風呂;大浴場;部屋風呂,객실 노천탕을 숙박 경험의 핵심 장점으로 언급한 후기.,direct_readable,true,positive,positive_signal_no_caution,medium,issue_caution_calibration_needed
kounokura-0060,Jalan,2022/9/10,,https://www.jalan.net/yad362472/kuchikomi/archive/2.HTML,ja,ae1e6be465d9,【おすすめ】豊後牛を使用した肉三昧プラン☆ボリューム満点！とろける肉の旨味を愉しむ。 和洋室 朝・夕,true,room_open_air_bath,onsen_related;room_bath_hot_spring;water_texture,,露天風呂;露天;風呂;お風呂;部屋の露天;お部屋の露天;部屋に露天;露天風呂付き,객실 노천탕과 온천 수질·피부감 언급이 함께 나타난 후기.,direct_readable,true,positive,positive_signal_no_caution,medium,issue_caution_calibration_needed
kounokura-0061,Jalan,2022/8/18,,https://www.jalan.net/yad362472/kuchikomi/archive/2.HTML,ja,fadcc5dd48fc,一度は泊まりたい美食の宿♪あこがれの温泉露天風呂付客室プラン♪ 和洋室 朝・夕,true,room_open_air_bath,onsen_related;room_bath_hot_spring,,温泉;露天風呂;露天;風呂,객실 노천탕을 숙박 경험의 핵심 장점으로 언급한 후기.,direct_readable,true,positive,positive_signal_no_caution,medium,issue_caution_calibration_needed
kounokura-0062,Jalan,2022/8/3,,https://www.jalan.net/yad362472/kuchikomi/archive/2.HTML,ja,d4a4e0b89dcc,一度は泊まりたい美食の宿♪あこがれの温泉露天風呂付客室プラン♪ 和洋室 朝・夕,true,room_open_air_bath,onsen_related;room_bath_hot_spring,,温泉;露天風呂;露天;風呂,객실 노천탕을 숙박 경험의 핵심 장점으로 언급한 후기.,direct_readable,true,positive,positive_signal_no_caution,medium,issue_caution_calibration_needed
kounokura-0063,Jalan,2022/3/18,,https://www.jalan.net/yad362472/kuchikomi/archive/2.HTML,ja,f0c393ea682d,【早割21】1500円OFF☆早期予約特典付きプラン！ 和室 朝・夕,true,room_open_air_bath,booking_confusion;onsen_related;room_bath_hot_spring,,温泉;露天風呂;露天;風呂;部屋の露天;お部屋の露天;予約,객실 노천탕을 숙박 경험의 핵심 장점으로 언급한 후기.,direct_readable,true,mixed,conditional_signal_tag,medium,issue_caution_calibration_needed
kounokura-0064,Jalan,2021/8/22,,https://www.jalan.net/yad362472/kuchikomi/archive/2.HTML,ja,1268c38a8879,【早割21】1500円OFF☆早期予約特典付きプラン！ 和室 朝・夕,false,unclear,booking_confusion,,予約,송영·위치·예약 동선을 함께 언급한 후기.,direct_readable,true,mixed,conditional_signal_tag,medium,issue_caution_calibration_needed
kounokura-0065,Jalan,2020/10/22,,https://www.jalan.net/yad362472/kuchikomi/archive/2.HTML,ja,edfa7503d501,一度は泊まりたい美食の宿♪あこがれの温泉露天風呂付客室プラン♪ 和室 朝・夕,true,room_open_air_bath,onsen_related;room_bath_hot_spring,,温泉;露天風呂;露天;風呂;部屋の露天;迎え,객실 노천탕을 숙박 경험의 핵심 장점으로 언급한 후기.,direct_readable,true,positive,positive_signal_no_caution,medium,issue_caution_calibration_needed
kounokura-0066,Jalan,2020/10/14,,https://www.jalan.net/yad362472/kuchikomi/archive/2.HTML,ja,3841f11cbfe7,一度は泊まりたい美食の宿♪あこがれの温泉露天風呂付客室プラン♪ 和室 朝・夕,true,room_open_air_bath,onsen_related;room_bath_hot_spring,,温泉;露天風呂;露天;風呂;お風呂;露天付き,객실 노천탕을 숙박 경험의 핵심 장점으로 언급한 후기.,direct_readable,true,positive,positive_signal_no_caution,medium,issue_caution_calibration_needed
kounokura-0067,Jalan,2020/2/4,,https://www.jalan.net/yad362472/kuchikomi/archive/2.HTML,ja,403a38af9955,【豊後牛増量】大分が誇るブランド牛をもっと欲張りに 和室 朝・夕,false,unclear,,,,숙박 경험을 평가한 직접 리뷰 표본.,direct_readable,true,neutral,neutral_or_lodging_context,medium,issue_caution_calibration_needed
kounokura-0068,Jalan,2020/1/27,,https://www.jalan.net/yad362472/kuchikomi/archive/2.HTML,ja,b47e38df21dc,一度は泊まりたい美食の宿♪あこがれの温泉露天風呂付客室プラン♪ 和室 朝・夕,true,room_open_air_bath,onsen_related;room_bath_hot_spring,temperature,温泉;露天風呂;露天;風呂;お風呂;湯;熱い;温度;寒,객실 노천탕을 숙박 경험의 핵심 장점으로 언급한 후기.,direct_readable,true,mixed,body_negative_with_context,high,issue_caution_calibration_needed
kounokura-0069,Jalan,2019/10/28,,https://www.jalan.net/yad362472/kuchikomi/archive/2.HTML,ja,c3995d5f3dcc,【早割21】1500円OFF☆早期予約特典付きプラン！ 和室 朝・夕,true,room_bath,booking_confusion;onsen_related;room_bath_hot_spring,,温泉;風呂;予約;迎え;場所,송영·위치·예약 동선을 함께 언급한 후기.,direct_readable,true,mixed,conditional_signal_tag,medium,issue_caution_calibration_needed
kounokura-0070,Jalan,2019/9/29,,https://www.jalan.net/yad362472/kuchikomi/archive/2.HTML,ja,7352f093db12,【早割21】1500円OFF☆早期予約特典付きプラン！ 和洋室 朝・夕,true,facility_wide,booking_confusion;onsen_related,temperature,風呂;お風呂;温度;予約,온도·동선·청결 등 운영상 주의 신호가 포함된 후기.,direct_readable,true,mixed,caution_or_issue_tag,high,issue_caution_calibration_needed
kounokura-0071,Jalan,2019/9/17,,https://www.jalan.net/yad362472/kuchikomi/archive/2.HTML,ja,9a12ae48d22d,一度は泊まりたい美食の宿♪あこがれの温泉露天風呂付客室プラン♪ 和室 朝・夕,true,room_open_air_bath,booking_confusion;onsen_related;room_bath_hot_spring,,温泉;露天風呂;露天;風呂,객실 노천탕을 숙박 경험의 핵심 장점으로 언급한 후기.,direct_readable,true,mixed,conditional_signal_tag,medium,issue_caution_calibration_needed
kounokura-0072,Jalan,2019/8/13,,https://www.jalan.net/yad362472/kuchikomi/archive/2.HTML,ja,7c1971b10cc9,【早割21】1500円OFF☆早期予約特典付きプラン！ 和洋室 朝・夕,true,room_open_air_bath,booking_confusion;onsen_related;room_bath_hot_spring,,露天風呂;露天;風呂;予約,객실 노천탕을 숙박 경험의 핵심 장점으로 언급한 후기.,direct_readable,true,mixed,conditional_signal_tag,medium,issue_caution_calibration_needed
kounokura-0073,Jalan,2019/8/12,,https://www.jalan.net/yad362472/kuchikomi/archive/2.HTML,ja,d2f225af0365,一度は泊まりたい美食の宿♪あこがれの温泉露天風呂付客室プラン♪ 和室 朝・夕,true,room_open_air_bath,onsen_related;room_bath_hot_spring;water_texture,,温泉;露天風呂;露天;風呂;トロトロ;肌,객실 노천탕과 온천 수질·피부감 언급이 함께 나타난 후기.,direct_readable,true,positive,body_positive,high,issue_caution_calibration_needed
kounokura-0074,Jalan,2019/8/4,,https://www.jalan.net/yad362472/kuchikomi/archive/2.HTML,ja,01b8d5299596,一度は泊まりたい美食の宿♪あこがれの温泉露天風呂付客室プラン♪ 和洋室 朝・夕,true,room_open_air_bath,onsen_related;room_bath_hot_spring,,温泉;露天風呂;露天;風呂,객실 노천탕을 숙박 경험의 핵심 장점으로 언급한 후기.,direct_readable,true,positive,positive_signal_no_caution,medium,issue_caution_calibration_needed
kounokura-0075,Jalan,2019/7/2,,https://www.jalan.net/yad362472/kuchikomi/archive/2.HTML,ja,12f054e37241,【早割21】1500円OFF☆早期予約特典付きプラン！ 和洋室 朝・夕,false,unclear,booking_confusion,,予約,송영·위치·예약 동선을 함께 언급한 후기.,direct_readable,true,mixed,conditional_signal_tag,medium,issue_caution_calibration_needed
kounokura-0076,Jalan,2019/5/15,,https://www.jalan.net/yad362472/kuchikomi/archive/2.HTML,ja,3af40f137358,【早割14】1000円OFF☆早期予約特典付きプラン！ 和洋室 朝・夕,false,unclear,booking_confusion,,予約,송영·위치·예약 동선을 함께 언급한 후기.,direct_readable,true,mixed,conditional_signal_tag,medium,issue_caution_calibration_needed
kounokura-0077,Jalan,2019/4/9,,https://www.jalan.net/yad362472/kuchikomi/archive/2.HTML,ja,dd9d2062fc81,【早割21】1500円OFF☆早期予約特典付きプラン！ 和洋室 朝・夕,true,public_bath;room_open_air_bath,booking_confusion;onsen_related;public_bath_hot_spring;room_bath_hot_spring,,温泉;露天風呂;露天;風呂;大浴場;部屋の露天;予約;迎え;電話,객실 노천탕을 숙박 경험의 핵심 장점으로 언급한 후기.,direct_readable,true,mixed,conditional_signal_tag,medium,issue_caution_calibration_needed
kounokura-0078,Jalan,2019/2/1,,https://www.jalan.net/yad362472/kuchikomi/archive/2.HTML,ja,9f973b83a599,一度は泊まりたい美食の宿♪あこがれの温泉露天風呂付客室プラン♪ 和洋室 朝・夕,true,room_open_air_bath,onsen_related;room_bath_hot_spring,cleanliness_or_safety;temperature,温泉;露天風呂;露天;風呂;お風呂;温度;迎え;臭,객실 노천탕을 숙박 경험의 핵심 장점으로 언급한 후기.,direct_readable,true,mixed,body_negative_with_context,high,issue_caution_calibration_needed
kounokura-0079,Jalan,2019/1/29,,https://www.jalan.net/yad362472/kuchikomi/archive/2.HTML,ja,cef234cc8847,【早割21】1500円OFF☆早期予約特典付きプラン！ 和洋室 朝・夕,true,room_open_air_bath,booking_confusion;onsen_related;room_bath_hot_spring;water_texture,,温泉;露天風呂;露天;風呂;泉質;トロトロ;予約,객실 노천탕과 온천 수질·피부감 언급이 함께 나타난 후기.,direct_readable,true,mixed,conditional_signal_tag,medium,issue_caution_calibration_needed
kounokura-0080,Jalan,2019/1/16,,https://www.jalan.net/yad362472/kuchikomi/archive/2.HTML,ja,4622a30d7755,【早割21】1500円OFF☆早期予約特典付きプラン！ 和洋室 朝・夕,true,public_bath;room_open_air_bath,booking_confusion;onsen_related;public_bath_hot_spring;room_bath_hot_spring;weak_onsen_feeling,temperature,露天風呂;露天;風呂;大浴場;源泉;湯;温度;寒;予約;場所,객실 노천탕을 숙박 경험의 핵심 장점으로 언급한 후기.,direct_readable,true,negative,negative_signal_tag,high,issue_caution_calibration_needed
kounokura-0081,Jalan,2018/11/11,,https://www.jalan.net/yad362472/kuchikomi/archive/2.HTML,ja,3c361fda51f2,【早割21】1500円OFF☆早期予約特典付きプラン！ 和洋室 朝・夕,true,public_bath;room_open_air_bath,booking_confusion;onsen_related;public_bath_hot_spring;room_bath_hot_spring;water_texture,,温泉;露天風呂;露天;風呂;お風呂;大浴場;湯;部屋に露天;予約;迎え,객실 노천탕과 온천 수질·피부감 언급이 함께 나타난 후기.,direct_readable,true,mixed,conditional_signal_tag,medium,issue_caution_calibration_needed
kounokura-0082,Jalan,2018/9/3,,https://www.jalan.net/yad362472/kuchikomi/archive/2.HTML,ja,7109b1ee89cc,旬の会席と離れで過ごす一時♪ 和洋室 朝・夕,true,facility_wide,onsen_related,,風呂;お風呂,숙박 경험을 평가한 직접 리뷰 표본.,direct_readable,true,positive,positive_signal_no_caution,medium,issue_caution_calibration_needed
kounokura-0083,Jalan,2018/4/30,,https://www.jalan.net/yad362472/kuchikomi/archive/2.HTML,ja,9759132b844b,【豊後牛増量】大分が誇るブランド牛をもっと欲張りに 和室 朝・夕,true,room_open_air_bath,onsen_related;room_bath_hot_spring,,露天風呂;露天;風呂;部屋の露天;お部屋の露天;迎え,객실 노천탕을 숙박 경험의 핵심 장점으로 언급한 후기.,direct_readable,true,positive,positive_signal_no_caution,medium,issue_caution_calibration_needed
kounokura-0084,Jalan,2018/2/24,,https://www.jalan.net/yad362472/kuchikomi/archive/2.HTML,ja,240b3c729873,旬の会席と離れで過ごす一時♪ 和洋室 朝・夕,true,room_open_air_bath,onsen_related;room_bath_hot_spring,temperature,露天風呂;露天;風呂;寒,객실 노천탕을 숙박 경험의 핵심 장점으로 언급한 후기.,direct_readable,true,mixed,body_negative_with_context,high,issue_caution_calibration_needed
kounokura-0085,Jalan,2018/1/21,,https://www.jalan.net/yad362472/kuchikomi/archive/2.HTML,ja,eadb0fb765d1,【早割21】1500円OFF☆早期予約特典付きプラン！ 和室 朝・夕,true,public_bath,booking_confusion;onsen_related;public_bath_hot_spring,,温泉;大浴場;予約,공용 대욕장 또는 공용탕 경험을 언급한 후기.,direct_readable,true,mixed,conditional_signal_tag,medium,issue_caution_calibration_needed
kounokura-0086,Jalan,2017/12/7,,https://www.jalan.net/yad362472/kuchikomi/archive/2.HTML,ja,c9a984055d7c,【豊後牛増量】大分が誇るブランド牛をもっと欲張りに 和洋室 朝・夕,true,public_bath,booking_confusion;onsen_related;public_bath_hot_spring,,大浴場;湯,공용 대욕장 또는 공용탕 경험을 언급한 후기.,direct_readable,true,mixed,conditional_signal_tag,medium,issue_caution_calibration_needed
kounokura-0087,Jalan,2017/11/27,,https://www.jalan.net/yad362472/kuchikomi/archive/2.HTML,ja,8cb93129c42d,【早割21】1500円OFF☆早期予約特典付きプラン！ 和室 朝・夕,true,room_open_air_bath,booking_confusion;onsen_related;room_bath_hot_spring,,露天;湯;客室露天;予約,객실 노천탕을 숙박 경험의 핵심 장점으로 언급한 후기.,direct_readable,true,mixed,conditional_signal_tag,medium,issue_caution_calibration_needed
kounokura-0088,Jalan,2017/11/26,,https://www.jalan.net/yad362472/kuchikomi/archive/3.HTML,ja,56f6a5cab34a,旬の会席と離れで過ごす一時♪ 和洋室 朝・夕,true,facility_wide,onsen_related,,風呂;お風呂;湯,숙박 경험을 평가한 직접 리뷰 표본.,direct_readable,true,positive,positive_signal_no_caution,medium,issue_caution_calibration_needed
kounokura-0089,Jalan,2017/11/14,,https://www.jalan.net/yad362472/kuchikomi/archive/3.HTML,ja,9e77383a7d32,【平日限定】一泊朝食付きプラン！ 和室 朝のみ,true,facility_wide,onsen_related,,風呂;お風呂,숙박 경험을 평가한 직접 리뷰 표본.,direct_readable,true,positive,positive_signal_no_caution,medium,issue_caution_calibration_needed
kounokura-0090,Jalan,2017/10/10,,https://www.jalan.net/yad362472/kuchikomi/archive/3.HTML,ja,dcfb89e9c111,【豊後牛増量】大分が誇るブランド牛をもっと欲張りに 和洋室 朝・夕,true,room_bath,onsen_related;room_bath_hot_spring;water_texture,,風呂;湯;肌;部屋風呂,알칼리성 온천의 질감이나 피부감을 언급한 후기.,direct_readable,true,positive,positive_signal_no_caution,medium,issue_caution_calibration_needed
kounokura-0091,Jalan,2017/6/30,,https://www.jalan.net/yad362472/kuchikomi/archive/3.HTML,ja,c4ee757cec26,【早割21】1500円OFF☆早期予約特典付きプラン！ 和洋室 朝・夕,true,room_open_air_bath,booking_confusion;onsen_related;room_bath_hot_spring;water_texture,,露天風呂;露天;風呂;湯;肌;予約,객실 노천탕과 온천 수질·피부감 언급이 함께 나타난 후기.,direct_readable,true,mixed,conditional_signal_tag,medium,issue_caution_calibration_needed
kounokura-0092,Jalan,2016/9/15,,https://www.jalan.net/yad362472/kuchikomi/archive/3.HTML,ja,0a9112c6c948,【平日限定】一泊朝食付きプラン！ 和室 朝のみ,true,room_open_air_bath,onsen_related;room_bath_hot_spring,,露天風呂;露天;風呂,객실 노천탕을 숙박 경험의 핵심 장점으로 언급한 후기.,direct_readable,true,positive,positive_signal_no_caution,medium,issue_caution_calibration_needed
kounokura-0093,Jalan,2016/9/8,,https://www.jalan.net/yad362472/kuchikomi/archive/3.HTML,ja,01ad90a9c55d,【早割21】1500円OFF☆早期予約特典付きプラン！ 和室 朝・夕,true,public_bath;room_open_air_bath,booking_confusion;onsen_related;public_bath_hot_spring;room_bath_hot_spring,,露天風呂;露天;風呂;大浴場;客室露天;予約,객실 노천탕을 숙박 경험의 핵심 장점으로 언급한 후기.,direct_readable,true,mixed,conditional_signal_tag,medium,issue_caution_calibration_needed
kounokura-0094,Jalan,2016/8/23,,https://www.jalan.net/yad362472/kuchikomi/archive/3.HTML,ja,640305d23dd5,旬の会席と離れで過ごす一時♪ 和洋室 朝・夕,true,facility_wide,booking_confusion;onsen_related,cleanliness_or_safety,温泉;風呂;お風呂;湯;部屋のお風呂;滑,온도·동선·청결 등 운영상 주의 신호가 포함된 후기.,direct_readable,true,mixed,caution_or_issue_tag,high,issue_caution_calibration_needed
kounokura-0095,Jalan,2016/6/5,,https://www.jalan.net/yad362472/kuchikomi/archive/3.HTML,ja,8270c614a660,【早割14】1000円OFF☆早期予約特典付きプラン！ 和洋室 朝・夕,true,room_bath,booking_confusion;onsen_related;room_bath_hot_spring,cleanliness_or_safety,露天;風呂;部屋風呂;予約;虫;蚊,온도·동선·청결 등 운영상 주의 신호가 포함된 후기.,direct_readable,true,mixed,body_negative_with_context,high,issue_caution_calibration_needed
kounokura-0096,Jalan,2016/6/4,,https://www.jalan.net/yad362472/kuchikomi/archive/3.HTML,ja,6e4291789319,【早割21】1500円OFF☆早期予約特典付きプラン！ 和洋室 朝・夕,true,private_bath;public_bath;room_bath,booking_confusion;crowding;onsen_related;private_bath_experience;public_bath_hot_spring;room_bath_hot_spring,,風呂;大浴場;貸切;部屋風呂;貸切状態;予約,대욕장/공용탕을 조용하거나 거의 전세처럼 이용했다는 후기.,direct_readable,true,mixed,conditional_signal_tag,medium,issue_caution_calibration_needed
kounokura-0097,Jalan,2016/3/15,,https://www.jalan.net/yad362472/kuchikomi/archive/3.HTML,ja,5603a3eb91d5,【早割21】1500円OFF☆早期予約特典付きプラン！ 和洋室 朝・夕,false,unclear,booking_confusion,,予約,송영·위치·예약 동선을 함께 언급한 후기.,direct_readable,true,mixed,conditional_signal_tag,medium,issue_caution_calibration_needed
kounokura-0098,Jalan,2016/1/30,,https://www.jalan.net/yad362472/kuchikomi/archive/3.HTML,ja,7157da6bea90,【早割21】1500円OFF☆早期予約特典付きプラン！ 和室 朝・夕,false,unclear,booking_confusion,,予約,송영·위치·예약 동선을 함께 언급한 후기.,direct_readable,true,mixed,conditional_signal_tag,medium,issue_caution_calibration_needed
kounokura-0099,Jalan,2016/1/26,,https://www.jalan.net/yad362472/kuchikomi/archive/3.HTML,ja,1a033e6a312a,【早割21】1500円OFF☆早期予約特典付きプラン！ 和室 朝・夕,true,room_open_air_bath,booking_confusion;onsen_related;room_bath_hot_spring,,露天風呂;露天;風呂;露天風呂付き;予約,객실 노천탕을 숙박 경험의 핵심 장점으로 언급한 후기.,direct_readable,true,mixed,conditional_signal_tag,medium,issue_caution_calibration_needed
kounokura-0100,Jalan,2015/11/25,,https://www.jalan.net/yad362472/kuchikomi/archive/3.HTML,ja,d24088d145ba,【豊後牛増量】大分が誇るブランド牛をもっと欲張りに 和室 朝・夕,true,facility_wide,onsen_related,,風呂;お風呂;湯;迎え,숙박 경험을 평가한 직접 리뷰 표본.,direct_readable,true,positive,positive_signal_no_caution,medium,issue_caution_calibration_needed
kounokura-0101,Jalan,2015/10/6,,https://www.jalan.net/yad362472/kuchikomi/archive/3.HTML,ja,4daf80894e6d,旬の会席と離れで過ごす一時♪ 和洋室 朝・夕,true,room_open_air_bath,onsen_related;room_bath_hot_spring,,露天風呂;露天;風呂;客室露天;場所,객실 노천탕을 숙박 경험의 핵심 장점으로 언급한 후기.,direct_readable,true,positive,positive_signal_no_caution,medium,issue_caution_calibration_needed
kounokura-0102,Jalan,2014/9/28,,https://www.jalan.net/yad362472/kuchikomi/archive/3.HTML,ja,7c90fbf9d1a5,【リニューアル記念】一泊朝食付きプラン！ 和室 朝のみ,true,room_bath,onsen_related;room_bath_hot_spring,cleanliness_or_safety,露天;風呂;部屋風呂;虫,온도·동선·청결 등 운영상 주의 신호가 포함된 후기.,direct_readable,true,mixed,body_negative_with_context,high,issue_caution_calibration_needed
kounokura-0103,Jalan,2014/4/14,,https://www.jalan.net/yad362472/kuchikomi/archive/3.HTML,ja,5cf7646a636a,【早割14】1000円OFF☆早期予約特典付きプラン！ 和洋室 朝・夕,true,public_bath;room_bath;room_open_air_bath,booking_confusion;onsen_related;public_bath_hot_spring;room_bath_hot_spring,,露天風呂;露天;風呂;お風呂;大浴場;湯;予約,객실 노천탕을 숙박 경험의 핵심 장점으로 언급한 후기.,direct_readable,true,mixed,conditional_signal_tag,medium,issue_caution_calibration_needed
kounokura-0104,Jalan,2014/3/31,,https://www.jalan.net/yad362472/kuchikomi/archive/3.HTML,ja,0a7015cba7ec,【リニューアル記念】お部屋限定お得に2000円引き☆ 和室 朝・夕,true,room_open_air_bath,onsen_related;room_bath_hot_spring,cleanliness_or_safety,臭;滑,객실 노천탕을 숙박 경험의 핵심 장점으로 언급한 후기.,direct_readable,true,mixed,body_negative_with_context,high,issue_caution_calibration_needed
kounokura-0105,Jalan,2013/11/26,,https://www.jalan.net/yad362472/kuchikomi/archive/3.HTML,ja,162a06949096,【リニューアル記念】旬の会席と離れで過ごす一時♪ 和室 朝・夕,true,room_open_air_bath,onsen_related;room_bath_hot_spring,,露天風呂;露天;風呂,객실 노천탕을 숙박 경험의 핵심 장점으로 언급한 후기.,direct_readable,true,positive,positive_signal_no_caution,medium,issue_caution_calibration_needed
kounokura-0106,Rakuten Travel,2026-05-17,5,https://travel.rakuten.co.jp/HOTEL/129936/review.html,ja,fc823b0dac61,【ぼたん】露天風呂付き和室離れ14畳,true,room_open_air_bath,booking_confusion;crowding;onsen_related;room_bath_hot_spring;water_texture,temperature,露天風呂;露天;風呂;お風呂;湯;肌;すべすべ;貸し切り;部屋の露天;お部屋の露天,객실 노천탕과 온천 수질·피부감 언급이 함께 나타난 후기.,direct_readable,true,mixed,caution_or_issue_tag,high,issue_caution_calibration_needed
kounokura-0107,Rakuten Travel,2026-03-28,5,https://travel.rakuten.co.jp/HOTEL/129936/review.html,ja,e5f3535189b2,【居待月】露天風呂・サウナ 10畳2間ツイン＋ロフト付き,true,room_bath,onsen_related;room_bath_hot_spring,temperature,温泉;露天風呂;露天;風呂;お風呂;部屋のお風呂;温度,온도·동선·청결 등 운영상 주의 신호가 포함된 후기.,direct_readable,true,mixed,caution_or_issue_tag,high,issue_caution_calibration_needed
kounokura-0108,Rakuten Travel,2026-02-10,5,https://travel.rakuten.co.jp/HOTEL/129936/review.html,ja,66a5628ac4e5,【お部屋おまかせ】露天風呂付き和室20畳,true,room_open_air_bath,booking_confusion;onsen_related;room_bath_hot_spring,,露天風呂;露天;風呂;湯;露天風呂付き;送迎;電話,객실 노천탕을 숙박 경험의 핵심 장점으로 언급한 후기.,direct_readable,true,mixed,conditional_signal_tag,medium,issue_caution_calibration_needed
kounokura-0109,Rakuten Travel,2026-03-14,5,https://travel.rakuten.co.jp/HOTEL/129936/review.html,ja,124d05f79670,【もくれん】カップル向け/露天風呂付和洋室離れ18畳ツイン,true,facility_wide,booking_confusion;onsen_related,,温泉;露天風呂;露天;風呂;迎え,송영·위치·예약 동선을 함께 언급한 후기.,direct_readable,true,mixed,conditional_signal_tag,medium,issue_caution_calibration_needed
kounokura-0110,Rakuten Travel,2026-02-07,3,https://travel.rakuten.co.jp/HOTEL/129936/review.html,ja,12c8afa76cea,【ぼたん】露天風呂付き和室離れ14畳,true,room_open_air_bath,onsen_related;room_bath_hot_spring,temperature,露天風呂;露天;風呂;部屋に露天;露天風呂付き;寒,객실 노천탕을 숙박 경험의 핵심 장점으로 언급한 후기.,direct_readable,true,mixed,body_negative_with_context,high,issue_caution_calibration_needed
kounokura-0111,Rakuten Travel,2026-01-04,5,https://travel.rakuten.co.jp/HOTEL/129936/review.html,ja,d82898b3b85f,【お部屋おまかせ】露天風呂付き和室20畳,true,room_open_air_bath,booking_confusion;onsen_related;room_bath_hot_spring,,露天風呂;露天;風呂;源泉;掛け流し;露天風呂付き;迎え,객실 노천탕을 숙박 경험의 핵심 장점으로 언급한 후기.,direct_readable,true,mixed,conditional_signal_tag,medium,issue_caution_calibration_needed
kounokura-0112,Rakuten Travel,2025-11-02,5,https://travel.rakuten.co.jp/HOTEL/129936/review.html,ja,49b3d3c74944,【もくれん】カップル向け/露天風呂付和洋室離れ18畳ツイン,true,facility_wide,onsen_related,,露天風呂;露天;風呂,숙박 경험을 평가한 직접 리뷰 표본.,direct_readable,true,positive,rating_positive_signal,medium,issue_caution_calibration_needed
kounokura-0113,Rakuten Travel,2025-09-30,4,https://travel.rakuten.co.jp/HOTEL/129936/review.html,ja,f0be636055e6,【ぼたん】露天風呂付き和室離れ14畳,true,room_open_air_bath,onsen_related;room_bath_hot_spring,,露天風呂;露天;風呂;露天風呂付き,객실 노천탕을 숙박 경험의 핵심 장점으로 언급한 후기.,direct_readable,true,positive,rating_positive_signal,medium,issue_caution_calibration_needed
kounokura-0114,Rakuten Travel,2025-09-12,4,https://travel.rakuten.co.jp/HOTEL/129936/review.html,ja,a69197915ff5,【ぼたん】露天風呂付き和室離れ14畳,true,room_open_air_bath,onsen_related;room_bath_hot_spring,,露天風呂;露天;風呂;お風呂;露天風呂付き,객실 노천탕을 숙박 경험의 핵심 장점으로 언급한 후기.,direct_readable,true,positive,rating_positive_signal,medium,issue_caution_calibration_needed
kounokura-0115,Rakuten Travel,2025-06-23,5,https://travel.rakuten.co.jp/HOTEL/129936/review.html,ja,8aa841e79f7e,【もくれん】カップル向け/露天風呂付和洋室離れ18畳ツイン,true,room_open_air_bath,booking_confusion;onsen_related;room_bath_hot_spring,,露天風呂;露天;風呂;客室露天;送迎;駅から,객실 노천탕을 숙박 경험의 핵심 장점으로 언급한 후기.,direct_readable,true,mixed,conditional_signal_tag,medium,issue_caution_calibration_needed
kounokura-0116,Rakuten Travel,2024-04-15,5,https://travel.rakuten.co.jp/HOTEL/129936/review.html,ja,aff35786d13a,【もくれん】カップル向け/露天檜風呂付和洋室離れ18畳ツイン,true,public_bath;room_bath,booking_confusion;onsen_related;public_bath_hot_spring;room_bath_hot_spring,,露天;風呂;お風呂;大浴場;部屋のお風呂;電話,공용 대욕장 또는 공용탕 경험을 언급한 후기.,direct_readable,true,mixed,conditional_signal_tag,medium,issue_caution_calibration_needed
kounokura-0117,Rakuten Travel,2023-10-19,5,https://travel.rakuten.co.jp/HOTEL/129936/review.html,ja,133d5602f474,【もくれん】カップル向け/露天檜風呂付和洋室離れ18畳ツイン,true,facility_wide,onsen_related,,露天;風呂;お風呂,숙박 경험을 평가한 직접 리뷰 표본.,direct_readable,true,positive,rating_positive_signal,medium,issue_caution_calibration_needed
kounokura-0118,Rakuten Travel,2025-06-24,5,https://travel.rakuten.co.jp/HOTEL/129936/review.html,ja,531b7307eb5b,【もくれん】カップル向け/露天風呂付和洋室離れ18畳ツイン,true,facility_wide,onsen_related,,露天風呂;露天;風呂,숙박 경험을 평가한 직접 리뷰 표본.,direct_readable,true,positive,rating_positive_signal,medium,issue_caution_calibration_needed
kounokura-0119,Rakuten Travel,2025-06-20,4,https://travel.rakuten.co.jp/HOTEL/129936/review.html,ja,c3c3d4b28b2a,【もくれん】カップル向け/露天風呂付和洋室離れ18畳ツイン,true,facility_wide,onsen_related,,露天風呂;露天;風呂,숙박 경험을 평가한 직접 리뷰 표본.,direct_readable,true,positive,rating_positive_signal,medium,issue_caution_calibration_needed
kounokura-0120,Rakuten Travel,2024-12-08,5,https://travel.rakuten.co.jp/HOTEL/129936/review.html,ja,5cd39cb9ded8,【もくれん】カップル向け/露天檜風呂付和洋室離れ18畳ツイン,true,public_bath;room_bath,onsen_related;public_bath_hot_spring;room_bath_hot_spring,,露天;風呂;大浴場;部屋風呂,공용 대욕장 또는 공용탕 경험을 언급한 후기.,direct_readable,true,positive,rating_positive_signal,medium,issue_caution_calibration_needed
kounokura-0121,Rakuten Travel,2024-06-06,5,https://travel.rakuten.co.jp/HOTEL/129936/review.html,ja,acabc96520e1,【もくれん】カップル向け/露天檜風呂付和洋室離れ18畳ツイン,true,facility_wide,booking_confusion;onsen_related,,露天;風呂;送迎;駅から,송영·위치·예약 동선을 함께 언급한 후기.,direct_readable,true,mixed,conditional_signal_tag,medium,issue_caution_calibration_needed
kounokura-0122,Rakuten Travel,2023-04-23,5,https://travel.rakuten.co.jp/HOTEL/129936/review.html,ja,38dd4b770352,【もくれん】カップル向け/露天檜風呂付和洋室離れ18畳ツイン,true,room_bath,onsen_related;room_bath_hot_spring,cleanliness_or_safety,露天;風呂;お風呂;部屋のお風呂;落ち葉,온도·동선·청결 등 운영상 주의 신호가 포함된 후기.,direct_readable,true,mixed,caution_or_issue_tag,high,issue_caution_calibration_needed
kounokura-0123,Rakuten Travel,2023-03-21,5,https://travel.rakuten.co.jp/HOTEL/129936/review.html,ja,c3a947135091,【ふじ】露天岩風呂付き和洋室離れ20畳／ツインベッド,true,public_bath;room_bath;room_open_air_bath,crowding;onsen_related;public_bath_hot_spring;room_bath_hot_spring,temperature,露天風呂;露天;風呂;お風呂;大浴場;湯;貸切;客室露天;内湯;温度,객실 노천탕을 숙박 경험의 핵심 장점으로 언급한 후기.,direct_readable,true,mixed,caution_or_issue_tag,high,issue_caution_calibration_needed
kounokura-0124,Rakuten Travel,2023-03-05,5,https://travel.rakuten.co.jp/HOTEL/129936/review.html,ja,6930c813f385,【お部屋おまかせ】露天風呂付き和室20畳,true,public_bath;room_open_air_bath,booking_confusion;onsen_related;public_bath_hot_spring;room_bath_hot_spring,,露天風呂;露天;風呂;大浴場;露天風呂付き;送迎;アクセス,객실 노천탕을 숙박 경험의 핵심 장점으로 언급한 후기.,direct_readable,true,mixed,conditional_signal_tag,medium,issue_caution_calibration_needed
kounokura-0125,Rakuten Travel,2022-11-14,5,https://travel.rakuten.co.jp/HOTEL/129936/review.html,ja,17e2a27d6bae,【もくれん】カップル向け/露天檜風呂付和洋室離れ18畳ツイン,true,public_bath,onsen_related;public_bath_hot_spring,,温泉;露天風呂;露天;風呂;大浴場,공용 대욕장 또는 공용탕 경험을 언급한 후기.,direct_readable,true,positive,rating_positive_signal,medium,issue_caution_calibration_needed
kounokura-0126,Rakuten Travel,2022-09-26,4,https://travel.rakuten.co.jp/HOTEL/129936/review.html,ja,4837be983c7c,【ぼたん】露天檜風呂付き和室離れ14畳,true,facility_wide,onsen_related,cleanliness_or_safety,露天風呂;露天;風呂;滑,온도·동선·청결 등 운영상 주의 신호가 포함된 후기.,direct_readable,true,mixed,caution_or_issue_tag,high,issue_caution_calibration_needed
kounokura-0127,Rakuten Travel,2022-08-24,5,https://travel.rakuten.co.jp/HOTEL/129936/review.html,ja,e5d0702be705,【もくれん】カップル向け/露天檜風呂付和洋室離れ18畳ツイン,true,facility_wide,onsen_related,,温泉;露天風呂;露天;風呂,숙박 경험을 평가한 직접 리뷰 표본.,direct_readable,true,positive,rating_positive_signal,medium,issue_caution_calibration_needed
kounokura-0128,Rakuten Travel,2022-04-28,5,https://travel.rakuten.co.jp/HOTEL/129936/review.html,ja,4a6dba3ce02d,【もくれん】カップル向け/露天檜風呂付和洋室離れ18畳ツイン,true,facility_wide,onsen_related,,露天風呂;露天;風呂,숙박 경험을 평가한 직접 리뷰 표본.,direct_readable,true,positive,rating_positive_signal,medium,issue_caution_calibration_needed
kounokura-0129,Rakuten Travel,2021-12-12,4,https://travel.rakuten.co.jp/HOTEL/129936/review.html,ja,255e5bb7956d,【もくれん】カップル向け/露天檜風呂付和洋室離れ18畳ツイン,true,room_open_air_bath,booking_confusion;onsen_related;room_bath_hot_spring,,露天風呂;露天;風呂;部屋露天;場所,객실 노천탕을 숙박 경험의 핵심 장점으로 언급한 후기.,direct_readable,true,mixed,conditional_signal_tag,medium,issue_caution_calibration_needed
kounokura-0130,Rakuten Travel,2021-11-14,5,https://travel.rakuten.co.jp/HOTEL/129936/review.html,ja,6e2df1be3e6e,【もくれん】カップル向け/露天檜風呂付和洋室離れ18畳ツイン,true,facility_wide,onsen_related,cleanliness_or_safety,露天;風呂;滑,온도·동선·청결 등 운영상 주의 신호가 포함된 후기.,direct_readable,true,mixed,caution_or_issue_tag,high,issue_caution_calibration_needed
kounokura-0131,Rakuten Travel,2021-11-12,5,https://travel.rakuten.co.jp/HOTEL/129936/review.html,ja,330d472f5cf6,【ぼたん】露天檜風呂付き和室離れ14畳,true,public_bath,onsen_related;public_bath_hot_spring,,露天風呂;露天;風呂;お風呂;大浴場,공용 대욕장 또는 공용탕 경험을 언급한 후기.,direct_readable,true,positive,rating_positive_signal,medium,issue_caution_calibration_needed
kounokura-0132,Rakuten Travel,2021-11-11,5,https://travel.rakuten.co.jp/HOTEL/129936/review.html,ja,5ff82117aad5,【ふじ】露天岩風呂付き和洋室離れ20畳／ツインベッド,true,room_open_air_bath,onsen_related;room_bath_hot_spring,,温泉;露天風呂;露天;風呂;お風呂;湯;部屋の露天,객실 노천탕을 숙박 경험의 핵심 장점으로 언급한 후기.,direct_readable,true,positive,rating_positive_signal,medium,issue_caution_calibration_needed
kounokura-0133,Rakuten Travel,2021-09-24,5,https://travel.rakuten.co.jp/HOTEL/129936/review.html,ja,e903a5151df9,【もくれん】カップル向け/露天檜風呂付和洋室離れ18畳ツイン,true,facility_wide,onsen_related,,温泉;露天;風呂,숙박 경험을 평가한 직접 리뷰 표본.,direct_readable,true,positive,rating_positive_signal,medium,issue_caution_calibration_needed
kounokura-0134,Rakuten Travel,2021-08-27,5,https://travel.rakuten.co.jp/HOTEL/129936/review.html,ja,9202a653196a,【ぼたん】露天檜風呂付き和室離れ14畳,true,room_open_air_bath,onsen_related;room_bath_hot_spring;water_texture,temperature,露天風呂;露天;風呂;肌;客室露天;温度,객실 노천탕과 온천 수질·피부감 언급이 함께 나타난 후기.,direct_readable,true,mixed,caution_or_issue_tag,high,issue_caution_calibration_needed
kounokura-0135,Rakuten Travel,2021-08-10,5,https://travel.rakuten.co.jp/HOTEL/129936/review.html,ja,be784ecbf3b6,【もくれん】カップル向け/露天檜風呂付和洋室離れ18畳ツイン,true,public_bath;room_bath;room_open_air_bath,booking_confusion;crowding;onsen_related;public_bath_hot_spring;room_bath_hot_spring,,露天風呂;露天;風呂;お風呂;大浴場;湯;露天風呂付き;部屋のお風呂;少ない;予約,객실 노천탕을 숙박 경험의 핵심 장점으로 언급한 후기.,direct_readable,true,mixed,conditional_signal_tag,medium,issue_caution_calibration_needed
kounokura-0136,Rakuten Travel,2019-11-04,5,https://travel.rakuten.co.jp/HOTEL/129936/review.html,ja,8840e9bce0a6,【ふじ】露天岩風呂付き和洋室離れ20畳／ツインベッド,true,facility_wide,onsen_related;water_texture,,温泉;露天;風呂;湯;泉質;肌;すべすべ,알칼리성 온천의 질감이나 피부감을 언급한 후기.,direct_readable,true,positive,body_positive,high,issue_caution_calibration_needed
kounokura-0137,Rakuten Travel,2019-05-06,4,https://travel.rakuten.co.jp/HOTEL/129936/review.html,ja,0db054b690a2,【もくれん】カップル向け/露天檜風呂付和洋室離れ18畳ツイン,true,facility_wide,onsen_related;water_texture,temperature,温泉;露天;風呂;お風呂;湯;肌;ちょうど良,알칼리성 온천의 질감이나 피부감을 언급한 후기.,direct_readable,true,mixed,caution_or_issue_tag,high,issue_caution_calibration_needed
kounokura-0138,Rakuten Travel,2019-02-25,5,https://travel.rakuten.co.jp/HOTEL/129936/review.html,ja,9973067555e9,【ふじ】露天岩風呂付き和洋室離れ20畳／ツインベッド,true,facility_wide,onsen_related,,露天;風呂,숙박 경험을 평가한 직접 리뷰 표본.,direct_readable,true,positive,rating_positive_signal,medium,issue_caution_calibration_needed
kounokura-0139,Rakuten Travel,2018-10-17,5,https://travel.rakuten.co.jp/HOTEL/129936/review.html,ja,20593102e8b3,【ぼたん】露天檜風呂付き和室離れ14畳,true,facility_wide,onsen_related;water_texture,,温泉;露天;風呂;泉質;肌,알칼리성 온천의 질감이나 피부감을 언급한 후기.,direct_readable,true,positive,rating_positive_signal,medium,issue_caution_calibration_needed
kounokura-0140,Rakuten Travel,2017-05-08,4,https://travel.rakuten.co.jp/HOTEL/129936/review.html,ja,3ae20ecff7ff,【ふじ】露天岩風呂付き和洋室離れ20畳／ツインベッド,true,facility_wide,onsen_related,,露天風呂;露天;風呂,숙박 경험을 평가한 직접 리뷰 표본.,direct_readable,true,positive,rating_positive_signal,medium,issue_caution_calibration_needed
kounokura-0141,Rakuten Travel,2015-11-15,5,https://travel.rakuten.co.jp/HOTEL/129936/review.html,ja,89b1c98933dc,【もくれん】カップル向け/露天檜風呂付和洋室離れ18畳ツイン,true,public_bath;room_open_air_bath,onsen_related;public_bath_hot_spring;room_bath_hot_spring,,温泉;露天;風呂;大浴場;部屋の露天,객실 노천탕을 숙박 경험의 핵심 장점으로 언급한 후기.,direct_readable,true,positive,rating_positive_signal,medium,issue_caution_calibration_needed
kounokura-0142,Rakuten Travel,2015-09-01,4,https://travel.rakuten.co.jp/HOTEL/129936/review.html,ja,b4f3143a3773,【ふじ】露天岩風呂付き和洋室離れ20畳／ツインベッド,true,room_open_air_bath,booking_confusion;onsen_related;room_bath_hot_spring,,露天風呂;露天;風呂;湯;客室露天;露天風呂付き;予約,객실 노천탕을 숙박 경험의 핵심 장점으로 언급한 후기.,direct_readable,true,mixed,conditional_signal_tag,medium,issue_caution_calibration_needed
kounokura-0143,Rakuten Travel,2015-01-26,5,https://travel.rakuten.co.jp/HOTEL/129936/review.html,ja,8c906d39623f,【もくれん】カップル向け/露天檜風呂付和洋室離れ18畳ツイン,true,room_bath,onsen_related;room_bath_hot_spring;water_texture,cleanliness_or_safety,露天;風呂;源泉;掛け流し;湯;泉質;肌;部屋風呂;臭,알칼리성 온천의 질감이나 피부감을 언급한 후기.,direct_readable,true,mixed,body_positive_and_negative,high,issue_caution_calibration_needed
kounokura-0144,Rakuten Travel,2014-11-22,5,https://travel.rakuten.co.jp/HOTEL/129936/review.html,ja,a9a2ebb59bba,【ふじ】露天岩風呂付き和洋室離れ20畳／ツインベッド,true,room_open_air_bath,onsen_related;room_bath_hot_spring,,露天風呂;露天;風呂;客室露天,객실 노천탕을 숙박 경험의 핵심 장점으로 언급한 후기.,direct_readable,true,positive,rating_positive_signal,medium,issue_caution_calibration_needed
kounokura-0145,Rakuten Travel,2014-09-01,5,https://travel.rakuten.co.jp/HOTEL/129936/review.html,ja,3715671502e7,【もくれん】カップル向け/露天檜風呂付和洋室離れ18畳ツイン,true,facility_wide,onsen_related,,露天風呂;露天;風呂;源泉;掛け流し;湯,숙박 경험을 평가한 직접 리뷰 표본.,direct_readable,true,positive,body_positive,high,issue_caution_calibration_needed
kounokura-0146,Rakuten Travel,2014-02-10,5,https://travel.rakuten.co.jp/HOTEL/129936/review.html,ja,72adeb539ef1,【ぼたん】露天檜風呂付き和室離れ14畳,true,facility_wide,booking_confusion;onsen_related;water_texture,cleanliness_or_safety,温泉;露天;風呂;源泉;掛け流し;肌;電話;古い,알칼리성 온천의 질감이나 피부감을 언급한 후기.,direct_readable,true,mixed,caution_or_issue_tag,high,issue_caution_calibration_needed
kounokura-0147,Rakuten Travel,2023-06-24,5,https://travel.rakuten.co.jp/HOTEL/129936/review.html,ja,bf83f228ff13,【もくれん】カップル向け/露天檜風呂付和洋室離れ18畳ツイン,true,facility_wide,onsen_related,,露天;風呂;お風呂,숙박 경험을 평가한 직접 리뷰 표본.,direct_readable,true,positive,rating_positive_signal,medium,issue_caution_calibration_needed
kounokura-0148,Rakuten Travel,2023-01-18,5,https://travel.rakuten.co.jp/HOTEL/129936/review.html,ja,f4ef5c5a1197,【お部屋おまかせ】露天風呂付き和室20畳,true,room_bath;room_open_air_bath,onsen_related;room_bath_hot_spring,,露天風呂;露天;風呂;露天風呂付き;部屋風呂,객실 노천탕을 숙박 경험의 핵심 장점으로 언급한 후기.,direct_readable,true,positive,rating_positive_signal,medium,issue_caution_calibration_needed
kounokura-0149,Rakuten Travel,2023-01-09,5,https://travel.rakuten.co.jp/HOTEL/129936/review.html,ja,c4a34ea4dbfd,【ぼたん】露天檜風呂付き和室離れ14畳,true,facility_wide,onsen_related,,露天;風呂;お風呂,숙박 경험을 평가한 직접 리뷰 표본.,direct_readable,true,positive,rating_positive_signal,medium,issue_caution_calibration_needed
kounokura-0150,Rakuten Travel,2023-01-04,4,https://travel.rakuten.co.jp/HOTEL/129936/review.html,ja,de4e382b61e2,【もくれん】カップル向け/露天檜風呂付和洋室離れ18畳ツイン,true,room_open_air_bath,onsen_related;room_bath_hot_spring,temperature,露天風呂;露天;風呂;湯;露天風呂付き;寒,객실 노천탕을 숙박 경험의 핵심 장점으로 언급한 후기.,direct_readable,true,mixed,body_negative_with_context,high,issue_caution_calibration_needed
kounokura-0151,Rakuten Travel,2022-09-01,4,https://travel.rakuten.co.jp/HOTEL/129936/review.html,ja,f67febee9551,【もくれん】カップル向け/露天檜風呂付和洋室離れ18畳ツイン,true,room_bath,onsen_related;room_bath_hot_spring,,露天;風呂;お風呂;部屋のお風呂,숙박 경험을 평가한 직접 리뷰 표본.,direct_readable,true,positive,rating_positive_signal,medium,issue_caution_calibration_needed
kounokura-0152,Rakuten Travel,2022-01-21,5,https://travel.rakuten.co.jp/HOTEL/129936/review.html,ja,071927340dc2,【ぼたん】露天檜風呂付き和室離れ14畳,true,facility_wide,onsen_related,,露天;風呂,숙박 경험을 평가한 직접 리뷰 표본.,direct_readable,true,positive,rating_positive_signal,medium,issue_caution_calibration_needed
kounokura-0153,Rakuten Travel,2021-10-20,4,https://travel.rakuten.co.jp/HOTEL/129936/review.html,ja,662013d34037,【ぼたん】露天檜風呂付き和室離れ14畳,true,facility_wide,onsen_related,,露天;風呂,숙박 경험을 평가한 직접 리뷰 표본.,direct_readable,true,positive,rating_positive_signal,medium,issue_caution_calibration_needed
kounokura-0154,Rakuten Travel,2021-07-26,5,https://travel.rakuten.co.jp/HOTEL/129936/review.html,ja,ac40db362268,【もくれん】カップル向け/露天檜風呂付和洋室離れ18畳ツイン,true,facility_wide,onsen_related,,露天;風呂;お風呂,숙박 경험을 평가한 직접 리뷰 표본.,direct_readable,true,positive,rating_positive_signal,medium,issue_caution_calibration_needed
kounokura-0155,Rakuten Travel,2021-06-18,5,https://travel.rakuten.co.jp/HOTEL/129936/review.html,ja,0ccd453cfb13,【もくれん】カップル向け/露天檜風呂付和洋室離れ18畳ツイン,true,facility_wide,crowding;onsen_related,,露天;風呂;貸し切り,숙박 경험을 평가한 직접 리뷰 표본.,direct_readable,true,mixed,conditional_signal_tag,medium,issue_caution_calibration_needed
kounokura-0156,Rakuten Travel,2021-05-02,5,https://travel.rakuten.co.jp/HOTEL/129936/review.html,ja,9da531a20222,【ぼたん】露天檜風呂付き和室離れ14畳,true,facility_wide,onsen_related,,露天;風呂,숙박 경험을 평가한 직접 리뷰 표본.,direct_readable,true,positive,rating_positive_signal,medium,issue_caution_calibration_needed
kounokura-0157,Rakuten Travel,2021-03-14,5,https://travel.rakuten.co.jp/HOTEL/129936/review.html,ja,94f30003072c,【ふじ】露天岩風呂付き和洋室離れ20畳／ツインベッド,true,facility_wide,onsen_related,temperature,露天風呂;露天;風呂;温度,온도·동선·청결 등 운영상 주의 신호가 포함된 후기.,direct_readable,true,mixed,caution_or_issue_tag,high,issue_caution_calibration_needed
kounokura-0158,Rakuten Travel,2020-11-19,4,https://travel.rakuten.co.jp/HOTEL/129936/review.html,ja,ac2d45581a0d,【お部屋おまかせ】露天風呂付き和室20畳,true,room_open_air_bath,onsen_related;room_bath_hot_spring,,露天風呂;露天;風呂;露天風呂付き,객실 노천탕을 숙박 경험의 핵심 장점으로 언급한 후기.,direct_readable,true,positive,rating_positive_signal,medium,issue_caution_calibration_needed
kounokura-0159,Rakuten Travel,2020-09-21,5,https://travel.rakuten.co.jp/HOTEL/129936/review.html,ja,df31a9ea2cf1,【ぼたん】露天檜風呂付き和室離れ14畳,true,facility_wide,onsen_related,,温泉;露天;風呂,숙박 경험을 평가한 직접 리뷰 표본.,direct_readable,true,positive,rating_positive_signal,medium,issue_caution_calibration_needed
kounokura-0160,Rakuten Travel,2020-01-02,4,https://travel.rakuten.co.jp/HOTEL/129936/review.html,ja,95e9530568de,【ふじ】露天岩風呂付き和洋室離れ20畳／ツインベッド,true,facility_wide,onsen_related,,露天;風呂,숙박 경험을 평가한 직접 리뷰 표본.,direct_readable,true,positive,rating_positive_signal,medium,issue_caution_calibration_needed
kounokura-0161,Rakuten Travel,2019-11-26,4,https://travel.rakuten.co.jp/HOTEL/129936/review.html,ja,0cf0247dae2d,【ふじ】露天岩風呂付き和洋室離れ20畳／ツインベッド,true,facility_wide,onsen_related,,露天;風呂,숙박 경험을 평가한 직접 리뷰 표본.,direct_readable,true,positive,rating_positive_signal,medium,issue_caution_calibration_needed
kounokura-0162,Rakuten Travel,2019-05-24,5,https://travel.rakuten.co.jp/HOTEL/129936/review.html,ja,79c818a55003,【もくれん】カップル向け/露天檜風呂付和洋室離れ18畳ツイン,true,facility_wide,onsen_related,,露天;風呂,숙박 경험을 평가한 직접 리뷰 표본.,direct_readable,true,positive,rating_positive_signal,medium,issue_caution_calibration_needed
kounokura-0163,Rakuten Travel,2016-12-12,5,https://travel.rakuten.co.jp/HOTEL/129936/review.html,ja,0f7c3a9f9893,【もくれん】カップル向け/露天檜風呂付和洋室離れ18畳ツイン,true,public_bath;room_open_air_bath,onsen_related;public_bath_hot_spring;room_bath_hot_spring,,露天風呂;露天;風呂;大浴場;部屋の露天,객실 노천탕을 숙박 경험의 핵심 장점으로 언급한 후기.,direct_readable,true,positive,rating_positive_signal,medium,issue_caution_calibration_needed
kounokura-0164,Rakuten Travel,2016-03-28,5,https://travel.rakuten.co.jp/HOTEL/129936/review.html,ja,c0824d142e2f,【もくれん】カップル向け/露天檜風呂付和洋室離れ18畳ツイン,true,facility_wide,onsen_related,,露天;風呂,숙박 경험을 평가한 직접 리뷰 표본.,direct_readable,true,positive,rating_positive_signal,medium,issue_caution_calibration_needed
kounokura-0165,Rakuten Travel,2014-02-22,5,https://travel.rakuten.co.jp/HOTEL/129936/review.html,ja,c7178aef248c,【ふじ】露天岩風呂付き和洋室離れ20畳／ツインベッド,true,facility_wide,onsen_related,,露天;風呂,숙박 경험을 평가한 직접 리뷰 표본.,direct_readable,true,positive,rating_positive_signal,medium,issue_caution_calibration_needed
kounokura-0166,Rakuten Travel,2013-12-26,5,https://travel.rakuten.co.jp/HOTEL/129936/review.html,ja,95427669d09a,【ふじ】露天岩風呂付き和洋室離れ20畳／ツインベッド,true,facility_wide,onsen_related,,露天風呂;露天;風呂,숙박 경험을 평가한 직접 리뷰 표본.,direct_readable,true,positive,rating_positive_signal,medium,issue_caution_calibration_needed
kounokura-0167,Rakuten Travel,2020-02-06,3,https://travel.rakuten.co.jp/HOTEL/129936/review.html,ja,9737a7e8c3b6,【お部屋おまかせ】露天風呂付き和室20畳,true,room_open_air_bath,onsen_related;room_bath_hot_spring,temperature,露天風呂;露天;風呂;お風呂;露天風呂付き;寒,객실 노천탕을 숙박 경험의 핵심 장점으로 언급한 후기.,direct_readable,true,mixed,body_negative_with_context,high,issue_caution_calibration_needed
kounokura-0168,Rakuten Travel,2013-12-17,3,https://travel.rakuten.co.jp/HOTEL/129936/review.html,ja,d1ce75fa36b3,【ぼたん】露天檜風呂付き和室離れ14畳,true,facility_wide,onsen_related,,温泉;露天;風呂,숙박 경험을 평가한 직접 리뷰 표본.,direct_readable,true,positive,positive_signal_no_caution,medium,issue_caution_calibration_needed
kounokura-0169,JTB,2026-03-11,,https://www.jtb.co.jp/kokunai-hotel/htl/8413028/review/,ja,0bdad54bf234,,false,unclear,booking_confusion,,場所,송영·위치·예약 동선을 함께 언급한 후기.,direct_readable,true,mixed,conditional_signal_tag,medium,issue_caution_calibration_needed
kounokura-0170,JTB,,,https://www.jtb.co.jp/kokunai-hotel/htl/8413028/review/,ja,ee883c3ec513,,true,facility_wide,onsen_related;water_texture,,露天風呂;露天;風呂;トロトロ,알칼리성 온천의 질감이나 피부감을 언급한 후기.,direct_readable,true,positive,body_positive,high,issue_caution_calibration_needed
kounokura-0171,JTB,,,https://www.jtb.co.jp/kokunai-hotel/htl/8413028/review/,ja,08908935a54b,,true,facility_wide,onsen_related;water_texture,,露天風呂;露天;風呂;源泉;かけ流し;泉質;ヌル;肌,알칼리성 온천의 질감이나 피부감을 언급한 후기.,direct_readable,true,positive,body_positive,high,issue_caution_calibration_needed
kounokura-0172,JTB,,,https://www.jtb.co.jp/kokunai-hotel/htl/8413028/review/,ja,2ed15f05c3f2,,true,facility_wide,onsen_related,,露天風呂;露天;風呂,숙박 경험을 평가한 직접 리뷰 표본.,direct_readable,true,positive,positive_signal_no_caution,medium,issue_caution_calibration_needed
kounokura-0173,JTB,,,https://www.jtb.co.jp/kokunai-hotel/htl/8413028/review/,ja,c9c683d17670,,true,public_bath,crowding;onsen_related;public_bath_hot_spring,,大浴場;貸切;貸切状態,대욕장/공용탕을 조용하거나 거의 전세처럼 이용했다는 후기.,direct_readable,true,mixed,conditional_signal_tag,medium,issue_caution_calibration_needed
kounokura-0174,JTB,,,https://www.jtb.co.jp/kokunai-hotel/htl/8413028/review/,ja,2c57c50a970c,,false,unclear,,,,숙박 경험을 평가한 직접 리뷰 표본.,direct_readable,true,neutral,neutral_or_lodging_context,medium,issue_caution_calibration_needed
kounokura-0175,JTB,,,https://www.jtb.co.jp/kokunai-hotel/htl/8413028/review/,ja,774e3ed3b0f8,,true,facility_wide,booking_confusion;onsen_related,temperature,露天風呂;露天;風呂;お風呂;湯;寒;場所,온도·동선·청결 등 운영상 주의 신호가 포함된 후기.,direct_readable,true,mixed,body_negative_with_context,high,issue_caution_calibration_needed
kounokura-0176,JTB,,,https://www.jtb.co.jp/kokunai-hotel/htl/8413028/review/,ja,146dfd0998f9,,false,unclear,,,,숙박 경험을 평가한 직접 리뷰 표본.,direct_readable,true,neutral,neutral_or_lodging_context,medium,issue_caution_calibration_needed
kounokura-0177,JTB,,,https://www.jtb.co.jp/kokunai-hotel/htl/8413028/review/,ja,e35d50da8cc4,,true,public_bath;room_bath,booking_confusion;onsen_related;public_bath_hot_spring;room_bath_hot_spring,cleanliness_or_safety,風呂;お風呂;大浴場;湯;部屋のお風呂;場所;虫;清掃,공용 대욕장 또는 공용탕 경험을 언급한 후기.,direct_readable,true,mixed,body_negative_with_context,high,issue_caution_calibration_needed
kounokura-0178,JTB,,,https://www.jtb.co.jp/kokunai-hotel/htl/8413028/review/,ja,e73729ceed69,,true,public_bath;room_open_air_bath,booking_confusion;onsen_related;public_bath_hot_spring;room_bath_hot_spring;water_texture,,温泉;露天風呂;露天;風呂;大浴場;肌;部屋の露天;お部屋の露天;場所,객실 노천탕과 온천 수질·피부감 언급이 함께 나타난 후기.,direct_readable,true,mixed,conditional_signal_tag,medium,issue_caution_calibration_needed
kounokura-0179,JTB,,,https://www.jtb.co.jp/kokunai-hotel/htl/8413028/review/,ja,81931d4f5392,,true,facility_wide,onsen_related;water_texture,,温泉;露天風呂;露天;風呂;湯;ヌル,알칼리성 온천의 질감이나 피부감을 언급한 후기.,direct_readable,true,positive,positive_signal_no_caution,medium,issue_caution_calibration_needed
kounokura-0180,JTB,,,https://www.jtb.co.jp/kokunai-hotel/htl/8413028/review/,ja,d2c5c80b9aba,,false,unclear,,,,숙박 경험을 평가한 직접 리뷰 표본.,direct_readable,true,neutral,neutral_or_lodging_context,medium,issue_caution_calibration_needed
kounokura-0181,JTB,,,https://www.jtb.co.jp/kokunai-hotel/htl/8413028/review/,ja,7b1243daa38b,,true,facility_wide,onsen_related,,温泉;露天,숙박 경험을 평가한 직접 리뷰 표본.,direct_readable,true,positive,positive_signal_no_caution,medium,issue_caution_calibration_needed
kounokura-0182,JTB,,,https://www.jtb.co.jp/kokunai-hotel/htl/8413028/review/,ja,675988d05a2a,,true,public_bath,onsen_related;public_bath_hot_spring,,露天風呂;露天;風呂;大浴場,공용 대욕장 또는 공용탕 경험을 언급한 후기.,direct_readable,true,positive,positive_signal_no_caution,medium,issue_caution_calibration_needed
kounokura-0183,JTB,,,https://www.jtb.co.jp/kokunai-hotel/htl/8413028/review/,ja,617db1b2e9a5,,false,unclear,,,,숙박 경험을 평가한 직접 리뷰 표본.,direct_readable,true,neutral,neutral_or_lodging_context,medium,issue_caution_calibration_needed
kounokura-0184,JTB,2026-03-04,,https://www.jtb.co.jp/kokunai-hotel/htl/8413028/review/,ja,37118b7586d7,,false,unclear,,,,숙박 경험을 평가한 직접 리뷰 표본.,direct_readable,true,neutral,neutral_or_lodging_context,medium,issue_caution_calibration_needed
kounokura-0185,JTB,2026-01-21,,https://www.jtb.co.jp/kokunai-hotel/htl/8413028/review/,ja,6939fe334daa,,true,facility_wide,booking_confusion;onsen_related,,風呂;駅から;迎え,송영·위치·예약 동선을 함께 언급한 후기.,direct_readable,true,mixed,conditional_signal_tag,medium,issue_caution_calibration_needed
kounokura-0186,JTB,2026-01-18,,https://www.jtb.co.jp/kokunai-hotel/htl/8413028/review/,ja,d77067d7cc93,,false,unclear,,,,숙박 경험을 평가한 직접 리뷰 표본.,direct_readable,true,neutral,neutral_or_lodging_context,medium,issue_caution_calibration_needed
kounokura-0187,JTB,2026-01-06,,https://www.jtb.co.jp/kokunai-hotel/htl/8413028/review/,ja,5ed63e82a335,,false,unclear,,,,숙박 경험을 평가한 직접 리뷰 표본.,direct_readable,true,neutral,neutral_or_lodging_context,medium,issue_caution_calibration_needed
kounokura-0188,JTB,2026-01-01,,https://www.jtb.co.jp/kokunai-hotel/htl/8413028/review/,ja,79fdae692c8e,,false,unclear,booking_confusion,,迎え,송영·위치·예약 동선을 함께 언급한 후기.,direct_readable,true,mixed,conditional_signal_tag,medium,issue_caution_calibration_needed
kounokura-0189,JTB,2025-12-29,,https://www.jtb.co.jp/kokunai-hotel/htl/8413028/review/,ja,43c99076f2b6,,true,facility_wide,onsen_related,,風呂;お風呂,숙박 경험을 평가한 직접 리뷰 표본.,direct_readable,true,positive,positive_signal_no_caution,medium,issue_caution_calibration_needed
kounokura-0190,JTB,2025-12-06,,https://www.jtb.co.jp/kokunai-hotel/htl/8413028/review/,ja,2ac700af05e3,,true,room_open_air_bath,onsen_related;room_bath_hot_spring,,露天風呂;露天;風呂;部屋付きの露天,객실 노천탕을 숙박 경험의 핵심 장점으로 언급한 후기.,direct_readable,true,positive,positive_signal_no_caution,medium,issue_caution_calibration_needed
kounokura-0191,JTB,2025-11-29,,https://www.jtb.co.jp/kokunai-hotel/htl/8413028/review/,ja,9190e603216d,,false,unclear,,,,숙박 경험을 평가한 직접 리뷰 표본.,direct_readable,true,neutral,neutral_or_lodging_context,medium,issue_caution_calibration_needed
kounokura-0192,JTB,2025-11-25,,https://www.jtb.co.jp/kokunai-hotel/htl/8413028/review/,ja,f46b0fc0b12c,,false,unclear,,,,숙박 경험을 평가한 직접 리뷰 표본.,direct_readable,true,neutral,neutral_or_lodging_context,medium,issue_caution_calibration_needed
kounokura-0193,JTB,2025-11-09,,https://www.jtb.co.jp/kokunai-hotel/htl/8413028/review/,ja,6ef08f8b980e,,true,facility_wide,onsen_related,,温泉;湯,숙박 경험을 평가한 직접 리뷰 표본.,direct_readable,true,positive,positive_signal_no_caution,medium,issue_caution_calibration_needed
kounokura-0194,JTB,2025-11-04,,https://www.jtb.co.jp/kokunai-hotel/htl/8413028/review/,ja,b5c50eecb25d,,false,unclear,booking_confusion,,駅から;迎え,송영·위치·예약 동선을 함께 언급한 후기.,direct_readable,true,mixed,conditional_signal_tag,medium,issue_caution_calibration_needed
kounokura-0195,JTB,2025-10-26,,https://www.jtb.co.jp/kokunai-hotel/htl/8413028/review/,ja,9b50a9de822b,,false,unclear,,,,숙박 경험을 평가한 직접 리뷰 표본.,direct_readable,true,neutral,neutral_or_lodging_context,medium,issue_caution_calibration_needed
kounokura-0196,JTB,2025-09-14,,https://www.jtb.co.jp/kokunai-hotel/htl/8413028/review/,ja,b7c352ebf09b,,false,unclear,,,,숙박 경험을 평가한 직접 리뷰 표본.,direct_readable,true,neutral,neutral_or_lodging_context,medium,issue_caution_calibration_needed
kounokura-0197,JTB,2025-08-29,,https://www.jtb.co.jp/kokunai-hotel/htl/8413028/review/,ja,a29ecc5b8308,,false,unclear,,,,숙박 경험을 평가한 직접 리뷰 표본.,direct_readable,true,neutral,neutral_or_lodging_context,medium,issue_caution_calibration_needed
kounokura-0198,JTB,2025-08-22,,https://www.jtb.co.jp/kokunai-hotel/htl/8413028/review/,ja,12d046f1beae,,true,room_open_air_bath,onsen_related;room_bath_hot_spring,,露天風呂;露天;風呂;個別露天,객실 노천탕을 숙박 경험의 핵심 장점으로 언급한 후기.,direct_readable,true,positive,positive_signal_no_caution,medium,issue_caution_calibration_needed
kounokura-0199,JTB,2025-08-03,,https://www.jtb.co.jp/kokunai-hotel/htl/8413028/review/,ja,bddca5d650f1,,false,unclear,,,,숙박 경험을 평가한 직접 리뷰 표본.,direct_readable,true,neutral,neutral_or_lodging_context,medium,issue_caution_calibration_needed
kounokura-0200,JTB,2025-07-03,,https://www.jtb.co.jp/kokunai-hotel/htl/8413028/review/,ja,a728b77e65b1,,false,unclear,,,,숙박 경험을 평가한 직접 리뷰 표본.,direct_readable,true,neutral,neutral_or_lodging_context,medium,issue_caution_calibration_needed
kounokura-0201,JTB,2025-06-14,,https://www.jtb.co.jp/kokunai-hotel/htl/8413028/review/,ja,b7eb29841be5,,true,room_open_air_bath,onsen_related;room_bath_hot_spring,cleanliness_or_safety,露天;露天付き;衛生,객실 노천탕을 숙박 경험의 핵심 장점으로 언급한 후기.,direct_readable,true,mixed,caution_or_issue_tag,high,issue_caution_calibration_needed
kounokura-0202,JTB,2025-05-30,,https://www.jtb.co.jp/kokunai-hotel/htl/8413028/review/,ja,fd9a9319d9ca,,true,facility_wide,onsen_related,,風呂,숙박 경험을 평가한 직접 리뷰 표본.,direct_readable,true,positive,positive_signal_no_caution,medium,issue_caution_calibration_needed
kounokura-0203,JTB,2025-05-24,,https://www.jtb.co.jp/kokunai-hotel/htl/8413028/review/,ja,8e2c8a744355,,true,public_bath,booking_confusion;crowding;onsen_related;public_bath_hot_spring;water_texture,,風呂;お風呂;大浴場;湯;とろとろ;肌;貸切;貸切状態;迎え,대욕장/공용탕을 조용하거나 거의 전세처럼 이용했다는 후기.,direct_readable,true,mixed,conditional_signal_tag,medium,issue_caution_calibration_needed
kounokura-0204,JTB,2025-04-26,,https://www.jtb.co.jp/kokunai-hotel/htl/8413028/review/,ja,c186062dd991,,false,unclear,,,,숙박 경험을 평가한 직접 리뷰 표본.,direct_readable,true,neutral,neutral_or_lodging_context,medium,issue_caution_calibration_needed
kounokura-0205,JTB,2025-03-16,,https://www.jtb.co.jp/kokunai-hotel/htl/8413028/review/,ja,0b9e7f8ed5ea,,true,facility_wide,onsen_related,cleanliness_or_safety,露天風呂;露天;風呂;衛生,온도·동선·청결 등 운영상 주의 신호가 포함된 후기.,direct_readable,true,mixed,caution_or_issue_tag,high,issue_caution_calibration_needed
kounokura-0206,JTB,2025-03-10,,https://www.jtb.co.jp/kokunai-hotel/htl/8413028/review/,ja,5501ac32e287,,false,unclear,,,,숙박 경험을 평가한 직접 리뷰 표본.,direct_readable,true,neutral,neutral_or_lodging_context,medium,issue_caution_calibration_needed
kounokura-0207,JTB,2025-03-09,,https://www.jtb.co.jp/kokunai-hotel/htl/8413028/review/,ja,9146eca33774,,false,unclear,,,,숙박 경험을 평가한 직접 리뷰 표본.,direct_readable,true,neutral,neutral_or_lodging_context,medium,issue_caution_calibration_needed
kounokura-0208,JTB,2025-03-02,,https://www.jtb.co.jp/kokunai-hotel/htl/8413028/review/,ja,9dae2b79e787,,true,room_open_air_bath,onsen_related;room_bath_hot_spring,,露天風呂;露天;風呂;湯;部屋の露天,객실 노천탕을 숙박 경험의 핵심 장점으로 언급한 후기.,direct_readable,true,positive,positive_signal_no_caution,medium,issue_caution_calibration_needed
kounokura-0209,JTB,2025-02-24,,https://www.jtb.co.jp/kokunai-hotel/htl/8413028/review/,ja,008c91edfb77,,true,facility_wide,onsen_related,temperature,露天風呂;露天;風呂;湯;寒,온도·동선·청결 등 운영상 주의 신호가 포함된 후기.,direct_readable,true,mixed,body_negative_with_context,high,issue_caution_calibration_needed
kounokura-0210,JTB,2025-02-11,,https://www.jtb.co.jp/kokunai-hotel/htl/8413028/review/,ja,6ccd2c7fcb9f,,true,public_bath;room_open_air_bath,onsen_related;public_bath_hot_spring;room_bath_hot_spring,temperature,露天風呂;露天;風呂;大浴場;湯;部屋の露天;寒,객실 노천탕을 숙박 경험의 핵심 장점으로 언급한 후기.,direct_readable,true,mixed,body_negative_with_context,high,issue_caution_calibration_needed
kounokura-0211,JTB,2025-02-09,,https://www.jtb.co.jp/kokunai-hotel/htl/8413028/review/,ja,123b08074dd9,,true,public_bath;room_open_air_bath,booking_confusion;onsen_related;public_bath_hot_spring;room_bath_hot_spring,temperature,露天風呂;露天;風呂;大浴場;部屋の露天;寒;送迎;電話,객실 노천탕을 숙박 경험의 핵심 장점으로 언급한 후기.,direct_readable,true,mixed,body_negative_with_context,high,issue_caution_calibration_needed
kounokura-0212,JTB,2025-02-05,,https://www.jtb.co.jp/kokunai-hotel/htl/8413028/review/,ja,e206349a8c8d,,true,facility_wide,onsen_related;water_texture,,風呂;お風呂;泉質,알칼리성 온천의 질감이나 피부감을 언급한 후기.,direct_readable,true,positive,positive_signal_no_caution,medium,issue_caution_calibration_needed
kounokura-0213,JTB,2025-01-26,,https://www.jtb.co.jp/kokunai-hotel/htl/8413028/review/,ja,cd3097630bd3,,false,unclear,,,,숙박 경험을 평가한 직접 리뷰 표본.,direct_readable,true,neutral,neutral_or_lodging_context,medium,issue_caution_calibration_needed
kounokura-0214,JTB,2025-01-17,,https://www.jtb.co.jp/kokunai-hotel/htl/8413028/review/,ja,e28b0eaaf49a,,false,unclear,,,,숙박 경험을 평가한 직접 리뷰 표본.,direct_readable,true,neutral,neutral_or_lodging_context,medium,issue_caution_calibration_needed
kounokura-0215,JTB,2024-12-15,,https://www.jtb.co.jp/kokunai-hotel/htl/8413028/review/,ja,a3d3bdda5afd,,false,unclear,,,,숙박 경험을 평가한 직접 리뷰 표본.,direct_readable,true,neutral,neutral_or_lodging_context,medium,issue_caution_calibration_needed
kounokura-0216,JTB,2024-12-08,,https://www.jtb.co.jp/kokunai-hotel/htl/8413028/review/,ja,e9b5a0e50240,,true,facility_wide,booking_confusion;onsen_related;water_texture,,温泉;露天風呂;露天;風呂;肌;予約,알칼리성 온천의 질감이나 피부감을 언급한 후기.,direct_readable,true,mixed,conditional_signal_tag,medium,issue_caution_calibration_needed
kounokura-0217,JTB,2024-11-24,,https://www.jtb.co.jp/kokunai-hotel/htl/8413028/review/,ja,80e159682cee,,false,unclear,,,,숙박 경험을 평가한 직접 리뷰 표본.,direct_readable,true,neutral,neutral_or_lodging_context,medium,issue_caution_calibration_needed
kounokura-0218,JTB,2024-10-27,,https://www.jtb.co.jp/kokunai-hotel/htl/8413028/review/,ja,18256c246c02,,false,unclear,,,,숙박 경험을 평가한 직접 리뷰 표본.,direct_readable,true,neutral,neutral_or_lodging_context,medium,issue_caution_calibration_needed
kounokura-0219,JTB,2024-10-20,,https://www.jtb.co.jp/kokunai-hotel/htl/8413028/review/,ja,7b5adb8318df,,false,unclear,,,,숙박 경험을 평가한 직접 리뷰 표본.,direct_readable,true,neutral,neutral_or_lodging_context,medium,issue_caution_calibration_needed
kounokura-0220,JTB,2024-10-17,,https://www.jtb.co.jp/kokunai-hotel/htl/8413028/review/,ja,4d07783d9c08,,true,room_bath,onsen_related;room_bath_hot_spring,,風呂;部屋風呂,숙박 경험을 평가한 직접 리뷰 표본.,direct_readable,true,positive,positive_signal_no_caution,medium,issue_caution_calibration_needed
kounokura-0221,JTB,2024-10-02,,https://www.jtb.co.jp/kokunai-hotel/htl/8413028/review/,ja,f7510d1e2858,,false,unclear,,,,숙박 경험을 평가한 직접 리뷰 표본.,direct_readable,true,neutral,neutral_or_lodging_context,medium,issue_caution_calibration_needed
kounokura-0222,JTB,2024-10-01,,https://www.jtb.co.jp/kokunai-hotel/htl/8413028/review/,ja,a6a71283c6d4,,false,unclear,,,,숙박 경험을 평가한 직접 리뷰 표본.,direct_readable,true,neutral,neutral_or_lodging_context,medium,issue_caution_calibration_needed
kounokura-0223,JTB,2024-08-26,,https://www.jtb.co.jp/kokunai-hotel/htl/8413028/review/,ja,b8ddcf716872,,false,unclear,,,,숙박 경험을 평가한 직접 리뷰 표본.,direct_readable,true,neutral,neutral_or_lodging_context,medium,issue_caution_calibration_needed
kounokura-0224,JTB,2024-07-12,,https://www.jtb.co.jp/kokunai-hotel/htl/8413028/review/,ja,e17062c1be35,,false,unclear,,,,숙박 경험을 평가한 직접 리뷰 표본.,direct_readable,true,neutral,neutral_or_lodging_context,medium,issue_caution_calibration_needed
kounokura-0225,JTB,2024-06-16,,https://www.jtb.co.jp/kokunai-hotel/htl/8413028/review/,ja,dc3f7838bc3d,,false,unclear,booking_confusion,,迎え,송영·위치·예약 동선을 함께 언급한 후기.,direct_readable,true,mixed,conditional_signal_tag,medium,issue_caution_calibration_needed
kounokura-0226,JTB,2024-06-06,,https://www.jtb.co.jp/kokunai-hotel/htl/8413028/review/,ja,164a10d1907f,,false,unclear,,,,숙박 경험을 평가한 직접 리뷰 표본.,direct_readable,true,neutral,neutral_or_lodging_context,medium,issue_caution_calibration_needed
kounokura-0227,JTB,2024-06-05,,https://www.jtb.co.jp/kokunai-hotel/htl/8413028/review/,ja,1e92ee711a0a,,true,room_open_air_bath,onsen_related;room_bath_hot_spring,,露天風呂;露天;風呂;露天風呂付き,객실 노천탕을 숙박 경험의 핵심 장점으로 언급한 후기.,direct_readable,true,positive,positive_signal_no_caution,medium,issue_caution_calibration_needed
kounokura-0228,JTB,2024-06-01,,https://www.jtb.co.jp/kokunai-hotel/htl/8413028/review/,ja,a311d3fe831c,,true,facility_wide,booking_confusion;onsen_related,,露天風呂;露天;風呂;迎え,송영·위치·예약 동선을 함께 언급한 후기.,direct_readable,true,mixed,conditional_signal_tag,medium,issue_caution_calibration_needed
kounokura-0229,JTB,2024-05-23,,https://www.jtb.co.jp/kokunai-hotel/htl/8413028/review/,ja,aa3b3efa3259,,false,unclear,,,,숙박 경험을 평가한 직접 리뷰 표본.,direct_readable,true,neutral,neutral_or_lodging_context,medium,issue_caution_calibration_needed
kounokura-0230,JTB,2024-05-19,,https://www.jtb.co.jp/kokunai-hotel/htl/8413028/review/,ja,74e062aa9d54,,true,facility_wide,booking_confusion;crowding;onsen_related,,風呂;貸切;予約,송영·위치·예약 동선을 함께 언급한 후기.,direct_readable,true,mixed,conditional_signal_tag,medium,issue_caution_calibration_needed
kounokura-0231,JTB,2024-05-17,,https://www.jtb.co.jp/kokunai-hotel/htl/8413028/review/,ja,562bde2187d6,,true,facility_wide,onsen_related,,露天風呂;露天;風呂,숙박 경험을 평가한 직접 리뷰 표본.,direct_readable,true,positive,positive_signal_no_caution,medium,issue_caution_calibration_needed
kounokura-0232,JTB,2024-05-08,,https://www.jtb.co.jp/kokunai-hotel/htl/8413028/review/,ja,e2a36e9dec75,,true,room_open_air_bath,onsen_related;room_bath_hot_spring,,露天風呂;露天;風呂;部屋の露天,객실 노천탕을 숙박 경험의 핵심 장점으로 언급한 후기.,direct_readable,true,positive,positive_signal_no_caution,medium,issue_caution_calibration_needed
kounokura-0233,JTB,2024-04-30,,https://www.jtb.co.jp/kokunai-hotel/htl/8413028/review/,ja,68562e9dce01,,true,facility_wide,onsen_related,,温泉,숙박 경험을 평가한 직접 리뷰 표본.,direct_readable,true,positive,positive_signal_no_caution,medium,issue_caution_calibration_needed
kounokura-0234,JTB,2024-04-29,,https://www.jtb.co.jp/kokunai-hotel/htl/8413028/review/,ja,d7cd2fa52baa,,false,unclear,booking_confusion,,送迎,송영·위치·예약 동선을 함께 언급한 후기.,direct_readable,true,mixed,conditional_signal_tag,medium,issue_caution_calibration_needed
kounokura-0235,JTB,2024-04-15,,https://www.jtb.co.jp/kokunai-hotel/htl/8413028/review/,ja,a00c6dba4d1a,,false,unclear,,,,숙박 경험을 평가한 직접 리뷰 표본.,direct_readable,true,neutral,neutral_or_lodging_context,medium,issue_caution_calibration_needed
kounokura-0236,JTB,2024-04-07,,https://www.jtb.co.jp/kokunai-hotel/htl/8413028/review/,ja,433b7ce1c8c4,,false,unclear,,,,숙박 경험을 평가한 직접 리뷰 표본.,direct_readable,true,neutral,neutral_or_lodging_context,medium,issue_caution_calibration_needed
kounokura-0237,JTB,2024-03-26,,https://www.jtb.co.jp/kokunai-hotel/htl/8413028/review/,ja,a18be00d2a5c,,false,unclear,,,,숙박 경험을 평가한 직접 리뷰 표본.,direct_readable,true,neutral,neutral_or_lodging_context,medium,issue_caution_calibration_needed
kounokura-0238,JTB,2024-03-19,,https://www.jtb.co.jp/kokunai-hotel/htl/8413028/review/,ja,b04ebd86aecc,,false,unclear,,,,숙박 경험을 평가한 직접 리뷰 표본.,direct_readable,true,neutral,neutral_or_lodging_context,medium,issue_caution_calibration_needed
kounokura-0239,JTB,2024-02-25,,https://www.jtb.co.jp/kokunai-hotel/htl/8413028/review/,ja,6541e06a3a33,,true,room_open_air_bath,onsen_related;room_bath_hot_spring;water_texture,,露天風呂;露天;風呂;泉質;部屋付きの露天,객실 노천탕과 온천 수질·피부감 언급이 함께 나타난 후기.,direct_readable,true,positive,positive_signal_no_caution,medium,issue_caution_calibration_needed
kounokura-0240,JTB,2024-02-24,,https://www.jtb.co.jp/kokunai-hotel/htl/8413028/review/,ja,e3598ef139d2,,true,public_bath,booking_confusion;crowding;onsen_related;public_bath_hot_spring,,大浴場;貸切;貸切状態;少ない;駅から;場所,대욕장/공용탕을 조용하거나 거의 전세처럼 이용했다는 후기.,direct_readable,true,mixed,conditional_signal_tag,medium,issue_caution_calibration_needed
kounokura-0241,JTB,2023-12-28,,https://www.jtb.co.jp/kokunai-hotel/htl/8413028/review/,ja,cc360954cf4f,,false,unclear,,,,숙박 경험을 평가한 직접 리뷰 표본.,direct_readable,true,neutral,neutral_or_lodging_context,medium,issue_caution_calibration_needed
kounokura-0242,JTB,2023-12-10,,https://www.jtb.co.jp/kokunai-hotel/htl/8413028/review/,ja,8a799d5577af,,false,unclear,,,,숙박 경험을 평가한 직접 리뷰 표본.,direct_readable,true,neutral,neutral_or_lodging_context,medium,issue_caution_calibration_needed
kounokura-0243,JTB,2023-12-03,,https://www.jtb.co.jp/kokunai-hotel/htl/8413028/review/,ja,0d7506eeafdb,,false,unclear,,,,숙박 경험을 평가한 직접 리뷰 표본.,direct_readable,true,neutral,neutral_or_lodging_context,medium,issue_caution_calibration_needed
kounokura-0244,JTB,2023-11-28,,https://www.jtb.co.jp/kokunai-hotel/htl/8413028/review/,ja,93b9758e0f69,,false,unclear,,,,숙박 경험을 평가한 직접 리뷰 표본.,direct_readable,true,neutral,neutral_or_lodging_context,medium,issue_caution_calibration_needed
kounokura-0245,JTB,2023-11-14,,https://www.jtb.co.jp/kokunai-hotel/htl/8413028/review/,ja,179547fe8683,,false,unclear,,,,숙박 경험을 평가한 직접 리뷰 표본.,direct_readable,true,neutral,neutral_or_lodging_context,medium,issue_caution_calibration_needed
kounokura-0246,JTB,2023-11-11,,https://www.jtb.co.jp/kokunai-hotel/htl/8413028/review/,ja,700ec2a2e3b8,,true,facility_wide,booking_confusion;onsen_related,,温泉;場所,송영·위치·예약 동선을 함께 언급한 후기.,direct_readable,true,mixed,conditional_signal_tag,medium,issue_caution_calibration_needed
kounokura-0247,JTB,2023-11-02,,https://www.jtb.co.jp/kokunai-hotel/htl/8413028/review/,ja,e3735ed36ffb,,true,room_open_air_bath,onsen_related;room_bath_hot_spring,,露天風呂;露天;風呂;部屋付き露天,객실 노천탕을 숙박 경험의 핵심 장점으로 언급한 후기.,direct_readable,true,positive,positive_signal_no_caution,medium,issue_caution_calibration_needed
kounokura-0248,JTB,2023-10-23,,https://www.jtb.co.jp/kokunai-hotel/htl/8413028/review/,ja,c00f8858c169,,true,facility_wide,booking_confusion;crowding;onsen_related,,温泉;少ない;場所,송영·위치·예약 동선을 함께 언급한 후기.,direct_readable,true,mixed,conditional_signal_tag,medium,issue_caution_calibration_needed
kounokura-0249,JTB,2023-10-23,,https://www.jtb.co.jp/kokunai-hotel/htl/8413028/review/,ja,3efdd4f793eb,,false,unclear,,,,숙박 경험을 평가한 직접 리뷰 표본.,direct_readable,true,neutral,neutral_or_lodging_context,medium,issue_caution_calibration_needed
kounokura-0250,JTB,2023-10-23,,https://www.jtb.co.jp/kokunai-hotel/htl/8413028/review/,ja,8ee03fbd7832,,false,unclear,,,,숙박 경험을 평가한 직접 리뷰 표본.,direct_readable,true,neutral,neutral_or_lodging_context,medium,issue_caution_calibration_needed
kounokura-0251,JTB,2023-10-11,,https://www.jtb.co.jp/kokunai-hotel/htl/8413028/review/,ja,5befd00ec97a,,false,unclear,,,,숙박 경험을 평가한 직접 리뷰 표본.,direct_readable,true,neutral,neutral_or_lodging_context,medium,issue_caution_calibration_needed
kounokura-0252,JTB,2023-10-11,,https://www.jtb.co.jp/kokunai-hotel/htl/8413028/review/,ja,ec0f11cdddac,,true,room_open_air_bath,onsen_related;room_bath_hot_spring,,露天風呂;露天;風呂;部屋の露天,객실 노천탕을 숙박 경험의 핵심 장점으로 언급한 후기.,direct_readable,true,positive,positive_signal_no_caution,medium,issue_caution_calibration_needed
kounokura-0253,JTB,2023-10-05,,https://www.jtb.co.jp/kokunai-hotel/htl/8413028/review/,ja,e7140c787961,,false,unclear,,,,숙박 경험을 평가한 직접 리뷰 표본.,direct_readable,true,neutral,neutral_or_lodging_context,medium,issue_caution_calibration_needed
kounokura-0254,JTB,2023-07-15,,https://www.jtb.co.jp/kokunai-hotel/htl/8413028/review/,ja,334b784aff55,,true,room_open_air_bath,onsen_related;room_bath_hot_spring,,露天風呂;露天;風呂;部屋の露天;お部屋の露天,객실 노천탕을 숙박 경험의 핵심 장점으로 언급한 후기.,direct_readable,true,positive,positive_signal_no_caution,medium,issue_caution_calibration_needed
kounokura-0255,JTB,2023-03-21,,https://www.jtb.co.jp/kokunai-hotel/htl/8413028/review/,ja,98bb9e2f1a02,,true,facility_wide,booking_confusion;onsen_related,,風呂;お風呂;湯;迎え,송영·위치·예약 동선을 함께 언급한 후기.,direct_readable,true,mixed,conditional_signal_tag,medium,issue_caution_calibration_needed
kounokura-0256,JTB,2023-03-10,,https://www.jtb.co.jp/kokunai-hotel/htl/8413028/review/,ja,08a7c1939502,,false,unclear,,,,숙박 경험을 평가한 직접 리뷰 표본.,direct_readable,true,neutral,neutral_or_lodging_context,medium,issue_caution_calibration_needed
kounokura-0257,JTB,2023-03-01,,https://www.jtb.co.jp/kokunai-hotel/htl/8413028/review/,ja,4ea7d7b68124,,true,facility_wide,onsen_related,,温泉,숙박 경험을 평가한 직접 리뷰 표본.,direct_readable,true,positive,positive_signal_no_caution,medium,issue_caution_calibration_needed
kounokura-0258,JTB,2023-02-22,,https://www.jtb.co.jp/kokunai-hotel/htl/8413028/review/,ja,7043b85dd80a,,true,public_bath;room_bath,crowding;onsen_related;public_bath_hot_spring;room_bath_hot_spring,,風呂;お風呂;大浴場;貸切;部屋のお風呂;貸切状態;少ない,대욕장/공용탕을 조용하거나 거의 전세처럼 이용했다는 후기.,direct_readable,true,mixed,conditional_signal_tag,medium,issue_caution_calibration_needed
kounokura-0259,JTB,2022-12-25,,https://www.jtb.co.jp/kokunai-hotel/htl/8413028/review/,ja,1be24c3beda0,,true,room_open_air_bath,onsen_related;room_bath_hot_spring,,露天風呂;露天;風呂;露天風呂付き,객실 노천탕을 숙박 경험의 핵심 장점으로 언급한 후기.,direct_readable,true,positive,positive_signal_no_caution,medium,issue_caution_calibration_needed
kounokura-0260,JTB,2022-11-24,,https://www.jtb.co.jp/kokunai-hotel/htl/8413028/review/,ja,66f746a52e90,,false,unclear,,,,숙박 경험을 평가한 직접 리뷰 표본.,direct_readable,true,neutral,neutral_or_lodging_context,medium,issue_caution_calibration_needed
kounokura-0261,JTB,2022-10-29,,https://www.jtb.co.jp/kokunai-hotel/htl/8413028/review/,ja,3aa41494ae2c,,true,room_open_air_bath,onsen_related;room_bath_hot_spring;water_texture,,温泉;露天風呂;露天;風呂;泉質;露天風呂付き,객실 노천탕과 온천 수질·피부감 언급이 함께 나타난 후기.,direct_readable,true,positive,positive_signal_no_caution,medium,issue_caution_calibration_needed
kounokura-0262,Relux,2025-11-25,1,https://rlx.jp/22218/review/,ja,355140e3c2cd,【お部屋おまかせ】露天風呂付き和室20畳・離れ,true,public_bath;room_open_air_bath,onsen_related;public_bath_hot_spring;room_bath_hot_spring,cleanliness_or_safety;temperature,露天風呂;露天;風呂;大浴場;露天風呂付き;ヒートショック;清掃;古い;タンス,객실 노천탕을 숙박 경험의 핵심 장점으로 언급한 후기.,direct_readable,true,mixed,caution_or_issue_tag,high,issue_caution_calibration_needed
kounokura-0263,Relux,2025-02-03,1,https://rlx.jp/22218/review/,ja,2cfdee3e89ee,【ぼたん】露天風呂付き和室離れ14畳,true,room_open_air_bath,onsen_related;room_bath_hot_spring,,露天風呂;露天;風呂;露天風呂付き,객실 노천탕을 숙박 경험의 핵심 장점으로 언급한 후기.,direct_readable,true,positive,positive_signal_no_caution,medium,issue_caution_calibration_needed
kounokura-0264,Relux,2024-06-16,1,https://rlx.jp/22218/review/,ja,f70f7a7c2b3a,【もくれん】カップル向け/露天檜風呂付和洋室離れ18畳ツイン,true,facility_wide,onsen_related,,露天;風呂,숙박 경험을 평가한 직접 리뷰 표본.,direct_readable,true,positive,positive_signal_no_caution,medium,issue_caution_calibration_needed
kounokura-0265,Relux,2024-01-02,1,https://rlx.jp/22218/review/,ja,eeb79cb0c998,【もくれん】カップル向け/露天檜風呂付和洋室離れ18畳ツイン,true,public_bath;room_bath,onsen_related;public_bath_hot_spring;room_bath_hot_spring,,露天風呂;露天;風呂;お風呂;大浴場;湯;部屋のお風呂,공용 대욕장 또는 공용탕 경험을 언급한 후기.,direct_readable,true,positive,positive_signal_no_caution,medium,issue_caution_calibration_needed
kounokura-0266,Relux,2023-11-18,1,https://rlx.jp/22218/review/,ja,f48b13ea62f7,【もくれん】カップル向け/露天檜風呂付和洋室離れ18畳ツイン,true,public_bath;room_open_air_bath,onsen_related;public_bath_hot_spring;room_bath_hot_spring,cleanliness_or_safety,露天風呂;露天;風呂;お風呂;大浴場;部屋に露天;滑,객실 노천탕을 숙박 경험의 핵심 장점으로 언급한 후기.,direct_readable,true,mixed,caution_or_issue_tag,high,issue_caution_calibration_needed
kounokura-0267,Relux,2023-09-27,1,https://rlx.jp/22218/review/,ja,043e1d04017d,【ぼたん】露天檜風呂付き和室離れ14畳,true,room_bath,booking_confusion;onsen_related;room_bath_hot_spring,cleanliness_or_safety,温泉;露天;風呂;お風呂;部屋風呂;予約;滑,온도·동선·청결 등 운영상 주의 신호가 포함된 후기.,direct_readable,true,mixed,caution_or_issue_tag,high,issue_caution_calibration_needed
kounokura-0268,Relux,2022-08-08,1,https://rlx.jp/22218/review/,ja,e97a61714657,【お部屋おまかせ】露天風呂付き和室20畳・離れ,true,room_open_air_bath,onsen_related;room_bath_hot_spring,,露天風呂;露天;風呂;露天風呂付き,객실 노천탕을 숙박 경험의 핵심 장점으로 언급한 후기.,direct_readable,true,positive,positive_signal_no_caution,medium,issue_caution_calibration_needed
kounokura-0269,Relux,2022-08-04,1,https://rlx.jp/22218/review/,ja,d3d936ac8749,【ぼたん】露天檜風呂付き和室離れ14畳,true,facility_wide,onsen_related,,露天;風呂;お風呂,숙박 경험을 평가한 직접 리뷰 표본.,direct_readable,true,positive,positive_signal_no_caution,medium,issue_caution_calibration_needed
kounokura-0270,Relux,2022-05-31,1,https://rlx.jp/22218/review/,ja,2be88f6f8461,【お部屋おまかせ】露天風呂付き和室20畳・離れ,true,room_open_air_bath,onsen_related;room_bath_hot_spring,,露天風呂;露天;風呂;お風呂;露天風呂付き,객실 노천탕을 숙박 경험의 핵심 장점으로 언급한 후기.,direct_readable,true,positive,positive_signal_no_caution,medium,issue_caution_calibration_needed
kounokura-0271,Relux,2022-03-12,1,https://rlx.jp/22218/review/,ja,1ade95033234,【もくれん】カップル向け/露天檜風呂付和洋室離れ18畳ツイン,true,facility_wide,onsen_related,,露天;風呂;お風呂,숙박 경험을 평가한 직접 리뷰 표본.,direct_readable,true,positive,positive_signal_no_caution,medium,issue_caution_calibration_needed
kounokura-0272,Relux,2022-03-09,1,https://rlx.jp/22218/review/,ja,a7d3d5de3c68,【ぼたん】露天檜風呂付き和室離れ14畳,true,room_open_air_bath,booking_confusion;onsen_related;room_bath_hot_spring,,露天風呂;露天;風呂;露天風呂付き;予約;送迎,객실 노천탕을 숙박 경험의 핵심 장점으로 언급한 후기.,direct_readable,true,mixed,conditional_signal_tag,medium,issue_caution_calibration_needed
kounokura-0273,Relux,2021-08-11,1,https://rlx.jp/22218/review/,ja,2404125bfc13,【ふじ】露天岩風呂付き和洋室離れ20畳／ツインベッド,true,room_open_air_bath,booking_confusion;onsen_related;room_bath_hot_spring,,露天風呂;露天;風呂;部屋の露天;予約,객실 노천탕을 숙박 경험의 핵심 장점으로 언급한 후기.,direct_readable,true,mixed,conditional_signal_tag,medium,issue_caution_calibration_needed
kounokura-0274,Relux,2021-08-09,1,https://rlx.jp/22218/review/,ja,8667297dafbd,【もくれん】カップル向け/露天檜風呂付和洋室離れ18畳ツイン,true,facility_wide,crowding;onsen_related,,露天風呂;露天;風呂;貸切,숙박 경험을 평가한 직접 리뷰 표본.,direct_readable,true,mixed,conditional_signal_tag,medium,issue_caution_calibration_needed
kounokura-0275,Relux,2021-08-12,1,https://rlx.jp/22218/review/,ja,c9d9e035340c,【お部屋おまかせ】露天風呂付き和室20畳・離れ,true,public_bath;room_bath;room_open_air_bath,crowding;onsen_related;public_bath_hot_spring;room_bath_hot_spring,,露天風呂;露天;風呂;大浴場;貸切;部屋の露天;お部屋の露天;露天風呂付き;部屋風呂,객실 노천탕을 숙박 경험의 핵심 장점으로 언급한 후기.,direct_readable,true,mixed,conditional_signal_tag,medium,issue_caution_calibration_needed
kounokura-0276,Relux,2021-08-10,1,https://rlx.jp/22218/review/,ja,4496e6eb6bcd,【ふじ】露天岩風呂付き和洋室離れ20畳／ツインベッド,true,room_open_air_bath,onsen_related;room_bath_hot_spring,temperature,露天風呂;露天;風呂;部屋の露天;お部屋の露天;温度,객실 노천탕을 숙박 경험의 핵심 장점으로 언급한 후기.,direct_readable,true,mixed,caution_or_issue_tag,high,issue_caution_calibration_needed
kounokura-0277,Relux,2021-06-16,1,https://rlx.jp/22218/review/,ja,ca25245cccfc,【ふじ】露天岩風呂付き和洋室離れ20畳／ツインベッド,true,room_open_air_bath,booking_confusion;onsen_related;room_bath_hot_spring,cleanliness_or_safety,露天風呂;露天;風呂;お風呂;湯;部屋の露天;お部屋の露天;場所;滑,객실 노천탕을 숙박 경험의 핵심 장점으로 언급한 후기.,direct_readable,true,mixed,caution_or_issue_tag,high,issue_caution_calibration_needed
kounokura-0278,Relux,2021-03-27,1,https://rlx.jp/22218/review/,ja,29a434ee55b5,【もくれん】カップル向け/露天檜風呂付和洋室離れ18畳ツイン,true,public_bath;room_bath;room_open_air_bath,crowding;onsen_related;public_bath_hot_spring;room_bath_hot_spring,,露天;風呂;お風呂;大浴場;湯;貸切;部屋に露天;部屋風呂;部屋のお風呂;貸切状態,객실 노천탕을 숙박 경험의 핵심 장점으로 언급한 후기.,direct_readable,true,mixed,conditional_signal_tag,medium,issue_caution_calibration_needed
kounokura-0279,Relux,2021-03-20,1,https://rlx.jp/22218/review/,ja,ded2c4f070a6,【ふじ】露天岩風呂付き和洋室離れ20畳／ツインベッド,true,facility_wide,onsen_related,temperature,露天;風呂;お風呂;寒,온도·동선·청결 등 운영상 주의 신호가 포함된 후기.,direct_readable,true,negative,low_rating_negative_body,high,issue_caution_calibration_needed
kounokura-0280,Relux,2020-12-20,1,https://rlx.jp/22218/review/,ja,e4709a3c3075,【お部屋おまかせ】露天風呂付き和室20畳・離れ,true,room_open_air_bath,onsen_related;room_bath_hot_spring,,露天風呂;露天;風呂;お風呂;露天風呂付き,객실 노천탕을 숙박 경험의 핵심 장점으로 언급한 후기.,direct_readable,true,positive,positive_signal_no_caution,medium,issue_caution_calibration_needed
kounokura-0281,Relux,2020-10-10,1,https://rlx.jp/22218/review/,ja,4b0fc4bebee6,【もくれん】カップル向け/露天檜風呂付和洋室離れ18畳ツイン,true,facility_wide,onsen_related,,露天;風呂;お風呂,숙박 경험을 평가한 직접 리뷰 표본.,direct_readable,true,positive,positive_signal_no_caution,medium,issue_caution_calibration_needed
kounokura-0282,Relux,2020-08-26,1,https://rlx.jp/22218/review/,ja,7a724d58d74c,【もくれん】カップル向け/露天檜風呂付和洋室離れ18畳ツイン,true,facility_wide,booking_confusion;onsen_related;water_texture,,露天風呂;露天;風呂;肌;予約,알칼리성 온천의 질감이나 피부감을 언급한 후기.,direct_readable,true,mixed,conditional_signal_tag,medium,issue_caution_calibration_needed
kounokura-0283,Relux,2020-08-14,1,https://rlx.jp/22218/review/,ja,5a1322d22a94,【もくれん】カップル向け/露天檜風呂付和洋室離れ18畳ツイン,true,facility_wide,onsen_related,,露天;風呂,숙박 경험을 평가한 직접 리뷰 표본.,direct_readable,true,positive,positive_signal_no_caution,medium,issue_caution_calibration_needed
kounokura-0284,Relux,2019-12-14,1,https://rlx.jp/22218/review/,ja,b4f577936f60,【ふじ】露天岩風呂付き和洋室離れ20畳／ツインベッド,true,facility_wide,onsen_related,,露天;風呂,숙박 경험을 평가한 직접 리뷰 표본.,direct_readable,true,positive,positive_signal_no_caution,medium,issue_caution_calibration_needed
kounokura-0285,Relux,2019-09-11,1,https://rlx.jp/22218/review/,ja,d5959df5a91e,【ぼたん】露天檜風呂付き和室離れ14畳,true,facility_wide,onsen_related,,露天;風呂,숙박 경험을 평가한 직접 리뷰 표본.,direct_readable,true,positive,positive_signal_no_caution,medium,issue_caution_calibration_needed
kounokura-0286,Relux,2019-10-05,1,https://rlx.jp/22218/review/,ja,110851c8244e,【ふじ】露天岩風呂付き和洋室離れ20畳／ツインベッド,true,public_bath;room_open_air_bath,onsen_related;public_bath_hot_spring;room_bath_hot_spring,cleanliness_or_safety,露天風呂;露天;風呂;大浴場;部屋の露天;落ち葉,객실 노천탕을 숙박 경험의 핵심 장점으로 언급한 후기.,direct_readable,true,mixed,caution_or_issue_tag,high,issue_caution_calibration_needed
kounokura-0287,Relux,2019-08-16,1,https://rlx.jp/22218/review/,ja,5e79e6a98ab2,【もくれん】カップル向け/露天檜風呂付和洋室離れ18畳ツイン,true,facility_wide,booking_confusion;onsen_related,,露天;風呂;迎え,송영·위치·예약 동선을 함께 언급한 후기.,direct_readable,true,mixed,conditional_signal_tag,medium,issue_caution_calibration_needed
kounokura-0288,Relux,2019-06-08,1,https://rlx.jp/22218/review/,ja,5e770c43b3da,【ふじ】露天岩風呂付き和洋室離れ20畳／ツインベッド,true,facility_wide,onsen_related,,露天;風呂,숙박 경험을 평가한 직접 리뷰 표본.,direct_readable,true,positive,positive_signal_no_caution,medium,issue_caution_calibration_needed
kounokura-0289,Relux,2019-05-04,1,https://rlx.jp/22218/review/,ja,3393129912ce,【ぼたん】露天檜風呂付き和室離れ14畳,true,facility_wide,onsen_related,,露天;風呂,숙박 경험을 평가한 직접 리뷰 표본.,direct_readable,true,positive,positive_signal_no_caution,medium,issue_caution_calibration_needed
kounokura-0290,Relux,2019-02-09,1,https://rlx.jp/22218/review/,ja,5b2175238ef3,【もくれん】カップル向け/露天檜風呂付和洋室離れ18畳ツイン,true,room_open_air_bath,onsen_related;room_bath_hot_spring,,露天風呂;露天;風呂;部屋の露天;お部屋の露天,객실 노천탕을 숙박 경험의 핵심 장점으로 언급한 후기.,direct_readable,true,positive,positive_signal_no_caution,medium,issue_caution_calibration_needed
kounokura-0291,Relux,2019-02-05,1,https://rlx.jp/22218/review/,ja,e8d3ef881f62,【ふじ】露天岩風呂付き和洋室離れ20畳／ツインベッド,true,facility_wide,booking_confusion;onsen_related,,露天風呂;露天;風呂;お風呂;源泉;掛け流し;送迎;駅から;場所,송영·위치·예약 동선을 함께 언급한 후기.,direct_readable,true,mixed,conditional_signal_tag,medium,issue_caution_calibration_needed
kounokura-0292,Google Maps,2년 전,5,https://www.google.com/maps/search/旅籠Hatago+香乃蔵+由布院,ko,c61bf33774bc,Google-native review tab,true,room_open_air_bath,room_bath_hot_spring;onsen_related,,프라이빗한 노천탕;24시간;하늘 보며 온천물,객실 노천탕을 프라이빗하게 24시간 이용하는 만족 신호.,direct_readable_aside_snapshot,true,positive,body_positive,high,issue_caution_calibration_needed
kounokura-0293,Google Maps,5년 전,5,https://www.google.com/maps/search/旅籠Hatago+香乃蔵+由布院,ko,66217a6a140d,Google-native review tab,true,room_open_air_bath;open_air_public_bath,room_bath_hot_spring;public_bath_hot_spring;water_texture;onsen_related,,온천 물 수질;방안에 있는 노천탕;공용탕,"객실 노천탕과 공용탕, 온천 수질을 함께 긍정적으로 언급.",direct_readable_aside_snapshot,true,positive,rating_positive_signal,medium,issue_caution_calibration_needed
kounokura-0294,Google Maps,7년 전,5,https://www.google.com/maps/search/旅籠Hatago+香乃蔵+由布院,ko,c056c8bc43ee,Google-native review tab,false,unclear,,,최고의 숙소;음식,온천 구체 언급은 없는 한국어 숙박 만족 리뷰.,direct_readable_aside_snapshot,true,positive,body_positive,high,issue_caution_calibration_needed
kounokura-0295,Google Maps,6년 전,5,https://www.google.com/maps/search/旅籠Hatago+香乃蔵+由布院,ko,fc8417a4adb6,Google-native review tab,false,unclear,booking_confusion,,친절;재방문,온천 구체 언급은 없는 한국어 숙박 만족 리뷰.,direct_readable_aside_snapshot,true,mixed,conditional_signal_tag,medium,issue_caution_calibration_needed
kounokura-0296,Google Maps,3년 전,5,https://www.google.com/maps/search/旅籠Hatago+香乃蔵+由布院,ko,31bc12c39be1,Google-native review tab,false,unclear,booking_confusion,,송영서비스;넓고 좋음,송영과 객실 규모를 언급하나 온천 구체 신호는 없음.,direct_readable_aside_snapshot,true,mixed,conditional_signal_tag,medium,issue_caution_calibration_needed
kounokura-0297,Google Maps,11년 전,5,https://www.google.com/maps/search/旅籠Hatago+香乃蔵+由布院,ko,1d1fc2a4110f,Google-native review tab,false,unclear,,,굉장히 좋음,짧은 한국어 만족 리뷰.,direct_readable_aside_snapshot,true,positive,body_positive,high,issue_caution_calibration_needed
kounokura-0298,Google Maps,1개월 전,5,https://www.google.com/maps/search/旅籠Hatago+香乃蔵+由布院,ja,4c333e622f8f,Google-native review tab,false,unclear,,,GW;추천,최근 Google-native 일본어 만족 리뷰이나 온천 구체 표본은 아님.,direct_readable_aside_snapshot,true,positive,body_positive,high,issue_caution_calibration_needed
kounokura-0299,Google Maps,4개월 전,5,https://www.google.com/maps/search/旅籠Hatago+香乃蔵+由布院,ja,f8c7e50b0f96,Google-native review tab,false,unclear,booking_confusion,,유후인 역;현도,위치 맥락이 보이는 일본어 리뷰이나 온천 구체 표본은 화면상 축약.,direct_readable_aside_snapshot,true,mixed,conditional_signal_tag,medium,issue_caution_calibration_needed
kounokura-0300,Google Maps,6개월 전,5,https://www.google.com/maps/search/旅籠Hatago+香乃蔵+由布院,ja,ae61fd1a557d,Google-native review tab,true,public_bath;room_open_air_bath,public_bath_hot_spring;room_bath_hot_spring;onsen_related,,대욕장;방의 노천탕;탕가감,대욕장과 객실 노천탕을 모두 이용하고 온도감을 긍정적으로 언급.,direct_readable_aside_snapshot,true,positive,rating_positive_signal,medium,issue_caution_calibration_needed
kounokura-0301,Google Maps,1년 전,5,https://www.google.com/maps/search/旅籠Hatago+香乃蔵+由布院,ja,a1aa517419eb,Google-native review tab,true,room_open_air_bath,room_bath_hot_spring;onsen_related,,전실에 노천탕;언제라도 온천,전실 노천탕과 상시 온천 이용 가능성을 긍정적으로 언급.,direct_readable_aside_snapshot,true,positive,rating_positive_signal,medium,issue_caution_calibration_needed
