slug,name_ja,source,url,rating,visible_review_count,access_status,directly_read_reviews,onsen_related_direct_reviews,snippet_only_count,bath_signal_keywords,notes
jozankei-suizantei,定山渓第一寶亭留 翠山亭,Yahoo Maps,https://map.yahoo.co.jp/v3/place/7lSmo14btWo/review,4.39,205,aside_review_tab_read_mixed_origin,3,3,11,客室露天風呂; 客室のお風呂; 大浴場; シャワー; 熱い; 温度調整,"Yahoo Maps mixes Yahoo Travel, Ikkyu, Tabelog surfaces; duplicate-origin snippets not counted as independent direct bodies."
jozankei-suizantei,定山渓第一寶亭留 翠山亭,Agoda,https://www.agoda.com/ko-kr/jozankei-daiichi-hotel-suizantei/hotel/sapporo-jp.html,9.0/10 aggregate; Agoda tab 9.0,3558 aggregate; Agoda tab 2789,aside_review_tab_read,12,10,2,온천(121); 객실 히노끼 욕조; 대욕장; 노천탕; 전세탕; 프라이빗 온천 욕조; QR 예약; 4400엔; 협소; 노후감,Korean localized Agoda page exposes full visible review bodies and keyword chips.
jozankei-suizantei,定山渓第一寶亭留 翠山亭,Booking.com via Agoda,https://www.agoda.com/ko-kr/jozankei-daiichi-hotel-suizantei/hotel/sapporo-jp.html,9.2/10,305,aside_review_tab_read,5,3,0,온천 시설; 노천탕 분위기; 대욕탕 한산; 객실내 히노키탕; 딱 좋은 온도; 노후감,Booking.com tab embedded on Agoda was directly readable.
jozankei-suizantei,定山渓第一寶亭留 翠山亭,Naver Blog,https://m.blog.naver.com/jiyoonsabina/223418074924,,,aside_search_snapshot_read_direct_blog_body,1,1,0,방마다 개인욕탕; 대욕장; 여탕/남탕 교체; 노천탕; 온탕 2개; 냉탕; 사우나; 붐비는 느낌 없음,Korean blog body dated 2024-04-17 read directly.
jozankei-suizantei,定山渓第一寶亭留 翠山亭,Naver Blog,https://m.blog.naver.com/PostView.naver?blogId=boy0716&logNo=223288933138,,,aside_search_snapshot_read_direct_blog_body,1,1,0,개인욕조; 여러개의 대욕장; 별채 모리노유; 유료 전세탕; 예약 꽉차는편; 기본 객실 전망개인온천 없음,Korean guide/blog body dated 2023-12-11 read directly; use as Korean context not OTA review pool.
yunokawa-nagisatei,湯の川プリンスホテル渚亭,Google Hotels,https://www.google.com/travel/hotels/entity/CgsIq67omcaxzYmlARAB,4.2,1746,aside_review_tab_read,13,13,2,객실 노천탕; 개인온천; 대욕장; 바다뷰; 물 온도; 청결; 오래된 느낌; 아침 노천탕; 셀프 체크인,"Google Hotels review tab exposed full Korean/native bodies. Google Maps surface appears to share the same 1,746-review corpus, so Maps snippets are not double-counted as direct bodies."
yunokawa-nagisatei,湯の川プリンスホテル渚亭,Google Maps,https://www.google.com/maps/search/?api=1&query=湯の川プリンスホテル渚亭,4.2,1746,aside_review_tab_snippet_mixed,0,0,7,객실 노천탕; 대욕장; 개인욕탕; 바다 전망; 아침 노천탕,Same visible corpus as Google Hotels; partner snippets and unexpanded visible snippets kept out of direct-review counts.
yunokawa-nagisatei,湯の川プリンスホテル渚亭,JTB,https://www.jtb.co.jp/kokunai-hotel/htl/1610006/review/,4.3; bath 87,118,direct_fetch_partial_read,13,10,0,部屋風呂; 客室露天風呂; 大浴場; 露天風呂; 温質; 眺望; サビ; 壁の汚さ,JTB/Rurubu page bodies and expanded text fragments read directly where visible; older maintenance negatives kept as management notes.
yunokawa-nagisatei,湯の川プリンスホテル渚亭,Yahoo Travel,https://travel.yahoo.co.jp/00000746/review/,4.44 overall; onsen/bath 4.54,167,aside_review_tab_read,17,12,0,露天風呂; 客室露天風呂; 部屋付きの温泉露天風呂; 大浴場; 湯加減; 海; サウナ; 飲み物; タオル,First visible Yahoo Travel review page read directly. Counts exclude duplicate-origin Ikkyu/Yahoo cross-surface snippets.
yunokawa-nagisatei,湯の川プリンスホテル渚亭,Trip.com,https://kr.trip.com/hotels/hakodate-hotel-detail-1488002/yunokawa-prince-hotel-nagisatei/review.html,9.1/10,146,webfetch_direct_read,16,8,0,온천 추천(65); 전용 노천탕; 개인 온천탕; 바다 뷰; 뜨거움; 아침 운영; 객실 전용 온천 전망,"Korean localized Trip.com review page was readable; first visible review bodies counted, keyword buckets kept as platform-pool signal."
yunokawa-nagisatei,湯の川プリンスホテル渚亭,Booking.com,https://www.booking.com/hotel/jp/yunokawa-prince-nagisa-tei.ko.html,9.0,522,aside_review_modal_read,1,1,0,개인노천탕; 객실; 석식 아쉬움,Booking review modal exposed one full Korean body; other Booking advantage snippets not counted as direct bodies.
yunokawa-nagisatei,湯の川プリンスホテル渚亭,Naver Blog,https://blog.naver.com/mong_family/223675779086,,,aside_search_snapshot_read_direct_blog_body,1,1,0,개인욕장; 대욕장; 가족탕; 바다뷰; 오래된 목욕탕 느낌; 민망함; 무서운 분위기,Korean blog body dated 2024-11-29 read directly; Naver search snippets kept separate.
yunokawa-nagisatei,湯の川プリンスホテル渚亭,Expedia,https://www.expedia.co.jp/Hakodate-Hotels-Yunokawa-Prince-Hotel-Nagisatei.h22404815.Hotel-Information,9.0,210,aside_listing_review_count_only,0,0,0,大浴場; 天然温泉; 海側露天風呂付客室,"Expedia page exposed review count and room/facility facts, but no individual review body was counted."
noboribetsu-daiichi-takimotokan,第一滝本館,Google Maps/Hotels,https://www.google.com/maps/search/?api=1&query=Dai-ichi%20Takimotokan%20Noboribetsu%20Onsen,4.3,6227,aside_review_tab_read_mixed_origin,9,8,2,온천; 대욕장; 노천탕; 유황; 지옥계곡 view; large bath; variety of tubs; crowded/tourists; old/aged,Google review tab visible. Count excludes separately listed Google-surfaced Trip.com body to avoid double count; Tripadvisor/Trip.com cards noted as mixed-origin snippets unless counted in their own row.
noboribetsu-daiichi-takimotokan,第一滝本館,Yahoo Travel,https://travel.yahoo.co.jp/00000587/review/,4.49; onsen/bath 4.79,215,webfetch_direct_read,40,34,0,温泉; お風呂; 大浴場; 露天風呂; 5つの泉質; 地獄谷; 広い; 遠い; 混雑; 外国人客,Yahoo page says overall count combines Yahoo Travel and Ikkyu; visible bodies read from Yahoo Travel page only.
noboribetsu-daiichi-takimotokan,第一滝本館,Ikkyu,https://www.ikyu.com/00000587/review/,4.49,215,webfetch_direct_read,30,24,0,温泉; 大浴場; 露天風呂; 部屋の露天風呂; 泉質; 広い; 遠い; 外国人客; 滑りやすい,Ikkyu page accessible; same combined score count as Yahoo but visible bodies read from Ikkyu page only.
noboribetsu-daiichi-takimotokan,第一滝本館,JTB/Rurubu,https://www.jtb.co.jp/kokunai-hotel/htl/1558001/review/,JTB 88/100; Rurubu 4.6,JTB 140; Rurubu 436,webfetch_direct_read,37,30,0,大浴場; 露天風呂; 温泉; 5種類の源泉掛け流し; 地獄谷; 遠い; 広い; ぬるめ; 熱い,"JTB customer survey count and Rurubu count kept separate; visible bodies include bath, distance, towel, and changing-room management signals."
noboribetsu-daiichi-takimotokan,第一滝本館,Jalan,https://www.jalan.net/yad364904/kuchikomi/,4.6 overall; bath 4.8,7241,aside_browser_direct_read,30,24,0,風呂 4.8; お風呂; 温泉; 大浴場; 露天風呂; 泉質; 広い; 遠い; 外国人客; タオル,Browser snapshot readable; webfetch was mojibake. First page bodies counted only.
noboribetsu-daiichi-takimotokan,第一滝本館,Booking.com,https://www.booking.com/hotel/jp/daiichi-takimotokan.html,8.9/10,3590,aside_review_modal_read,4,3,10,온천; 노천온천; 대형욕탕; 다양한 온천수; 지옥계곡; 수온; 부드러운 수질,Only expanded Korean review cards counted as direct bodies; carousel excerpts kept as snippets.
noboribetsu-daiichi-takimotokan,第一滝本館,Trip.com via Google Hotels,https://www.trip.com/hotels/noboribetsu-hotel-detail-704984/dai-ichi-takimotokan/,4.7/5 via Google Hotels,3047 via Google Hotels,native_trip_misrouted_google_surface_only,1,1,1,대욕장; old/aged; maintained,"Native Trip.com URL misrouted to an unrelated Sendai hotel, so only one Google-surfaced Trip.com body is counted."
noboribetsu-daiichi-takimotokan,第一滝本館,Naver Search / Place / Cafe,https://search.naver.com/search.naver?query=다이이치%20타키모토칸%20온천,Naver place 5.0; hotel card 9/10,Naver place 2,aside_search_snapshot_read_direct_cafe,2,2,14,온천; 대욕장; 노천탕; 수영장; 지옥계곡; 유황냄새; 남탕 view; 겨울 자쿠지 운영 안함,Naver search accessible; one Naver Place visible review and one Naver Cafe article body counted. Search snippets and cafe comments kept out of direct count.
noboribetsu-daiichi-takimotokan,第一滝本館,Agoda/Kayak aggregator,https://www.agoda.com/dai-ichi-takimotokan/hotel/noboribetsu-jp.html,9.2/10 via Kayak,787 Agoda reviews via Kayak,native_agoda_blocked_aggregator_count_only,0,0,1,hot spring aggregator keyword,"Native Agoda fetch returned empty; Kayak provider score is pool signal only, not direct-review evidence."
noboribetsu-mahoroba,ホテルまほろば,Google Maps,https://www.google.com/maps/search/Hotel%20Mahoroba%20Noboribetsu%20Onsen,4.1,4680,aside_review_tab_read_google_source,10,10,0,온천; 대욕장; 다양한 탕; 지하1층/지하2층; 노천탕; 유황온천; 미끄럼틀; 남성 이용시간 탕 별로; 수건 객실 지참,Google source selected on Maps hotel review tab. Expanded visible Korean Google-native review bodies; partner Trip.com/Tripadvisor cards were not merged into Google direct count.
noboribetsu-mahoroba,ホテルまほろば,Yahoo Travel,https://travel.yahoo.co.jp/00030360/review/,not_observed_this_pass,not_observed_this_pass,webfetch_direct_read,15,14,0,温泉; お風呂; 大浴場; 露天風呂; 地下2階; 湯船; 泉質; 脱衣所; カラン; 刺青; 子どもが泳ぐ,"Directly opened Yahoo review pages p1, p2, and p7; counted only bodies visible in fetched page excerpts, not all page inventory."
noboribetsu-mahoroba,ホテルまほろば,Booking.com,https://www.booking.com/reviews/jp/hotel/h-mahoroba.ja.html,8.3/10,1050,webfetch_direct_read,25,12,0,お風呂; 温泉施設; 湯舟; 湯温; 露天風呂; 雪景色; 大浴場; 泉質; 混雑しない; 部屋古い,Booking review page shows 1-25 review bodies. Visible review count is platform pool; direct count is only the first page bodies.
noboribetsu-mahoroba,ホテルまほろば,Ikkyu,https://www.ikyu.com/00030360/review/,not_observed_this_pass,not_observed_this_pass,webfetch_direct_read,6,6,0,お風呂; 内風呂; 露天風呂; 泉質; 滑り台; 大浴場; 温泉場の趣は皆無,Visible Ikkyu bodies included both strong bath praise and one low-rating weak-onsen-feeling complaint.
noboribetsu-mahoroba,ホテルまほろば,Trip.com,https://kr.trip.com/hotels/noboribetsu-hotel-detail-704188/hotel-mahoroba/review.html,8.9/10,728,webfetch_direct_read,3,3,1,온천 대욕장; B1/B2; B2 노천탕; 유황 냄새; 탕 종류; 사람 많음; 고급감 낮음,"Trip.com listing/review pages exposed a small number of Korean/translated bodies. AI review summary/chips were kept as pool signal, not direct count."
noboribetsu-mahoroba,ホテルまほろば,Hotels.com,https://kr.hotels.com/ho457447/hotel-maholoba-nobolibecheu-ilbon/,not_observed_this_pass,not_observed_this_pass,webfetch_direct_read,2,1,0,깨끗한 대욕장; 다다미방 꿉꿉함; 벌레,Only visible verified Korean review cards counted; remaining listing text not counted as review bodies.
noboribetsu-mahoroba,ホテルまほろば,Tripadvisor,https://www.tripadvisor.co.kr/ShowUserReviews-g325583-d1079122-r311169172-Hotel_Mahoroba-Noboribetsu_Hokkaido.html,4/5 review page,740,webfetch_direct_read_single_review,1,1,0,노천온천; 몇가지 온천; 규모; 가족 만족,Single Korean review page body counted. Tripadvisor total review count is pool signal only.
noboribetsu-mahoroba,ホテルまほろば,Naver Search / Blog,https://search.naver.com/search.naver?query=호텔%20마호로바%20노보리베츠%20온천,,,aside_search_opened_blog_webfetch_blocked,0,0,2,온천; 대욕장; 노천탕,"Naver search/blog tabs were opened, but blog webfetch returned empty body in this pass. Search snippets are not direct reviews."
noboribetsu-grand,祝いの宿 登別グランドホテル,Booking.com,https://www.booking.com/reviews/jp/hotel/noboribetsu-grand.ja.html,8.1/10,150 current Booking score set; search surface 473 pool,webfetch_direct_read,25,17,0,温泉街規模; 露天風呂; お風呂広い; 各種泉質; サウナ; 温度調整; タトゥー; 外国人観光客マナー; タオル常備; 鬼サウナ,"Booking review page displayed reviews 1-25 directly. Search-result total and page score were kept as pool signals, not direct bodies."
noboribetsu-grand,祝いの宿 登別グランドホテル,Yahoo Travel,https://travel.yahoo.co.jp/00000583/review/,4.27 overall; onsen/bath 4.58,160 Yahoo Travel; Yahoo map 90,webfetch_direct_read,10,9,0,泉質; 大浴場; 家族風呂; 50分; 脱衣所ロッカー古い; 複数泉質; タオル; 混雑少ない; 硫黄薄い; 水風呂多い,Yahoo Travel p1/p2 and opened single-review pages were readable. Yahoo map count is pool-only unless body opened.
noboribetsu-grand,祝いの宿 登別グランドホテル,Ikkyu,https://www.ikyu.com/00000583/review/,4.32 overall; onsen/bath 4.63,169,webfetch_direct_read,6,6,0,お風呂; 家族風呂; 貸切; 露天風呂; 鬼サウナ; 硫黄泉; 鉄泉; 塩泉; タオル; 客室露天風呂狭い,Ikkyu list and individual review pages were readable; counted visible review bodies only.
noboribetsu-grand,祝いの宿 登別グランドホテル,Trip.com,https://kr.trip.com/hotels/noboribetsu-hotel-detail-703466/noboribetsu-grand-hotel/review.html,not_observed_this_pass,487,webfetch_direct_read,1,1,1,유황 온천; 소금 온천; 온천 추천,One Korean/translated body counted. AI/review summary and keyword chips kept separate.
noboribetsu-grand,祝いの宿 登別グランドホテル,Tripadvisor,https://www.tripadvisor.co.kr/ShowUserReviews-g325583-d1155420-r465459193-Noboribetsu_Grand_Hotel-Noboribetsu_Hokkaido.html,not_observed_this_pass,not_observed_this_pass,webfetch_direct_read_single_review,1,1,0,노천탕; 대욕장; 하루종일 온천,Single Korean review body counted.
noboribetsu-grand,祝いの宿 登別グランドホテル,Hotelpass Korean review,https://www.hotelpass.net/community/review_view.asp?PKId=83866,7.7/10 review score,single_review_page,webfetch_direct_read_single_review,1,1,0,대욕장 야경; 객실 환기/냄새,Single Korean user review body counted; source is not a large review pool.
noboribetsu-grand,祝いの宿 登別グランドホテル,Naver Search,https://search.naver.com/search.naver?query=노보리베츠%20그랜드%20호텔%20온천,,,search_result_snippet_only,0,0,2,대욕장; 온천,Naver/native blog body not directly opened in this pass; snippets kept out of direct counts.
noboribetsu-manseikaku,登別万世閣,Google Maps,https://www.google.com/maps/search/%E7%99%BB%E5%88%A5%E4%B8%87%E4%B8%96%E9%96%A3%20Noboribetsu%20Manseikaku,3.8,2775,aside_review_tab_read_mixed_origin,12,12,5,온천대욕탕; 노천탕; 유황온천물; 대욕장 도난/매너; 샴푸바; 수건 객실 지참; 탕 많지 않음; 실내/실외 하나씩,Google review tab opened in Aside. Google-native Korean bodies counted separately; Trip.com/Tripadvisor cards on the same panel are not merged into Google count.
noboribetsu-manseikaku,登別万世閣,Booking.com,https://www.booking.com/reviews/jp/hotel/noboribetsu-manseikaku.ja.html,7.9/10 or 8.1/10 surface,520-526 surface; page shows reviews 1-25,webfetch_direct_read,25,12,0,露天風呂; 温泉; 大浴場; 源泉の香り; シャンプーバー; 温泉良かった; 泉質が優しい; 混雑; エレベーター,Booking review page exposed visible bodies 1-25; platform pool count kept separate from direct count.
noboribetsu-manseikaku,登別万世閣,Yahoo Travel,https://travel.yahoo.co.jp/00901592/review/,4.30 overall; onsen/bath 4.28,54,webfetch_direct_read,15,12,0,お湯; 鉄の臭い; サウナ; おはだつるつる; 大浴場1槽; 温泉種類少ない; 展望風呂付客室; 混雑; 外国人客,Yahoo Travel review page p1 was directly readable. Room plan names with bath are not counted as experiential signal unless body also refers to use.
noboribetsu-manseikaku,登別万世閣,Jalan,https://www.jalan.net/yad321916/kuchikomi/,not_observed_this_pass; bath scores visible per review,not_observed_this_pass,webfetch_direct_read,10,8,0,大浴場; サウナ; 源水水風呂; 階段; 内風呂と露天風呂; シャンプーバー; 混んでない; 狭い,Jalan latest review page directly readable; archive pagination visible but not expanded in this pass.
noboribetsu-manseikaku,登別万世閣,Trip.com,https://kr.trip.com/hotels/noboribetsu-hotel-detail-993429/noboribetsu-manseikaku/review.html,8.8/10,232,webfetch_direct_read,15,12,0,온천 추천(108); 야외 온천; 실내외 온천탕; 샴푸/컨디셔너 6종; 탕 수 적음; 전망 아쉬움; 사람 많지 않음; 노후,"Korean localized Trip.com review page directly readable; keyword chip counts kept as pool signal, not direct bodies."
noboribetsu-manseikaku,登別万世閣,Naver Blog,https://blog.naver.com/yeum04/223505801636,,single_blog_body,aside_search_snapshot_read_direct_blog_body,1,1,6,온천욕장; 샴푸/린스 선택; 수건 객실 지참; 개인물품 보관; 작은 비밀번호 보관함; 객실 벌레 주의,One Naver Blog body opened in Aside and counted. Other Naver search/cafe/blog result snippets were kept out of direct count.
noboribetsu-manseikaku,登別万世閣,Naver Search/Cafe snippets,https://search.naver.com/search.naver?query=노보리베츠%20만세이카쿠%20온천%20후기,,,aside_search_result_snippet_only,0,0,8,온천; 대욕장; 노천탕; 가족탕 언급; 유황 냄새; 대욕장/수건,Search result snippets and cafe comments were not counted as direct reviews.
yunokawa-heiseikan-shiosaitei,平成館 しおさい亭,Google Maps,https://www.google.com/maps/search/%E5%B9%B3%E6%88%90%E9%A4%A8%20%E3%81%97%E3%81%8A%E3%81%95%E3%81%84%E4%BA%AD%20Heiseikan%20Shiosaitei,4.2,1627,aside_review_tab_read_mixed_identity_risk,6,2,3,온천; 여자 직원 대욕장 동선 불쾌; 하나즈키 별관 객실 온천; 낡음; 오션뷰,Google Maps place title was Korean Annex Hanatsuki while Japanese heading/address/site matched 平成館しおさい亭. Counted only Google-posted visible bodies; Trip.com/Tripadvisor cards and annex-specific body were kept as mixed-identity caution.
yunokawa-heiseikan-shiosaitei,平成館 しおさい亭,Jalan,https://www.jalan.net/yad342256/kuchikomi/,4.2 overall; bath 4.1,1469,web_open_direct_read,30,22,0,温泉; お風呂; 7階大浴場; 客室露天風呂; 海が見える内風呂; 湯の温度; 浴槽小さい; 風呂数少ない; サウナ,"Jalan review page exposed recent first-page bodies directly. Count is visible body sample only; 1,469 is platform pool."
yunokawa-heiseikan-shiosaitei,平成館 しおさい亭,Yahoo Travel,https://travel.yahoo.co.jp/00900119/review/,4.26 overall; onsen/bath 4.18,55,web_open_direct_read,20,8,0,大浴場; 客室露天風呂; 海を眺める; 大浴場ほぼ貸切; 温泉・お風呂; 清掃; 部屋臭い; カビ,"Yahoo Travel review page exposed review bodies and category scores directly. Counted body rows, not category-score rows alone."
yunokawa-heiseikan-shiosaitei,平成館 しおさい亭,Booking.com,https://www.booking.com/reviews/jp/hotel/shiosaitei.ja.html,8.1/10,124-228 surface; page shows reviews 1-25,web_open_direct_read,25,14,0,露天風呂付のお部屋; 大浴場; お湯の温度が低い; 大浴場ゆったり; 温泉; 食事とお部屋の露天風呂; 種類が少ない,Booking review page exposed visible bodies 1-25. Platform pool and page score kept separate from direct count.
yunokawa-heiseikan-shiosaitei,平成館 しおさい亭,Trip.com,https://kr.trip.com/hotels/hakodate-hotel-detail-1488016/heiseikan-shiosaitei/,9.1/10,208,web_open_direct_read,9,4,0,대욕장 바다 전망; 온천탕; 방에 딸린 온천; 여성 탕 시간 짧음; 온천 서비스 가성비,Korean-localized Trip.com page exposed recent review bodies. AI review summary and topic counts were not counted as direct bodies.
yunokawa-heiseikan-shiosaitei,平成館 しおさい亭,Hotels.com,https://kr.hotels.com/ho540721/heiseikan-siosaitei-hakodate-ilbon/,8.8/10,225,web_open_partial_pool_and_room_type_surface,0,0,3,온천; 스파; 객실 전신 욕조; private open air bath room; 숙박 시설 상태; 오션뷰,"Hotels.com page exposed pool count, room-type surfaces, and facility facts, but no stable batch of review body cards was counted in this pass. Kept out of direct-review totals."
yunokawa-heiseikan-shiosaitei,平成館 しおさい亭,Naver/Search Korean web,https://search.naver.com/search.naver?query=%ED%97%A4%EC%9D%B4%EC%84%B8%EC%9D%B4%EC%B9%B8%20%EC%8B%9C%EC%98%A4%EC%82%AC%EC%9D%B4%ED%85%8C%EC%9D%B4%20%EC%98%A8%EC%B2%9C%20%ED%9B%84%EA%B8%B0,,,search_result_snippet_only,0,0,4,객실 노천탕; 개인 온천; 온천; 대욕장,"Korean web search surfaced OTA/blog-like snippets, but no Naver Blog/Cafe body was opened and read in this pass. Kept out of direct count."
toyako-lake-suite-konosisu,ザ・レイクスイート湖の栖,Google Maps,https://www.google.com/maps/search/%E3%82%B6%E3%83%BB%E3%83%AC%E3%82%A4%E3%82%AF%E3%82%B9%E3%82%A4%E3%83%BC%E3%83%88%E6%B9%96%E3%81%AE%E6%A0%96%20The%20Lake%20Suite%20Ko%20no%20Sumika,4.5,1169,aside_review_tab_read,10,5,0,객실 내 욕조; 대욕장; 노천탕; 선팔레스 이용; 가든뷰/호수뷰 기대차; 식사 소음/혼잡,Google review tab opened in Aside. Korean Google-native bodies counted; topic chips such as 일본의 온천 184 and 대욕장 110 kept as pool signal only.
toyako-lake-suite-konosisu,ザ・レイクスイート湖の栖,Jalan,https://www.jalan.net/yad352222/kuchikomi/,4.4 overall; bath 4.7,119,web_open_direct_read,30,27,0,客室露天風呂; 部屋のお風呂; 大浴場露天風呂; インフィニティ露天風呂; 温度調節; 温泉感; 虫; サンパレス移動; 食事会場遠い,Jalan recent review page exposed bodies directly. Count is visible direct-review sample only; 119 is platform pool.
toyako-lake-suite-konosisu,ザ・レイクスイート湖の栖,Yahoo Travel,https://travel.yahoo.co.jp/00002637/review/,4.32 overall; onsen/bath 4.70,189,web_open_direct_read,20,14,0,部屋付露天風呂; 温泉露天風呂付; 大浴場露天風呂; 室内露天風呂; 部屋風呂狭い; 湖ビュー期待差; 食事期待差,Yahoo Travel review page exposed review bodies and category scores directly. Category scores were not counted without body text.
toyako-lake-suite-konosisu,ザ・レイクスイート湖の栖,Trip.com,https://kr.trip.com/hotels/sobetsu-hotel-detail-30149326/the-lake-suite-ko-no-sumika/,9.6/10,67,web_open_direct_read,8,4,0,온천 추천; 객실에서 즐기는 온천; 파노라마 온천; 본관 식당까지 멂; 온천 편안함; 탁 트인 시야,Korean-localized Trip.com page exposed visible review bodies. Topic counts such as 온천 추천 26 kept separate from direct body counts.
toyako-lake-suite-konosisu,ザ・レイクスイート湖の栖,Naver/Search Korean web,https://search.naver.com/search.naver?query=%EB%8D%94%20%EB%A0%88%EC%9D%B4%ED%81%AC%20%EC%8A%A4%EC%9C%84%ED%8A%B8%20%EC%BD%94%20%EB%85%B8%20%EC%88%98%EB%AF%B8%EC%B9%B4%20%ED%9B%84%EA%B8%B0%20%EC%98%A8%EC%B2%9C,,,search_result_snippet_only,0,0,4,객실 온천; 노천탕; 대욕장; 도야호 뷰,Korean search snippets only; no Naver Blog/Cafe body was counted in this pass.
tokachigawa-seijakubou,全室源泉かけ流し露天風呂付きの宿 清寂房《十勝川モール温泉》,Google Maps,https://www.google.com/maps/search/%E5%8D%81%E5%8B%9D%E5%B7%9D%E3%83%A2%E3%83%BC%E3%83%AB%E6%B8%A9%E6%B3%89%20%E6%B8%85%E5%AF%82%E6%88%BF,4.5,266,aside_review_tab_read,7,6,3,내탕; 모르온천수; 객실에 딸린 탕; 물/수질; 개인 온천풀; 몰 온천물; 노천탕,Google review tab opened in Aside. Google-native Korean bodies counted; Trip.com partner cards on the same surface kept separate/snippet-only.
tokachigawa-seijakubou,全室源泉かけ流し露天風呂付きの宿 清寂房《十勝川モール温泉》,Ikkyu,https://www.ikyu.com/00003001/review/,4.80 overall; onsen/bath 4.90,341,web_open_direct_read,35,32,0,部屋のモール温泉; 客室露天風呂; 広いお風呂; 茶褐色; 入浴後ポカポカ; 大浴場閉塞感; 浴槽深い; シャワー動線,Ikkyu review page exposed direct bodies. Counted visible body sample only; facility replies and category scores not counted as separate reviews.
tokachigawa-seijakubou,全室源泉かけ流し露天風呂付きの宿 清寂房《十勝川モール温泉》,Yahoo Travel,https://travel.yahoo.co.jp/00003001/review/,4.80 overall; onsen/bath 4.90,341,web_open_direct_read,25,18,0,温泉; お風呂; 源泉かけ流し露天風呂付き; 客室露天風呂; モール温泉露天風呂; 内湯異臭; 食事ペース,Yahoo Travel review page exposed direct bodies. Category-only rows not counted.
tokachigawa-seijakubou,全室源泉かけ流し露天風呂付きの宿 清寂房《十勝川モール温泉》,Hotels.com,https://jp.hotels.com/ho2463267776/shi-sheng-chuanmoru-wen-quan-qing-ji-fang-yin-geng-ri-ben/,9.0/10,32,web_open_direct_read_partial,5,3,0,モール温泉; 肌すべすべ; 温さが続く; 施設清潔; 宿泊者限定口コミ,Hotels.com exposed a small verified-review section. Counted only visible body cards; FAQ/facility facts kept separate.
tokachigawa-seijakubou,全室源泉かけ流し露天風呂付きの宿 清寂房《十勝川モール温泉》,Naver/Search Korean web,https://search.naver.com/search.naver?query=%EC%84%B8%EC%9D%B4%EC%9E%90%EC%BF%A0%EB%B3%B4%20%EC%8B%AD%EC%8A%B9%EC%B2%9C%20%EC%98%A8%EC%B2%9C%20%ED%9B%84%EA%B8%B0,,,search_result_snippet_only,0,0,4,모르 온천; 객실 노천온천; 전 객실 노천탕; 조용한 환경,Korean web search/MATOKA/private-hotspring pages were not counted as direct user review bodies.
noboribetsu-bourou-noguchi,望楼NOGUCHI登別,Ikkyu,https://www.ikyu.com/00001211/review/,4.45 overall; onsen/bath 4.52,147,web_open_direct_read,35,30,0,部屋風呂; 大人4人でも充分; 大浴場; 泉質; トロトロ; 濁り湯; 段差; 露天風呂落葉; シャワールーム動線,Ikkyu review page exposed direct bodies. Counted visible review bodies only; category scores and facility replies were not counted as reviews.
noboribetsu-bourou-noguchi,望楼NOGUCHI登別,Yahoo Travel,https://travel.yahoo.co.jp/00001211/review/,4.45 overall; onsen/bath 4.53,148,web_open_direct_read,25,20,0,温泉展望風呂; 部屋風呂; 温泉の質; 広い; シャワー水圧; 大浴場; 露天風呂; 道案内/到着混乱,Yahoo review page exposed direct bodies. Ikkyu/Yahoo share some review surfaces; platform pool and direct body count are recorded separately from source_count interpretation.
noboribetsu-bourou-noguchi,望楼NOGUCHI登別,Tripadvisor,https://www.tripadvisor.com/Hotel_Review-g325583-d1155419-Reviews-Bourou_Noguchi_Noboribetsu-Noboribetsu_Hokkaido.html,not_captured,not_captured,web_open_direct_read,12,10,0,in room onsen; private onsen; room bath large; public bath tranquil; too hot; window/privacy; cancellation/oil issue,Tripadvisor page exposed English/Japanese direct bodies. Tripadvisor machine translations were treated as direct readable only where review body text was visible.
noboribetsu-bourou-noguchi,望楼NOGUCHI登別,Trip.com,https://jp.trip.com/hotels/noboribetsu-hotel-detail-1487991/bourou-noguchi-noboribetsu/,8.9/10,85,web_open_direct_read,8,4,0,部屋に温泉; 共同浴場; 雪景色; お風呂; チェックアウト混雑; 低評価なし表示,Trip.com exposed a limited visible body sample plus AI summary. AI summary counts were not counted as direct reviews.
noboribetsu-bourou-noguchi,望楼NOGUCHI登別,Expedia,https://www.expedia.com/Noboribetsu-Hotels-Bourou-NOGUCHI-Noboribetsu-Adult-Only.h12629784.Hotel-Information,not_captured,not_captured,web_open_direct_read,4,3,0,Onsen was awesome; private hot spring bath; room private onsen; shuttle bus; room comfort,Expedia page exposed a small verified-review body sample. Similar Hotels.com/Expedia group surfaces were not inflated beyond visible body rows.
noboribetsu-bourou-noguchi,望楼NOGUCHI登別,Naver/Search Korean web,https://search.naver.com/search.naver?query=%EB%A7%9D%EB%A3%A8%20%EB%85%B8%EA%B5%AC%EC%B9%98%20%EB%85%B8%EB%B3%B4%EB%A6%AC%EB%B2%A0%EC%B8%A0%20%EA%B0%9D%EC%8B%A4%ED%83%95%20%EC%98%A8%EC%B2%9C,,,snippet_only,0,0,4,객실탕; 개인 온천; 노보리베츠; 송영/위치,Korean search surface was not opened as stable direct review bodies in this pass; kept as snippet_only.
jozankei-chalet-ivy,シャレーアイビー定山渓,Ikkyu,https://www.ikyu.com/00002679/review/,4.61 overall; onsen/bath 4.47,30,web_open_direct_read,20,8,0,お部屋のお風呂; 客室展望風呂; ほぼ室内展望風呂; 大浴場; 水風呂なし; 窓開閉サイズ; 川景色,Ikkyu body page exposed direct reviews. Facility replies and category scores were not counted as direct reviews.
jozankei-chalet-ivy,シャレーアイビー定山渓,Yahoo Travel,https://travel.yahoo.co.jp/00002679/review/,4.61 overall; onsen/bath 4.47,30,web_open_direct_read,20,7,0,温泉; お肌すべすべ; 客室展望風呂; デラックススイート; 大浴場; 食事高評価,Yahoo review surface exposed direct bodies. Some overlap with Ikkyu is possible; direct body count is recorded separately from platform pool.
jozankei-chalet-ivy,シャレーアイビー定山渓,Booking.com,https://www.booking.com/reviews/jp/hotel/chalet-ivy-jozankei.html,not_captured,164,web_open_direct_read,25,5,0,onsen; tranquil; grounds; facilities; deluxe suite; peaceful; hospitality,Booking.com page exposed first-page body sample. Only visible review bodies counted; translation disclaimer and metadata not counted.
jozankei-chalet-ivy,シャレーアイビー定山渓,Trip.com,https://jp.trip.com/hotels/sapporo-hotel-detail-41629389/chalet-ivy-jozenkei/review.html,not_captured,167,web_open_direct_read,20,8,0,温泉; 山林や渓流; 温泉とシャワーが同じ部屋; プライバシー不足; 雪景色; 眺望期待差,Trip.com review page exposed direct bodies. Google/AI translation labels retained as access notes; AI summaries not counted.
jozankei-chalet-ivy,シャレーアイビー定山渓,Expedia,https://www.expedia.com/Sapporo-Hotels-Chalet-Ivy-Jozankei.h37127917.Hotel-Information,9.8/10,101,web_open_direct_read,15,5,0,indoor mineral hot spring; 24-hour public bath; in-room onsen; spa hot spring feed tub; top tier onsen property,"Expedia page exposed verified bodies and property review count. Amenity descriptions kept as official/OTA facility facts, not review bodies."
jozankei-chalet-ivy,シャレーアイビー定山渓,Hotels.com,https://www.hotels.com/ho1189093344/chalet-ivy-jozankei-sapporo-japan/,not_captured,101,web_open_direct_read,8,2,0,private Onsen bath inside the room; spa hot spring feed tub; gorgeous view,Hotels.com exposed a small body sample. Expedia-group overlap noted; body count is only visible rows from this page.
jozankei-chalet-ivy,シャレーアイビー定山渓,Jalan archive,https://www.jalan.net/yad394824/kuchikomi/archive/,not_captured,archive_page,web_open_direct_read,2,1,0,客室温泉; ガラス張り; 客室部路; 食事提供ペース,Jalan archive exposed old body sample only; marked as archive and not treated as current pool size.
jozankei-chalet-ivy,シャレーアイビー定山渓,JTB,https://www.jtb.co.jp/kokunai-hotel/htl/1533021/review/,not_captured,not_captured,web_open_partial_direct_read,5,2,0,源泉掛け流しのお風呂; 客室使い勝手; 個室食; 高級感,"JTB text surface was partially readable. Counted only clearly visible review/comment bodies, not facility recommendation text."
jozankei-chalet-ivy,シャレーアイビー定山渓,Naver/Search Korean web,https://search.naver.com/search.naver?query=%EC%83%AC%EB%A0%88%EC%95%84%EC%9D%B4%EB%B9%84%20%EC%A0%95%EC%82%B0%EA%B3%84%20%EC%98%A8%EC%B2%9C%20%EA%B0%9D%EC%8B%A4%ED%83%95,,,snippet_only,0,0,4,객실탕; 정산계; 프라이빗 온천; 조식/송영,Korean search surface only; no direct blog/cafe body counted.
jozankei-suizantei,定山渓第一寶亭留 翠山亭,Google Maps,https://www.google.com/maps/search/%E5%AE%9A%E5%B1%B1%E6%B8%93%E7%AC%AC%E4%B8%80%E5%AF%B6%E4%BA%AD%E7%95%99%20%E7%BF%A0%E5%B1%B1%E4%BA%AD,4.2,1375,aside_review_tab_read,5,4,6,개인노천탕; 방에서 온천; 공중욕탕 노천탕; 대욕장; 전세탕; 객실 온천; 라운지; 식사 아쉬움,Aside Google Maps review tab opened. Counted only Google-native Korean bodies as direct reviews. Trip.com/Tripadvisor partner cards in the same panel kept as snippet/partner evidence.
jozankei-suizantei,定山渓第一寶亭留 翠山亭,Jalan,https://www.jalan.net/yad319212/kuchikomi/,not_captured,3294,web_open_direct_read,30,19,0,部屋のお風呂; 源泉; 休日湯; 大浴場; 貸切状態; 露天風呂動線; 温泉サウナ; 36時間ステイ,"Jalan page exposed recent direct review bodies. 3,294 is platform pool from Jalan listing/search surface, not direct count."
jozankei-suizantei,定山渓第一寶亭留 翠山亭,Ikkyu,https://www.ikyu.com/00000988/review/,4.33,not_captured,web_open_direct_read,25,16,0,半露天付きの部屋; 部屋風呂; 大浴場; 離れの湯; 源泉掛け流しではない; 風呂の掃除; 窓カビ; 朝の女子風呂シャワー熱い,Ikkyu page exposed direct bodies including low-rating reviews. Category scores and facility replies were not counted.
jozankei-suizantei,定山渓第一寶亭留 翠山亭,Yahoo Travel,https://travel.yahoo.co.jp/00000988/review/,not_captured,not_captured,web_open_direct_read,25,17,0,客室風呂; 温度調整; 広い浴槽; 展望風呂周りの虫; 客室露天風呂; 大浴場; 温泉・お風呂5,Yahoo Travel review page exposed direct bodies. Some Ikkyu/Yahoo overlap possible; body sample counted by visible page only.
jozankei-suizantei,定山渓第一寶亭留 翠山亭,Trip.com,https://www.trip.com/hotels/sapporo-hotel-detail-705279/jyozankei-daiichi-hotel-suizantei/review.html,4.6/5,305,web_open_direct_read,12,8,0,own private onsen; in room/public/paid private onsen; various types of onsen; view bath; free-flow bar; airport bus access,Trip.com direct review page exposed a limited visible body sample. Google-translated labels kept as access notes; AI/summary text not counted.
jozankei-suizantei,定山渓第一寶亭留 翠山亭,JTB,https://www.jtb.co.jp/kokunai-hotel/htl/1533009/review/,not_captured,not_captured,web_open_partial_direct_read,3,2,0,お部屋の露天風呂; 大浴場; ラウンジ; 夕食,"JTB was partially readable through search/opened surface. Counted only clear direct comments, not recommendation snippets."
jozankei-suizantei,定山渓第一寶亭留 翠山亭,Naver/Search Korean web,https://search.naver.com/search.naver?query=%EC%A0%95%EC%82%B0%EA%B3%84%20%EC%8A%A4%EC%9D%B4%EC%9E%94%ED%85%8C%EC%9D%B4%20%ED%9B%84%EA%B8%B0%20%EA%B0%9D%EC%8B%A4%ED%83%95%20%EC%98%A8%EC%B2%9C,,,snippet_only,0,0,8,별탕 예약; 객실탕; 개인탕; 전세탕; 객실 내 개인탕; 대욕장; 온천; 송영버스,Aside Naver search checked. Results mix Jozankei Daiichi Hotel Suizantei and Suizantei Club Jozankei; no stable blog/cafe body was counted as direct review.
tokachigawa-seijakubou,全室源泉かけ流し露天風呂付きの宿 清寂房《十勝川モール温泉》,Rakuten Travel,https://travel.rakuten.co.jp/HOTEL/184142/review.html,not_captured,not_captured,web_open_direct_read,12,9,0,部屋についている露天風呂; 部屋の露天風呂; 大浴場; 温泉; 源泉かけ流し露天風呂付き; 静か; 食事一部残念,Rakuten review page exposed visible bodies. Counted 12 direct bodies conservatively; room-type bath evidence was not inflated into water-texture mentions.
tokachigawa-seijakubou,全室源泉かけ流し露天風呂付きの宿 清寂房《十勝川モール温泉》,Booking.com,https://www.booking.com/reviews/jp/hotel/shi-sheng-chuan-moruwen-quan-qing-ji-fang.ja.html,9.8/10,88,web_open_direct_read,20,14,0,露天風呂付; モール温泉の黒いお湯; 柔らかい; 長時間; 露天風呂サイコー; 温泉; 静か,Booking.com Japanese review page exposed first 20 visible bodies. Direct count is body rows only; translation disclaimer and metadata not counted.
tokachigawa-seijakubou,全室源泉かけ流し露天風呂付きの宿 清寂房《十勝川モール温泉》,Trip.com,https://jp.trip.com/hotels/otofuke-hotel-detail-97396122/tokachigawa-moor-onsen-seijyakubow/,9.8/10,42,web_open_direct_read,8,3,0,プライベート温泉; 全室露天風呂; 温泉は評判が良い; 肌が滑らか; 低評価なし,Trip.com page exposed a limited visible body sample. AI-generated summary and category counts were not counted as direct reviews.
tokachigawa-seijakubou,全室源泉かけ流し露天風呂付きの宿 清寂房《十勝川モール温泉》,Booking.com via Planet of Hotels,https://en.planetofhotels.com/japan/otofuke-hokkaido/tokachigawa-moor-onsen-seijyakubow,9.8/10,88,web_open_direct_read_booking_mirror,10,8,0,wonderful Onsen; outdoor onsen; private onsen; hot spring amazing; Onsen water supreme; room noise near outdoor onsen,"Planet of Hotels mirrors Booking.com traveller ratings. Counted only clearly visible distinct English author bodies not already visible in the Japanese Booking first-page sample; keep as Booking-pool mirror, not a new independent platform."
toyako-lake-suite-konosisu,ザ・レイクスイート湖の栖,Ikkyu,https://www.ikyu.com/00002637/review/,not_captured,not_captured,web_open_direct_read,15,11,0,温泉露天風呂付; 温泉からの景色; 混んでなくて最高; 部屋の温泉の泉質; 大浴場; 雪虫; 食事期待差,Ikkyu review page exposed direct bodies. Category scores and facility replies were not counted. Possible Yahoo-family overlap noted but visible authors/bodies used conservatively.
toyako-lake-suite-konosisu,ザ・レイクスイート湖の栖,Hotels.com,https://jp.hotels.com/ho1067710240/za-reikusuito-huno-qi-zhuang-pie-ri-ben/,not_captured,79 Expedia-group,web_open_direct_read,8,7,0,部屋の露天風呂; 大浴場インフィニティ型露天風呂; 花火; 客室露天風呂; 食事サンパレス移動; 虫; 清掃,Hotels.com Japanese page exposed verified-review body cards. Expedia-group pool is not treated as a separate direct-review count beyond visible bodies.
toyako-lake-suite-konosisu,ザ・レイクスイート湖の栖,Rakuten Travel second wave,https://travel.rakuten.co.jp/HOTEL/172346/review.html,4.48,866,web_open_direct_read,10,8,0,お部屋に温泉; 温泉露天風呂付; 個室温泉; 部屋から花火; 大浴場物足りない; サウナ; 洞爺湖ビュー,Additional Rakuten visible bodies beyond the original baseline. Kept as second-wave source row so baseline platform pool is not confused with direct sample.
noboribetsu-bourou-noguchi,望楼NOGUCHI登別,Google Maps/Hotels,https://www.google.com/maps/search/%E6%9C%9B%E6%A5%BCNOGUCHI%E7%99%BB%E5%88%A5%20Bourou%20NOGUCHI%20Noboribetsu,4.3,750,aside_browser_direct_read,25,16,0,방 노천 욕실; 객실마다 온천수; 욕실내 온천탕; 노천탕; 대욕장; 개별 온천; 유황온천; 프라이빗 온천; 온도 유지; 물때/욕조 배수,Aside Browser opened Google Maps/Hotels review panel. Counted only visible body cards read in the panel; Google visible pool 750 is not treated as direct-read count. Provider cards already sampled on Trip.com/Tripadvisor were treated conservatively in source interpretation.
noboribetsu-bourou-noguchi,望楼NOGUCHI登別,Rakuten Travel,https://travel.rakuten.co.jp/HOTEL/51198/review.html,not_captured,not_captured,direct_fetch_full_read,10,8,0,温泉; 部屋; 大浴場; 客室風呂; 露天; 食事; 経年感,"Static Rakuten review page returned direct readable review text. Counted only visible body rows, not page keyword totals."
noboribetsu-bourou-noguchi,望楼NOGUCHI登別,Booking.com,https://www.booking.com/reviews/jp/hotel/bourou-noguchi-noboribetsu.ja.html,not_captured,not_captured,direct_fetch_full_read,5,3,0,private onsen; public onsen; room huge; food; staff; room bath,Booking.com review page was directly fetched/read. Counted a small visible body sample only.
jozankei-chalet-ivy,シャレーアイビー定山渓,Google Maps/Hotels,https://www.google.com/maps/search/?api=1&query=%E3%82%B7%E3%83%A3%E3%83%AC%E3%83%BC%E3%82%A2%E3%82%A4%E3%83%93%E3%83%BC%E5%AE%9A%E5%B1%B1%E6%B8%93%20Chalet%20Ivy%20Jozankei,4.5,125,aside_browser_direct_read,33,14,0,客室の湯; 공동 욕탕; 방 욕실 문 10cm; 노천탕 아님; 퍼블릭 온센 그물망; 프라이빗 온천; 전 실온천; 대욕장; 객실 내 온천; 온천 마을,Aside Browser opened Google Maps/Hotels reviews panel. Counted Google-posted body cards only. Loaded Trip.com 29 and Tripadvisor 8 provider cards were not added to direct count to avoid overlap with existing OTA samples.
noboribetsu-takinoya,登別温泉郷 滝乃家,Google Maps/Hotels,https://www.google.com/maps/search/?api=1&query=%E7%99%BB%E5%88%A5%E6%B8%A9%E6%B3%89%E9%83%B7%20%E6%BB%9D%E4%B9%83%E5%AE%B6%20Takinoya%20Noboribetsu,4.5,730,aside_browser_direct_read,48,22,0,5층 인피니티탕; 온천욕; 목욕탕 작음; 프라이빗함; 욕장 전세 느낌; 대중 온천; 객실 온천은 온천아님; 대욕장; 5층 노천탕; 개인 노천탕; 유황 온천물; 객실노천,Aside Browser opened Google Maps/Hotels reviews panel. Counted 48 Google-posted readable body cards only. Trip.com 11 and Tripadvisor 11 provider cards were visible but not added to direct count to avoid provider overlap.
noboribetsu-hanayura,旅亭 花ゆら,Google Maps/Hotels,https://www.google.com/maps/place/%E3%83%AA%E3%83%A7%E3%83%86%E3%82%A4+%E3%83%8F%E3%83%8A%E3%83%A6%E3%83%A9,4.4,657,aside_browser_direct_read,54,38,0,개인탕; 개인 온천; 개인노천탕; 객실 안 개인 욕탕; 유황 온천수; 대욕탕; 노천탕; 객실옆 개인 온천; 노천탕 딸린 객실; 온천물; 대중온천; 객실 노천탕; 대욕장,Aside Browser opened Google Maps/Hotels reviews panel. Counted 54 Google-posted readable body cards only. Trip.com 31 and Tripadvisor 5 provider cards were visible but not added to direct count to avoid provider overlap.
yunokawa-heiseikan-hanatsuki,平成館 しおさい亭 別館 花月,Booking.com,https://www.booking.com/reviews/jp/hotel/siosaiting-bie-guan-hua-yue.ja.html,8.7,17 body reviews; 85/95 surfaced in search variants,web_open_direct_read,17,8,0,和室 専用露天風呂付; 海の目の前; お風呂; ラウンジ; サービス; 部屋露天,Booking.com review page exposed 17 visible body reviews. Counted body rows only; page-level score/review total not mixed into direct count.
yunokawa-heiseikan-hanatsuki,平成館 しおさい亭 別館 花月,Trip.com,https://jp.trip.com/hotels/hakodate-hotel-detail-3118049/heiseikan-shiosaitei-hanatsuki-annex/,not_captured,review page visible bodies plus summaries,web_open_direct_read,10,9,0,露天風呂付き和室; private hot spring bath; semi-open-air; ocean view; 客室の露天風呂; 大きな窓; 施設老朽化,"Trip.com direct page exposed body reviews and AI summaries. Counted only visible review-body rows, not aggregate AI summary counts."
yunokawa-heiseikan-hanatsuki,平成館 しおさい亭 別館 花月,Ikkyu,https://www.ikyu.com/00002445/review/,not_captured,not_captured,web_open_direct_read,5,5,0,客室露天風呂; 大浴場; 露天風呂; サウナ; 温泉・お風呂; オーシャンビュー,Ikkyu review page exposed body reviews for Hanatsuki. Counted compact visible body sample only.
yunokawa-heiseikan-hanatsuki,平成館 しおさい亭 別館 花月,Yahoo Travel,https://travel.yahoo.co.jp/00002445/,4.62,10,web_open_direct_read,6,6,0,客室露天が最高; 部屋の露天風呂; 大浴場; 洗い場; 眺望; 花月専用ラウンジ,"Yahoo Travel page exposed direct review bodies; counted visible bodies only. Some Ikkyu/Yahoo overlap possible, noted conservatively."
noboribetsu-grand,祝いの宿 登別グランドホテル,Google Maps,https://www.google.com/maps/search/%E7%A5%9D%E3%81%84%E3%81%AE%E5%AE%BF%20%E7%99%BB%E5%88%A5%E3%82%B0%E3%83%A9%E3%83%B3%E3%83%89%E3%83%9B%E3%83%86%E3%83%AB,4.1,"2,751",aside_google_maps_direct_read,8,4,0,온천 수질; 온천장; 눈쌓인 야외 온천; 작은 노천탕; 당일온천; 노천탕 폭포; 남녀교차; 객실 거미/냄새,Aside Google Maps review tab directly read Google-native Korean bodies only. Trip.com/Tripadvisor provider cards in the same panel were kept out of direct counts.
noboribetsu-daiichi-takimotokan,第一滝本館,Rakuten Travel page 8,https://review.travel.rakuten.co.jp/hotel/voice/30109?page=8,4.56,"3,556",direct_fetch_structured_reviewList_read,20,20,0,温泉; 大浴場; 露天風呂; お湯; 泉質; 湯質; ぬるい; 混雑; 南館/東館 distance,A reinforcement 2026-07-04. Parsed reviewList.data.contents page 8; visible pool not counted as direct.
jozankei-suizantei,定山渓第一寶亭留 翠山亭,Rakuten Travel pages 8-11,https://review.travel.rakuten.co.jp/hotel/voice/875?page=8 ; https://review.travel.rakuten.co.jp/hotel/voice/875?page=9 ; https://review.travel.rakuten.co.jp/hotel/voice/875?page=10 ; https://review.travel.rakuten.co.jp/hotel/voice/875?page=11,4.51,"1,106 current reviewList total; 1,380 prior observed pool",direct_fetch_structured_reviewList_read,80,62,0,部屋温泉; 展望風呂; 檜内風呂; 離れの湯; 貸切露天; 泉質; 源泉掛け流し; 虫; 丸見え/カーテン要望,A reinforcement 2026-07-04. Parsed reviewList.data.contents pages 8-11; visible pool not counted as direct.
yunokawa-heiseikan-shiosaitei,平成館 しおさい亭,Rakuten Travel pages 8-12,https://review.travel.rakuten.co.jp/hotel/voice/37513?page=8 ; https://review.travel.rakuten.co.jp/hotel/voice/37513?page=9 ; https://review.travel.rakuten.co.jp/hotel/voice/37513?page=10 ; https://review.travel.rakuten.co.jp/hotel/voice/37513?page=11 ; https://review.travel.rakuten.co.jp/hotel/voice/37513?page=12,4.18,486 current reviewList total; 659 prior observed pool,direct_fetch_structured_reviewList_read,100,78,0,客室露天風呂; 海側眺望; 7階/4階浴場; 展望風呂; 湯加減; 貸切状態; プランと違う部屋; 温度確認; 脱衣場/アメニティ,A reinforcement 2026-07-04. Parsed main Heiseikan Shiosaitei pages 8-12; visible pool not counted as direct.
yunokawa-nagisatei,湯の川プリンスホテル渚亭,Rakuten Travel pages 8-14,https://review.travel.rakuten.co.jp/hotel/voice/5842?page=8 ; https://review.travel.rakuten.co.jp/hotel/voice/5842?page=9 ; https://review.travel.rakuten.co.jp/hotel/voice/5842?page=10 ; https://review.travel.rakuten.co.jp/hotel/voice/5842?page=11 ; https://review.travel.rakuten.co.jp/hotel/voice/5842?page=12 ; https://review.travel.rakuten.co.jp/hotel/voice/5842?page=13 ; https://review.travel.rakuten.co.jp/hotel/voice/5842?page=14,4.46,"1,849 current reviewList total; 2,265 prior observed pool",direct_fetch_structured_reviewList_read,140,107,0,客室露天風呂; オーシャンビュー; 海; 函館山; 漁火; 大浴場; 好きな時; 何度も入る; 温度設定; 排水口; タオル/マット,A reinforcement 2026-07-04. Parsed Rakuten pages 8-14; visible pool not counted as direct.
noboribetsu-manseikaku,登別万世閣,Rakuten Travel pages 8-15,https://review.travel.rakuten.co.jp/hotel/voice/28637?page=8 ; https://review.travel.rakuten.co.jp/hotel/voice/28637?page=9 ; https://review.travel.rakuten.co.jp/hotel/voice/28637?page=10 ; https://review.travel.rakuten.co.jp/hotel/voice/28637?page=11 ; https://review.travel.rakuten.co.jp/hotel/voice/28637?page=12 ; https://review.travel.rakuten.co.jp/hotel/voice/28637?page=13 ; https://review.travel.rakuten.co.jp/hotel/voice/28637?page=14 ; https://review.travel.rakuten.co.jp/hotel/voice/28637?page=15,4.08,"923 current reviewList total; 1,201 prior observed pool",direct_fetch_structured_reviewList_read,160,127,0,温泉; 大浴場; 露天風呂; サウナ; 源泉水風呂; シャンプーバイキング; 肌ツルツル; ポカポカ; 脱衣所; タオル/籠,A reinforcement 2026-07-04. Parsed Rakuten pages 8-15; visible pool not counted as direct.
noboribetsu-mahoroba,ホテルまほろば,Rakuten Travel pages 8-14,https://review.travel.rakuten.co.jp/hotel/voice/12568?page=8 ; https://review.travel.rakuten.co.jp/hotel/voice/12568?page=9 ; https://review.travel.rakuten.co.jp/hotel/voice/12568?page=10 ; https://review.travel.rakuten.co.jp/hotel/voice/12568?page=11 ; https://review.travel.rakuten.co.jp/hotel/voice/12568?page=12 ; https://review.travel.rakuten.co.jp/hotel/voice/12568?page=13 ; https://review.travel.rakuten.co.jp/hotel/voice/12568?page=14,4.25,"2,070 current reviewList total; 2,661 prior observed pool",direct_fetch_structured_reviewList_read,140,124,0,温泉; 大浴場; 露天風呂; 31湯; 硫黄; 濁り湯; 広い浴場; 子ども/滑り台; 混雑; 表示/入替,A reinforcement 2026-07-04. Parsed reviewList.data.contents pages 8-14; visible pool not counted as direct. Room/plan names used for bath-area context only.
noboribetsu-grand,祝いの宿 登別グランドホテル,Rakuten Travel pages 8-14,https://review.travel.rakuten.co.jp/hotel/voice/39175?page=8 ; https://review.travel.rakuten.co.jp/hotel/voice/39175?page=9 ; https://review.travel.rakuten.co.jp/hotel/voice/39175?page=10 ; https://review.travel.rakuten.co.jp/hotel/voice/39175?page=11 ; https://review.travel.rakuten.co.jp/hotel/voice/39175?page=12 ; https://review.travel.rakuten.co.jp/hotel/voice/39175?page=13 ; https://review.travel.rakuten.co.jp/hotel/voice/39175?page=14,4.28,"2,327 current reviewList total; 2,984 prior observed pool",direct_fetch_structured_reviewList_read,140,109,0,温泉; 大浴場; 鬼サウナ; 露天風呂; 滝; 泉質; 肌つや; 家族風呂; 入替/時間; 混雑,A reinforcement 2026-07-04. Parsed reviewList.data.contents pages 8-14; visible pool not counted as direct. Official artificial-radium room open-air bath remains separated from natural hot-spring signals.
yunokawa-hanabishi,函館・湯の川温泉 花びしホテル,Rakuten Travel pages 8-14,https://review.travel.rakuten.co.jp/hotel/voice/29275?page=8 ; https://review.travel.rakuten.co.jp/hotel/voice/29275?page=9 ; https://review.travel.rakuten.co.jp/hotel/voice/29275?page=10 ; https://review.travel.rakuten.co.jp/hotel/voice/29275?page=11 ; https://review.travel.rakuten.co.jp/hotel/voice/29275?page=12 ; https://review.travel.rakuten.co.jp/hotel/voice/29275?page=13 ; https://review.travel.rakuten.co.jp/hotel/voice/29275?page=14,4.48,"1,300 current reviewList total; 1,713 prior observed pool",direct_fetch_structured_reviewList_read,140,87,0,温泉; 大浴場; 露天風呂; 客室露天風呂; 湯の川; オートロウリュ; 遠い/乗り継ぎ; 団体,A reinforcement 2026-07-04. Parsed reviewList.data.contents pages 8-14; visible pool not counted as direct.
yunokawa-hanabishi,函館・湯の川温泉 花びしホテル,Ikkyu first review page,https://www.ikyu.com/00000765/review/,4.39,134,web_open_direct_read,10,7,0,露天風呂; 大浴場; 温泉; 客室露天風呂; 広いお風呂; 団体/修学旅行; 制限,A reinforcement 2026-07-04. Direct readable Ikkyu review page; stored short paraphrases/keywords only.
noboribetsu-takinoya,登別温泉郷 滝乃家,Rakuten Travel pages 8-14,https://review.travel.rakuten.co.jp/hotel/voice/72815?page=8 ; https://review.travel.rakuten.co.jp/hotel/voice/72815?page=9 ; https://review.travel.rakuten.co.jp/hotel/voice/72815?page=10 ; https://review.travel.rakuten.co.jp/hotel/voice/72815?page=11 ; https://review.travel.rakuten.co.jp/hotel/voice/72815?page=12 ; https://review.travel.rakuten.co.jp/hotel/voice/72815?page=13 ; https://review.travel.rakuten.co.jp/hotel/voice/72815?page=14,4.16,269 current reviewList total; 335 prior observed pool,direct_fetch_structured_reviewList_read,129,79,0,温泉; 露天風呂; 展望風呂; 客室風呂; お湯; 泉質; 白濁; 貸切感; 温度,A reinforcement 2026-07-04. Parsed reviewList.data.contents pages 8-14; visible pool not counted as direct; stored short keywords only.
noboribetsu-takinoya,登別温泉郷 滝乃家,Ikkyu first review page,https://www.ikyu.com/00001424/review/,4.55,103,web_open_direct_read,20,16,0,展望風呂; お湯; 泉質; 露天風呂; 白濁温泉; 客室露天風呂; 大浴場清掃; 源泉かけ流し,A reinforcement 2026-07-04. Direct readable Ikkyu review page; stored short paraphrases/keywords only.
jozankei-grand-blissen,グランドブリッセンホテル定山渓,Rakuten Travel pages 8-14,https://review.travel.rakuten.co.jp/hotel/voice/182458?page=8 ; https://review.travel.rakuten.co.jp/hotel/voice/182458?page=9 ; https://review.travel.rakuten.co.jp/hotel/voice/182458?page=10 ; https://review.travel.rakuten.co.jp/hotel/voice/182458?page=11 ; https://review.travel.rakuten.co.jp/hotel/voice/182458?page=12 ; https://review.travel.rakuten.co.jp/hotel/voice/182458?page=13 ; https://review.travel.rakuten.co.jp/hotel/voice/182458?page=14,4.53,270 current reviewList total; 375 prior observed pool,direct_fetch_structured_reviewList_read,130,82,0,温泉; 温泉展望風呂; 部屋風呂; 大浴場; 露天風呂; 泉質; サウナ; 混雑少ない; 送迎,A reinforcement 2026-07-04. Parsed reviewList.data.contents pages 8-14; visible pool not counted as direct; stored short keywords only.
jozankei-grand-blissen,グランドブリッセンホテル定山渓,Ikkyu/Yahoo Travel direct review pages,https://www.ikyu.com/00002896/review/ ; https://travel.yahoo.co.jp/00002896/review/,Ikkyu/Yahoo direct surface,Ikkyu/Yahoo visible pool not merged,web_open_direct_read,10,8,0,部屋のお風呂; 大浴場; 泉質; 温泉展望風呂; 露天風呂; 塩素臭; 貸切状態,A reinforcement 2026-07-04. Direct readable pages; stored short paraphrases/keywords only.
toyako-lake-suite-konosisu,ザ・レイクスイート湖の栖,Ikkyu/Yahoo Travel review pages p1-p5,https://www.ikyu.com/00002637/review/ ; https://travel.yahoo.co.jp/00002637/review/ ; /p2/ ; /p3/ ; /p4/ ; /p5/,4.32,190 Ikkyu current visible pool; 189 prior observed pool,web_open_direct_read_paginated,140,112,0,温泉露天風呂付; 部屋のお風呂; 客室露天風呂; 大浴場; インフィニティ露天; ぬるめ深湯; サウナ; 低層階眺望; 食事会場移動; 入浴マナー,"A reinforcement 2026-07-04. Direct readable Ikkyu/Yahoo pages p1-p5; Ikkyu and Yahoo share review-origin risk, so platform count was not inflated. Stored short paraphrases/keywords only; visible pool not counted as direct."
noboribetsu-hanayura,旅亭 花ゆら,Ikkyu review page,https://www.ikyu.com/00001501/review/,4.43,41,web_or_local_html_direct_read,41,30,0,お部屋の温泉;露天風呂付和室;泉質;大浴場;系列温泉;水漏れ;眺望,web-open direct readable page; counted Ikkyu surface only and did not add Yahoo Travel mirrored 00001501 page to avoid duplicate inflation.
noboribetsu-hanayura,旅亭 花ゆら,JTB review page,https://www.jtb.co.jp/kokunai-hotel/htl/1558018/review/,89%,132 questionnaire; 20 RRB body reviews,web_or_local_html_direct_read,60,36,0,客室露天風呂;源泉掛け流し;大浴場;硫黄;混雑少ない;部屋眺望,local HTML direct readable; counted 40 visible questionnaire blocks plus 20 hotelReviewList bodies; visible review pool kept separate.
noboribetsu-hanayura,旅亭 花ゆら,Relux review page,https://rlx.jp/22735/review/,92.0,42,web_or_local_html_direct_read,24,10,0,部屋の露天風呂;大浴場;白いお湯;泉質;熱い;温泉付き部屋,local HTML PC review list direct readable; mobile duplicate block excluded.
noboribetsu-hanayura,旅亭 花ゆら,Yahoo Maps reviews via Yahoo Travel,https://travel.yahoo.co.jp/00001501/review/yahoomap/,not_recorded,14,web_or_local_html_direct_read,14,12,0,露天風呂付き和洋室;硫黄の香り;大浴場;空いている;肌ツルツル,web-open direct readable Yahoo Maps review page; kept distinct from Yahoo Travel/Ikkyu accommodation review mirror.
noboribetsu-hanayura,旅亭 花ゆら,Tripadvisor review page,https://www.tripadvisor.jp/Hotel_Review-g325583-d1155426-Reviews-Hanayura-Noboribetsu_Hokkaido.html,4.3,163,web_or_local_html_direct_read,10,7,0,大浴場;硫黄風呂;個室露天風呂;混み合わない;羽根アリ;食事予約混乱,web-open direct readable first review page; counted only visible body cards opened in this pass.
jozankei-chalet-ivy,シャレーアイビー定山渓,Booking.com all-language loaded pages,https://www.booking.com/reviews/jp/hotel/chalet-ivy-jozankei.html,9.5,164 displayed / Korean page 23,aside_browser_direct_read,48,15,0,private onsen;in-room onsen;public bath;room bath;대욕탕;개인온천;온센;계곡뷰,Aside Browser rechecked Booking pagination and filtered duplicate/no-content/rating-only cards. Counted only additional written bodies beyond the earlier first-page sample.
jozankei-chalet-ivy,シャレーアイビー定山渓,Trip.com load-more pages after first20,https://jp.trip.com/hotels/sapporo-hotel-detail-41629389/chalet-ivy-jozenkei/review.html,9.6/10,167,aside_browser_loadmore_direct_read,55,16,0,温泉;室内の温泉;専用温泉;貸切風呂;大浴場;温泉ホテル;プライバシー不足;完全な屋外ではない,Aside Browser loaded Trip.com review batches to 75 visible review-date bodies. Counted only additional bodies after the already-counted first 20; AI/theme counts such as ゆっくりできる温泉(40) were not counted as direct reviews.
jozankei-chalet-ivy,シャレーアイビー定山渓,Hotels.com review modal additional bodies,https://www.hotels.com/ho1189093344/chalet-ivy-jozankei-sapporo-japan/,not_captured,101 displayed in modal,aside_browser_direct_read,37,11,0,in-room onsen;spa;public bath;private Onsen bath inside the room;room;staff,Aside Browser opened the Hotels.com review modal and excluded rating-only records. Counted additional bodies beyond the earlier 8-body Hotels.com sample; Expedia-group overlap remains a caution.
jozankei-chalet-ivy,シャレーアイビー定山渓,Tripadvisor review page,https://www.tripadvisor.com/Hotel_Review-g298560-d18816190-Reviews-Chalet_Ivy_Jozankei-Sapporo_Hokkaido.html,not_captured,12 displayed / 7 readable in accessible page,aside_browser_direct_read,7,6,0,private onsen;spring bath;rotenburo;in-room onsen;food issues,Aside Browser/webfetch found 7 directly readable bodies on the public Tripadvisor page. Tripadvisor visible pool kept separate from direct count.
jozankei-chalet-ivy,シャレーアイビー定山渓,Relux review page,https://rlx.jp/24158/review/,4.6/5,11 displayed,aside_browser_direct_read,9,3,0,お部屋のお風呂;お風呂が適温;温泉;露天風呂;すだれ;価格期待差,Relux page repeats reviews in two sections; counted unique readable bodies only and excluded rating-only rows.
noboribetsu-bourou-noguchi,望楼NOGUCHI登別,Ikkyu full pagination remainder p1-p4,https://www.ikyu.com/00001211/review/,4.45 overall; onsen/bath 4.52,147 combined Ikkyu/Yahoo score; 94 Ikkyu unique reviewBody bodies extracted,aside_browser_structured_direct_read,59,43,0,部屋の温泉;浴槽;大浴場;泉質;トロトロ;濁り湯;段差;源泉掛け流し;岩盤浴;経年感,"Aside Browser parsed Ikkyu reviewBody blocks across p1-p4: 94 unique readable bodies, 73 onsen-related. Counted only the additional remainder beyond the earlier 35 Ikkyu bodies; facility replies and combined visible total were excluded."
noboribetsu-bourou-noguchi,望楼NOGUCHI登別,Yahoo Travel full pagination remainder p1-p4,https://travel.yahoo.co.jp/00001211/review/,4.45 overall; onsen/bath 4.53,148 combined Ikkyu/Yahoo score; 115 Yahoo unique reviewBody bodies extracted,aside_browser_structured_direct_read,90,66,0,客室露天風呂;部屋風呂;温泉部屋風呂;乳白色;硫黄泉;源泉掛け流し;大浴場;シャワー水圧;送迎/場所,"Aside Browser parsed Yahoo Travel reviewBody blocks across p1-p4: 115 unique readable bodies, 86 onsen-related. Counted only the additional remainder beyond the earlier 25 Yahoo bodies; combined Ikkyu/Yahoo visible score was not used as direct count."
noboribetsu-bourou-noguchi,望楼NOGUCHI登別,Relux review page,https://rlx.jp/25338/review/,4.2/5,39 displayed / 29 unique readable body blocks after duplicate surface filtering,aside_browser_structured_direct_read,29,10,0,源泉掛け流しの内風呂;窓が開く;湯加減;部屋風呂;大浴場;メンテナンス;朝食/接客低評価,Relux /review/ page was direct-readable only with trailing slash. Extracted 29 unique remarks blocks and excluded duplicate PC/mobile surfaces and rating rows.
noboribetsu-bourou-noguchi,望楼NOGUCHI登別,JTB review page,https://www.jtb.co.jp/kokunai-hotel/htl/1558021/review/,not_captured,36 direct readable comment bodies in page structure,aside_browser_structured_direct_read,36,18,0,大浴場;部屋風呂;泉質;お部屋にあるお風呂;部屋の風呂;露天風呂;掛け流し;静か,Aside Browser parsed JTB f-detail-review-result text blocks. Counted direct guest comments only; recommendation/facility text and CSS/JS fragments were excluded.
tokachigawa-seijakubou,全室源泉かけ流し露天風呂付きの宿 清寂房《十勝川モール温泉》,Ikkyu full pagination remainder p1-p9,https://www.ikyu.com/00003001/review/,4.80 overall; onsen/bath 4.90,342 combined Ikkyu/Yahoo score; 263 Ikkyu unique reviewBody bodies extracted,aside_browser_structured_direct_read,228,179,0,部屋のモール温泉;客室露天風呂;大浴場;泉質;茶褐色;ポカポカ;源泉かけ流し;モール温泉;浴槽深い;大浴場閉塞感;段差,"Aside Browser parsed Ikkyu p1-p9 reviewBody blocks: 263 unique readable bodies, 211 onsen-related. Counted only the additional remainder beyond the earlier 35 Ikkyu bodies; facility replies and combined Ikkyu/Yahoo visible total were excluded."
yunokawa-heiseikan-hanatsuki,平成館 しおさい亭 別館 花月,Jalan archive,https://www.jalan.net/yad355230/kuchikomi/archive/,4.6,397 archive reviews within Jalan total 421,direct_fetch_archive_pages_1_to_5_read,150,118,0,部屋の露天風呂; 客室露天風呂; 部屋風呂; 厳選かけながし; 源泉/掛け流し; 大浴場; サウナ; 湯温調節; ぬるめ; 洗い場,"Jalan archive pages 1-5, 150 unique guest bodies. Hotel replies and rating metadata were excluded from onsen-related count; Google main/annex mixed surface still not counted."
