slug,name_ja,name_ko_or_en,area_slug,prefecture,property_type,initial_tier,initial_bath_signals,source_basis,verification_status,source_files
tokachigawa-seijakubou,全室源泉かけ流し露天風呂付きの宿 清寂房《十勝川モール温泉》,세이자쿠보 / Seijakubou,tokachigawa,北海道,luxury ryokan,Tier 1,전실 원천가케나가시 노천풍로 신호,Ikkyu nationwide onsen ranking snippet,needs_official_crosscheck,nationwide_accommodation_seed_v0_1_2026-07-03.csv
toyako-lake-suite-konosisu,ザ・レイクスイート湖の栖,The Lake Suite Ko no Sumika,hokkaido-toyako,北海道,lake resort ryokan,Tier 1,호수 전망 객실 노천탕 후보,Rakuten rotsuki ranking historic/source follow-up,needs_official_crosscheck,nationwide_accommodation_seed_v0_1_2026-07-03.csv
noboribetsu-bourou-noguchi,望楼NOGUCHI登別,Bourou Noguchi Noboribetsu,noboribetsu,北海道,luxury ryokan,Tier 1,노보리베쓰 고급 객실탕/대욕장 후보,regional high-demand seed,needs_source_crosscheck,nationwide_accommodation_seed_v0_1_2026-07-03.csv;nationwide_accommodation_batch_b_v0_3_2026-07-03.csv
jozankei-suizantei,定山渓第一寶亭留 翠山亭,Jozankei Daiichi Hotel Suizantei,jozankei,北海道,ryokan hotel,Tier 1,"조잔케이 대형 온천숙소, 객실탕 후보",Rakuten Top20 area seed,needs_source_crosscheck,nationwide_accommodation_seed_v0_1_2026-07-03.csv;nationwide_accommodation_batch_b_v0_3_2026-07-03.csv
yunokawa-nagisatei,湯の川プリンスホテル渚亭,Yunokawa Prince Hotel Nagisatei,yunokawa-hakodate,北海道,onsen hotel,Tier 1,객실 노천탕 수량이 큰 유노카와 대표 후보,Rakuten Top20 area seed,needs_official_crosscheck,nationwide_accommodation_seed_v0_1_2026-07-03.csv;nationwide_accommodation_batch_b_v0_3_2026-07-03.csv
akiu-saryo-soen,茶寮宗園,Saryo Soen,akiu,宮城県,luxury ryokan,Tier 1,"아키우 고급 료칸, 객실 노천탕 후보",Rakuten Top20 area seed,needs_source_crosscheck,nationwide_accommodation_seed_v0_1_2026-07-03.csv;nationwide_accommodation_batch_c_v0_4_2026-07-03.csv
akiu-sakurareikyu,仙台 秋保温泉 迎賓館 櫻離宮,Sakurareikyu,akiu,宮城県,large ryokan hotel,Tier 1,노천풍로 객실 인기 신호,Rakuten rotsuki ranking historic/source follow-up,needs_official_crosscheck,nationwide_accommodation_seed_v0_1_2026-07-03.csv;nationwide_accommodation_batch_c_v0_4_2026-07-03.csv
zao-daikon-no-hana,温泉山荘 だいこんの花,Daikon-no-Hana,miyagi-zao,宮城県,detached ryokan,Tier 1,노천풍로 객실 추천 숙소 신호,Jalan 2026 rotsuki article,needs_official_crosscheck,nationwide_accommodation_seed_v0_1_2026-07-03.csv
kusatsu-tokino-niwa,湯宿 季の庭,Yuyado Tokinoniwa,kusatsu,群馬県,ryokan,Tier 1,객실 노천탕/대욕장/유황천 후보,"Jalan 2026 top area, 5-star ryokan list",needs_official_crosscheck,nationwide_accommodation_seed_v0_1_2026-07-03.csv;nationwide_accommodation_batch_a_v0_2_2026-07-03.csv
kusatsu-naraya,草津温泉 奈良屋,Naraya,kusatsu,群馬県,traditional ryokan,Tier 1,"구사쓰 노포 료칸, 유황천/대욕장 신호","Jalan 2026 top area, 5-star ryokan list",needs_bath_detail_crosscheck,nationwide_accommodation_seed_v0_1_2026-07-03.csv;nationwide_accommodation_batch_a_v0_2_2026-07-03.csv
kusatsu-hotel-ichii,草津温泉 ホテル一井,Hotel Ichii,kusatsu,群馬県,large ryokan hotel,Tier 1,"湯畑 인접 대형 숙소, 대욕장 리뷰풀 후보","Jalan 2026 top area, 5-star ryokan list",needs_bath_detail_crosscheck,nationwide_accommodation_seed_v0_1_2026-07-03.csv
ikaho-kaichoro,奥伊香保 旅邸 諧暢楼,Kaichoro,ikaho,群馬県,luxury ryokan,Tier 1,이카호 고급 객실탕 후보,Ikkyu nationwide onsen ranking snippet,needs_official_crosscheck,nationwide_accommodation_seed_v0_1_2026-07-03.csv;nationwide_accommodation_batch_c_v0_4_2026-07-03.csv
minakami-senjuan,別邸 仙寿庵,Bettei Senjuan,minakami,群馬県,luxury ryokan,Tier 1,객실 노천탕 추천 숙소 신호,Jalan 2026 rotsuki article,needs_official_crosscheck,nationwide_accommodation_seed_v0_1_2026-07-03.csv
nasu-bettei-kai,那須別邸 回,Nasu Bettei Kai,nasu,栃木県,luxury ryokan,Tier 1,나스 고급 온천 숙소 후보,Rakuten Top20 area seed,needs_source_crosscheck,nationwide_accommodation_seed_v0_1_2026-07-03.csv;nationwide_accommodation_batch_b_v0_3_2026-07-03.csv
kinugawa-kanaya,鬼怒川金谷ホテル,Kinugawa Kanaya Hotel,kinugawa,栃木県,luxury hotel ryokan,Tier 1,기누가와 고급 온천호텔 후보,Rakuten/YuKoyuko top area seed,needs_source_crosscheck,nationwide_accommodation_seed_v0_1_2026-07-03.csv;nationwide_accommodation_batch_b_v0_3_2026-07-03.csv
hakone-ginyu,箱根吟遊,Hakone Ginyu,hakone,神奈川県,luxury ryokan,Tier 1,객실 노천탕/전망형 대표 후보,Jalan 2026 top area seed,needs_official_crosscheck,nationwide_accommodation_seed_v0_1_2026-07-03.csv;nationwide_accommodation_batch_a_v0_2_2026-07-03.csv
hakone-suisyoen,箱根・翠松園,Hakone Suishoen,hakone,神奈川県,luxury ryokan,Tier 1,전 객실 스위트·객실 노천탕 후보,Ikkyu/Hakone luxury seed,needs_official_crosscheck,nationwide_accommodation_seed_v0_1_2026-07-03.csv;nationwide_accommodation_batch_a_v0_2_2026-07-03.csv
hakone-gora-kadan,強羅花壇,Gora Kadan,hakone,神奈川県,luxury ryokan,Tier 1,"하코네 고급 료칸 대표, 객실탕/대욕장 후보",Jalan/Ikkyu top area seed,needs_official_crosscheck,nationwide_accommodation_seed_v0_1_2026-07-03.csv;nationwide_accommodation_batch_a_v0_2_2026-07-03.csv
hakone-gen-gora,玄 箱根強羅,Gen Hakone Gora,hakone,神奈川県,luxury ryokan,Tier 1,객실 노천탕 추천 숙소 신호,Jalan 2026 rotsuki article,needs_official_crosscheck,nationwide_accommodation_seed_v0_1_2026-07-03.csv;nationwide_accommodation_batch_a_v0_2_2026-07-03.csv
hakone-matsuzakaya,箱根の名湯 松坂屋本店,Matsuzakaya Honten,hakone,神奈川県,traditional ryokan,Tier 1,하코네 명탕·원천 신호 강함,Ikkyu nationwide onsen ranking snippet,needs_official_crosscheck,nationwide_accommodation_seed_v0_1_2026-07-03.csv;nationwide_accommodation_batch_a_v0_2_2026-07-03.csv
yugawara-ashikari,懐石旅庵 阿しか里,Ashikari,yugawara,神奈川県,kaiseki ryokan,Tier 1,전실 원천가케나가시 객실 노천탕 신호,Ikkyu rotsuki snippet,needs_official_crosscheck,nationwide_accommodation_seed_v0_1_2026-07-03.csv;nationwide_accommodation_batch_c_v0_4_2026-07-03.csv
atami-fufu,ふふ 熱海,Fufu Atami,atami,静岡県,luxury ryokan,Tier 1,고급 객실탕/대욕장 후보,Rakuten/YuKoyuko top area seed,needs_source_crosscheck,nationwide_accommodation_seed_v0_1_2026-07-03.csv;nationwide_accommodation_batch_a_v0_2_2026-07-03.csv
atami-sekaie,ATAMI せかいえ,ATAMI Sekaie,atami,静岡県,luxury ryokan,Tier 1,바다 전망 객실 노천탕 후보,Rakuten/YuKoyuko top area seed,needs_official_crosscheck,nationwide_accommodation_seed_v0_1_2026-07-03.csv;nationwide_accommodation_batch_a_v0_2_2026-07-03.csv
ito-futarikomorebi,ホテルふたり木もれ陽,Hotel Futari Komorebi,ito-izu,静岡県,luxury hotel,Tier 1,"이토 고평점 온천 숙소, 객실탕 후보",Ikkyu nationwide onsen ranking snippet,needs_official_crosscheck,nationwide_accommodation_seed_v0_1_2026-07-03.csv;nationwide_accommodation_batch_b_v0_3_2026-07-03.csv
izu-yumotokan,全室半露天付 離れ御宿 夢のや,Yume no Ya,ito-izu,静岡県,detached ryokan,Tier 1,전실 반노천 객실 후보,Ikkyu nationwide ranking snippet,needs_official_crosscheck,nationwide_accommodation_seed_v0_1_2026-07-03.csv
gero-suimeikan,下呂温泉 水明館,Suimeikan,gero,岐阜県,large ryokan hotel,Tier 1,"게로 대표 대형 숙소, 대욕장 리뷰풀 후보",Rakuten Top20 area seed,needs_bath_detail_crosscheck,nationwide_accommodation_seed_v0_1_2026-07-03.csv;nationwide_accommodation_batch_a_v0_2_2026-07-03.csv
gero-ogawaya,下呂温泉 小川屋,Ogawaya,gero,岐阜県,large ryokan,Tier 1,"게로 대형 료칸, 대욕장/객실탕 후보",Rakuten Top20 area seed,needs_bath_detail_crosscheck,nationwide_accommodation_seed_v0_1_2026-07-03.csv;nationwide_accommodation_batch_a_v0_2_2026-07-03.csv
kawaguchiko-fufu,ふふ 河口湖,Fufu Kawaguchiko,kawaguchiko,山梨県,luxury resort ryokan,Tier 1,후지산/숲 전망 객실탕 후보,"Ikkyu rotsuki theme snippet, Rakuten Top20 area",needs_official_crosscheck,nationwide_accommodation_seed_v0_1_2026-07-03.csv;nationwide_accommodation_batch_c_v0_4_2026-07-03.csv
kawaguchiko-kukuna,THE KUKUNA,The Kukuna,kawaguchiko,山梨県,resort hotel,Tier 1,전망 테라스/후지산 조망 온천 후보,Ikkyu rotsuki theme snippet,needs_bath_detail_crosscheck,nationwide_accommodation_seed_v0_1_2026-07-03.csv;nationwide_accommodation_batch_c_v0_4_2026-07-03.csv
fujiyoshida-kaneyamaen,庭園と感動の宿 富士山温泉 ホテル鐘山苑,Hotel Kaneyamaen,kawaguchiko,山梨県,large ryokan hotel,Tier 1,후지산 온천·정원·객실탕 후보,Ikkyu rotsuki theme snippet,needs_official_crosscheck,nationwide_accommodation_seed_v0_1_2026-07-03.csv
matsumoto-jujo,松本十帖,Matsumoto Jujo,matsumoto,長野県,design ryokan,Tier 1,전실 노천풍로 계열 신호,Ikkyu rotsuki theme snippet,needs_official_crosscheck,nationwide_accommodation_seed_v0_1_2026-07-03.csv
myoko-akakura-kanko,赤倉観光ホテル,Akakura Kanko Hotel,myoko,新潟県,mountain resort,Tier 1,"묘코 고원 절경 온천 리조트, 객실탕 후보",Ikkyu rotsuki theme snippet,needs_official_crosscheck,nationwide_accommodation_seed_v0_1_2026-07-03.csv
tobira-myojinkan,扉温泉 明神館,Tobira Onsen Myojinkan,matsumoto,長野県,luxury ryokan,Tier 1,"비경 온천 고급숙, 대욕장/객실탕 후보",Ikkyu rotsuki theme snippet,needs_official_crosscheck,nationwide_accommodation_seed_v0_1_2026-07-03.csv
katakura-silk,湖畔の洋館かたくらシルクホテル,Katakura Silk Hotel,suwa,長野県,luxury hotel,Tier 1,원천가케나가시 객실 노천탕 신호,Ikkyu rotsuki theme snippet,needs_official_crosscheck,nationwide_accommodation_seed_v0_1_2026-07-03.csv
arima-kinzan,有馬温泉 欽山,Kinzan,arima,兵庫県,luxury ryokan,Tier 1,"아리마 고급 료칸, 금천/은천 후보",Rakuten Top20 area seed,needs_official_crosscheck,nationwide_accommodation_seed_v0_1_2026-07-03.csv;nationwide_accommodation_batch_a_v0_2_2026-07-03.csv
arima-goshobessho,有馬山叢 御所別墅,Goshobessho,arima,兵庫県,luxury villa ryokan,Tier 1,아리마 고급 빌라형 온천 후보,Rakuten Top20 area seed,needs_source_crosscheck,nationwide_accommodation_seed_v0_1_2026-07-03.csv;nationwide_accommodation_batch_a_v0_2_2026-07-03.csv
arima-grand-hotel,有馬グランドホテル,Arima Grand Hotel,arima,兵庫県,large ryokan hotel,Tier 1,"대형 아리마 온천호텔, 대욕장/전망탕 후보",Rakuten Top20 area seed,needs_bath_detail_crosscheck,nationwide_accommodation_seed_v0_1_2026-07-03.csv;nationwide_accommodation_batch_a_v0_2_2026-07-03.csv
shirahama-kaishu,白浜温泉 浜千鳥の湯 海舟,Hamachidori no Yu Kaishu,shirahama,和歌山県,seaside ryokan,Tier 1,바다 전망 노천/객실탕 인기 신호,Rakuten rotsuki ranking historic/source follow-up,needs_official_crosscheck,nationwide_accommodation_seed_v0_1_2026-07-03.csv;nationwide_accommodation_batch_c_v0_4_2026-07-03.csv
shirahama-sanrakuso,白浜温泉 ホテル三楽荘,Hotel Sanrakuso,shirahama,和歌山県,seaside hotel ryokan,Tier 1,객실 노천탕 인기 신호,Rakuten rotsuki ranking historic/source follow-up,needs_official_crosscheck,nationwide_accommodation_seed_v0_1_2026-07-03.csv;nationwide_accommodation_batch_c_v0_4_2026-07-03.csv
dogo-yachiyo,道後温泉 八千代,Yachiyo,dogo,愛媛県,ryokan,Tier 1,객실 노천탕 인기 신호,Rakuten rotsuki ranking historic/source follow-up,needs_official_crosscheck,nationwide_accommodation_seed_v0_1_2026-07-03.csv;nationwide_accommodation_batch_c_v0_4_2026-07-03.csv
dogo-funaya,道後温泉 ふなや,Funaya,dogo,愛媛県,traditional ryokan,Tier 1,"도고 노포 료칸, 대욕장/역사형 수요",Jalan/Rakuten top area seed,needs_bath_detail_crosscheck,nationwide_accommodation_seed_v0_1_2026-07-03.csv;nationwide_accommodation_batch_c_v0_4_2026-07-03.csv
kaike-yugetsu,皆生游月,Kaike Yugetsu,kaike,鳥取県,seaside ryokan,Tier 1,객실 노천탕 인기 신호,Rakuten rotsuki ranking historic/source follow-up,needs_official_crosscheck,nationwide_accommodation_seed_v0_1_2026-07-03.csv
kurokawa-yamamizuki,黒川温泉 山みず木,Yamamizuki,kurokawa,熊本県,ryokan,Tier 1,노천탕/자연형 온천 신호 강함,regional high-value seed,needs_source_crosscheck,nationwide_accommodation_seed_v0_1_2026-07-03.csv
kurokawa-takefue,竹ふえ,Takefue,kurokawa,熊本県,luxury ryokan,Tier 1,고급 객실탕/대절탕 후보,regional high-value seed,needs_official_crosscheck,nationwide_accommodation_seed_v0_1_2026-07-03.csv
kirishima-lavista,ラビスタ霧島ヒルズ,La Vista Kirishima Hills,kirishima,鹿児島県,resort hotel,Tier 1,객실 노천탕 인기 신호,Rakuten rotsuki ranking historic/source follow-up,needs_official_crosscheck,nationwide_accommodation_seed_v0_1_2026-07-03.csv
ibusuki-hakusuikan,指宿白水館,Ibusuki Hakusuikan,ibusuki,鹿児島県,large ryokan hotel,Tier 1,"이부스키 대표 대형 숙소, 모래찜질/대욕장 후보",regional facility/accommodation seed,needs_official_crosscheck,nationwide_accommodation_seed_v0_1_2026-07-03.csv
unzen-kyushu-hotel,雲仙九州ホテル,Unzen Kyushu Hotel,unzen,長崎県,luxury hotel,Tier 1,운젠 유황천 고급 숙소 후보,regional high-value seed,needs_official_crosscheck,nationwide_accommodation_seed_v0_1_2026-07-03.csv
hakone-gora-karaku,箱根・強羅 佳ら久,Hakone Gora Karaku,hakone,神奈川県,luxury ryokan,Tier 1,"전실 온천 노천풍로 완비 신호, 리뷰풀 큼",Ikkyu Hakone room-open-air listing,needs_official_crosscheck,nationwide_accommodation_batch_a_v0_2_2026-07-03.csv
hakone-kanaya-resort,KANAYA RESORT HAKONE,KANAYA RESORT HAKONE,hakone,神奈川県,luxury resort ryokan,Tier 1,센고쿠하라 고급 객실 노천탕 후보,Ikkyu Hakone room-open-air list,needs_official_crosscheck,nationwide_accommodation_batch_a_v0_2_2026-07-03.csv
hakone-fontainebleau,オーベルジュ 箱根フォンテーヌ・ブロー仙石亭,Hakone Fontaine Bleau Sengokutei,hakone,神奈川県,auberge ryokan,Tier 1,"전 13실 노천풍로 객실 신호, 음식 평가 강함",Ikkyu Hakone room-open-air dining list,needs_official_crosscheck,nationwide_accommodation_batch_a_v0_2_2026-07-03.csv
hakone-yuyado-zen,箱根湯宿 然-ZEN-,Hakone Yuyado Zen,hakone,神奈川県,small ryokan,Tier 1,"전 10실 반노천 객실 신호, 후지산 조망 후보",Ikkyu Hakone room-open-air list,needs_official_crosscheck,nationwide_accommodation_batch_a_v0_2_2026-07-03.csv
hakone-byakudan,箱根強羅 白檀,Hakone Gora Byakudan,hakone,神奈川県,luxury ryokan,Tier 1,"강라 고급 료칸, 객실 노천탕 후보",Ikkyu Hakone room-open-air list,needs_official_crosscheck,nationwide_accommodation_batch_a_v0_2_2026-07-03.csv
hakone-kowakien-tenyu,箱根小涌園 天悠,Hakone Kowakien Ten-yu,hakone,神奈川県,large resort ryokan,Tier 1,"전 객실 온천 노천풍로 계열 신호, 대형 리뷰풀 후보",Hakone room-open-air lists,needs_official_crosscheck,nationwide_accommodation_batch_a_v0_2_2026-07-03.csv
hakone-yama-no-chaya,山の茶屋,Yama no Chaya,hakone,神奈川県,traditional ryokan,Tier 1,"탑노사와 고급 료칸, 객실 노천탕 후보",Hakone luxury/room-open-air exposure,needs_official_crosscheck,nationwide_accommodation_batch_a_v0_2_2026-07-03.csv
hakone-kai,星野リゾート 界 箱根,Hoshino Resorts KAI Hakone,hakone,神奈川県,brand ryokan,Tier 1,"하코네 브랜드 료칸, 대욕장·온천감 리뷰풀 후보",Jalan/Hakone lodging exposure,needs_bath_detail_crosscheck,nationwide_accommodation_batch_a_v0_2_2026-07-03.csv
hakone-airu,箱根藍瑠,Hakone Airu,hakone,神奈川県,ryokan,Tier 2,"객실 노천탕 후보, 젊은 커플 수요 가능",Hakone room-open-air exposure,needs_official_crosscheck,nationwide_accommodation_batch_a_v0_2_2026-07-03.csv
hakone-pax-yoshino,箱根パークス吉野,Hakone Pax Yoshino,hakone,神奈川県,hotel ryokan,Tier 2,"객실 노천탕·대욕장 후보, 가격형 비교군",Hakone accommodation exposure,needs_bath_detail_crosscheck,nationwide_accommodation_batch_a_v0_2_2026-07-03.csv
hakone-hotel-okada,箱根湯本温泉 ホテルおかだ,Hotel Okada,hakone,神奈川県,large hotel ryokan,Tier 2,"대형 온천호텔, 대욕장·노천·리뷰풀 후보",Jalan Hakone lodging exposure,needs_bath_detail_crosscheck,nationwide_accommodation_batch_a_v0_2_2026-07-03.csv
hakone-tenseien,箱根湯本温泉 天成園,Tenseien,hakone,神奈川県,large hotel ryokan,Tier 2,"객실 노천탕 목록 노출, 대형 온천시설형 숙소",MyBest/Jalan Hakone room-open-air exposure,needs_official_crosscheck,nationwide_accommodation_batch_a_v0_2_2026-07-03.csv
hakone-nanpuso,箱根湯本温泉 ホテル南風荘,Hotel Nanpuso,hakone,神奈川県,large hotel ryokan,Tier 2,"객실 노천탕·대욕장 후보, 가족형 리뷰풀",Jalan Hakone lodging exposure,needs_bath_detail_crosscheck,nationwide_accommodation_batch_a_v0_2_2026-07-03.csv
hakone-setsugetsuka,季の湯 雪月花,Tokinoyu Setsugetsuka,hakone,神奈川県,ryokan hotel,Tier 2,"강라역 접근, 객실탕/대욕장/대절탕 후보",Hakone accommodation exposure,needs_official_crosscheck,nationwide_accommodation_batch_a_v0_2_2026-07-03.csv
hakone-mikawaya,箱根小涌園 三河屋旅館,Mikawaya Ryokan,hakone,神奈川県,traditional ryokan,Tier 2,"노포 료칸, 대욕장·객실탕 후보",Hakone accommodation exposure,needs_bath_detail_crosscheck,nationwide_accommodation_batch_a_v0_2_2026-07-03.csv
hakone-oukyuan,源泉かけ流しの宿 櫻休庵,Oukyuan,hakone,神奈川県,small ryokan,Tier 2,전실 전용 전망 노천온천풍로 신호,Jalan Hakone room-open-air page,needs_official_crosscheck,nationwide_accommodation_batch_a_v0_2_2026-07-03.csv
hakone-oukyuan-rin,源泉かけ流しの宿 櫻休庵 別亭 凛,Oukyuan Bettei Rin,hakone,神奈川県,small ryokan,Tier 2,전 객실 전망 노천온천풍로 신호,Jalan Hakone room-open-air page,needs_official_crosscheck,nationwide_accommodation_batch_a_v0_2_2026-07-03.csv
kusatsu-konoha,お宿 木の葉,Oyado Konoha,kusatsu,群馬県,ryokan,Tier 1,대욕장·대절탕·탕 종류 다양성 후보,Kusatsu popular ryokan lists,needs_bath_detail_crosscheck,nationwide_accommodation_batch_a_v0_2_2026-07-03.csv
kusatsu-ichii,草津温泉 ホテル一井,Hotel Ichii,kusatsu,群馬県,large ryokan hotel,Tier 1,"湯畑 인접 대형 숙소, 대욕장 리뷰풀 후보",Kusatsu popular ryokan lists,needs_bath_detail_crosscheck,nationwide_accommodation_batch_a_v0_2_2026-07-03.csv
kusatsu-sakurai,草津温泉 ホテル櫻井,Hotel Sakurai,kusatsu,群馬県,large ryokan hotel,Tier 1,"객실 노천탕 목록 노출, 대형 리뷰풀 후보",MyBest/Rakuten Kusatsu room-open-air exposure,needs_official_crosscheck,nationwide_accommodation_batch_a_v0_2_2026-07-03.csv
kusatsu-now-resort,草津ナウリゾートホテル,Kusatsu Now Resort Hotel,kusatsu,群馬県,resort hotel,Tier 1,"객실 노천탕 후보, 리조트형 온천 비교군",Kusatsu room-open-air ranking exposure,needs_official_crosscheck,nationwide_accommodation_batch_a_v0_2_2026-07-03.csv
kusatsu-lavista-hills,ラビスタ草津ヒルズ,La Vista Kusatsu Hills,kusatsu,群馬県,resort ryokan,Tier 1,"전실 히노키 노천풍로, 대욕장·대절탕 신호",Rakuten Kusatsu room-open-air article,needs_official_crosscheck,nationwide_accommodation_batch_a_v0_2_2026-07-03.csv
kusatsu-boun,草津温泉 望雲,Boun,kusatsu,群馬県,traditional ryokan,Tier 1,"구사쓰 대표 료칸, 다원천/대욕장 후보",Kusatsu popular ryokan exposure,needs_bath_detail_crosscheck,nationwide_accommodation_batch_a_v0_2_2026-07-03.csv
kusatsu-kanemidori,草津温泉 金みどり,Kanemidori,kusatsu,群馬県,traditional ryokan,Tier 2,"湯畑 접근성, 대욕장·노천 후보",Kusatsu popular ryokan exposure,needs_bath_detail_crosscheck,nationwide_accommodation_batch_a_v0_2_2026-07-03.csv
kusatsu-eidaya,草津温泉 源泉一乃湯 / 永田屋,Eidaya / Gensen Ichinoyu,kusatsu,群馬県,ryokan,Tier 2,"소형/가격형 숙소, 원천·객실탕 여부 확인 후보",Kusatsu accommodation exposure,needs_identity_crosscheck,nationwide_accommodation_batch_a_v0_2_2026-07-03.csv
kusatsu-hotel-village,草津温泉 ホテルヴィレッジ,Kusatsu Onsen Hotel Village,kusatsu,群馬県,large resort hotel,Tier 2,"대형 리조트, 온천+가족형 수요 후보",Kusatsu popular lodging exposure,needs_bath_detail_crosscheck,nationwide_accommodation_batch_a_v0_2_2026-07-03.csv
kusatsu-tsutsujitei,草津温泉 つつじ亭,Tsutsujitei,kusatsu,群馬県,luxury ryokan,Tier 1,"고급 료칸, 객실탕/대욕장 후보",Kusatsu luxury lodging exposure,needs_official_crosscheck,nationwide_accommodation_batch_a_v0_2_2026-07-03.csv
kusatsu-osakaya,草津温泉 大阪屋,Osakaya,kusatsu,群馬県,traditional ryokan,Tier 2,"湯畑 인근 노포, 대욕장 후보",Kusatsu popular lodging exposure,needs_bath_detail_crosscheck,nationwide_accommodation_batch_a_v0_2_2026-07-03.csv
kusatsu-kirishimaya,草津温泉 桐島屋旅館,Kirishimaya Ryokan,kusatsu,群馬県,small ryokan,Tier 3,"소형 료칸, 로컬/가격형 비교군",Kusatsu accommodation exposure,needs_source_crosscheck,nationwide_accommodation_batch_a_v0_2_2026-07-03.csv
kusatsu-skyland,草津スカイランドホテル,Kusatsu Skyland Hotel,kusatsu,群馬県,hotel ryokan,Tier 3,"객실 노천탕 후보, 보강/가격형 비교군",Kusatsu accommodation exposure,needs_official_crosscheck,nationwide_accommodation_batch_a_v0_2_2026-07-03.csv
atami-karaku,熱海・伊豆山 佳ら久,Atami Izusan Karaku,atami,静岡県,luxury ryokan,Tier 1,"객실 노천탕 인기 고급숙, 리뷰풀 큼",Ikkyu Atami room-open-air list,needs_official_crosscheck,nationwide_accommodation_batch_a_v0_2_2026-07-03.csv
atami-kaihourou,ATAMI 海峯楼,ATAMI Kaihourou,atami,静岡県,luxury ryokan,Tier 1,"소형 초고급 숙소, 객실탕/온천 세부 확인 후보",Atami luxury exposure,needs_official_crosscheck,nationwide_accommodation_batch_a_v0_2_2026-07-03.csv
atami-new-tomiyoshi,味と湯の宿 ニューとみよし,New Tomiyoshi,atami,静岡県,seaside ryokan,Tier 1,객실 노천탕 많은 대중형 후보,MyBest Atami room-open-air ranking,needs_official_crosscheck,nationwide_accommodation_batch_a_v0_2_2026-07-03.csv
atami-kamenoi,亀の井ホテル 熱海,Kamenoi Hotel Atami,atami,静岡県,large hotel ryokan,Tier 1,"객실 노천탕 목록 노출, 대형 리뷰풀 후보",MyBest Atami room-open-air ranking,needs_bath_detail_crosscheck,nationwide_accommodation_batch_a_v0_2_2026-07-03.csv
atami-pearl-star,熱海パールスターホテル,Atami Pearl Star Hotel,atami,静岡県,luxury hotel,Tier 1,전실 오션뷰·객실탕/온천 후보,Atami luxury exposure,needs_official_crosscheck,nationwide_accommodation_batch_a_v0_2_2026-07-03.csv
atami-korakuen,熱海後楽園ホテル,Atami Korakuen Hotel,atami,静岡県,large resort hotel,Tier 1,"대형 리조트, Fuua 연계 온천시설 신호",Atami day-use/spa official exposure,needs_bath_detail_crosscheck,nationwide_accommodation_batch_a_v0_2_2026-07-03.csv
atami-new-akao,ホテルニューアカオ,Hotel New Akao,atami,静岡県,large seaside hotel,Tier 1,"대형 바다 전망 온천호텔, 리뷰풀/부정신호 분석 가치",Atami lodging exposure,needs_bath_detail_crosscheck,nationwide_accommodation_batch_a_v0_2_2026-07-03.csv
atami-watei-kazekomichi,WA亭 風こみち,Watei Kazekomichi,atami,静岡県,small luxury ryokan,Tier 1,"객실 노천탕 후보, 소형 고급숙",Atami room-open-air exposure,needs_official_crosscheck,nationwide_accommodation_batch_a_v0_2_2026-07-03.csv
atami-taiseikan,源泉湯宿 大成館,Taiseikan,atami,静岡県,traditional ryokan,Tier 2,원천·객실 노천탕 후보,Atami room-open-air exposure,needs_official_crosscheck,nationwide_accommodation_batch_a_v0_2_2026-07-03.csv
atami-soki,SOKI ATAMI,SOKI Atami,atami,静岡県,modern ryokan,Tier 1,"현대형 온천 숙소, 객실탕/대욕장 후보",Atami luxury/new lodging exposure,needs_official_crosscheck,nationwide_accommodation_batch_a_v0_2_2026-07-03.csv
atami-sekitei,あたみ石亭,Atami Sekitei,atami,静岡県,luxury ryokan,Tier 1,"노포 고급 료칸, 객실탕/대욕장 후보",Atami luxury exposure,needs_official_crosscheck,nationwide_accommodation_batch_a_v0_2_2026-07-03.csv
atami-club-geihinkan,熱海倶楽部 迎賓館,Atami Club Geihinkan,atami,静岡県,luxury hotel,Tier 2,"고급 객실온천 후보, 골프/리조트형",Atami luxury exposure,needs_official_crosscheck,nationwide_accommodation_batch_a_v0_2_2026-07-03.csv
atami-risonare,星野リゾート リゾナーレ熱海,Hoshino Resorts Risonare Atami,atami,静岡県,resort hotel,Tier 2,"가족형 리조트, 온천 대욕장 후보",Atami lodging exposure,needs_bath_detail_crosscheck,nationwide_accommodation_batch_a_v0_2_2026-07-03.csv
atami-micuras,ホテルミクラス,Hotel Micuras,atami,静岡県,seaside hotel,Tier 2,"바다 전망 대욕장 후보, 접근성/호텔형",Atami lodging exposure,needs_bath_detail_crosscheck,nationwide_accommodation_batch_a_v0_2_2026-07-03.csv
atami-yuyado-ichibanchi,熱海温泉 湯宿一番地,Yuyado Ichibanchi,atami,静岡県,ryokan hotel,Tier 2,"역 접근성, 노천/대욕장 후보",Atami lodging exposure,needs_bath_detail_crosscheck,nationwide_accommodation_batch_a_v0_2_2026-07-03.csv
atami-uminohana,隠れ湯の宿 月のあかり / うみのホテル中田屋候補,Uminohana / related Atami small inn,atami,静岡県,small ryokan,Tier 3,"소형 객실탕 후보, 명칭 재확인 필요",Atami room-open-air exposure,needs_identity_crosscheck,nationwide_accommodation_batch_a_v0_2_2026-07-03.csv
atami-sakuraya,熱海温泉 さくらや旅館,Sakuraya Ryokan,atami,静岡県,traditional ryokan,Tier 2,"역 인근 노포 료칸, 대욕장/노천 후보",Atami lodging exposure,needs_bath_detail_crosscheck,nationwide_accommodation_batch_a_v0_2_2026-07-03.csv
gero-yunoshimakan,下呂温泉 湯之島館,Yunoshimakan,gero,岐阜県,traditional ryokan,Tier 1,"역사형 노포, 객실 노천탕 후보",Ikkyu/Yahoo Gero room-open-air ranking,needs_official_crosscheck,nationwide_accommodation_batch_a_v0_2_2026-07-03.csv
gero-miyako,下呂温泉 こころをなでる静寂 みやこ,Miyako,gero,岐阜県,small ryokan,Tier 1,전 16실 중 노천풍로 객실/離れ 신호,Ikkyu Gero room-open-air list,needs_official_crosscheck,nationwide_accommodation_batch_a_v0_2_2026-07-03.csv
gero-suihoen,下呂温泉 懐石宿 水鳳園,Suihoen,gero,岐阜県,kaiseki ryokan,Tier 1,"고평점, 객실 노천탕 충실 신호","Rakuten Gero listing, Ikkyu Gero ranking",needs_official_crosscheck,nationwide_accommodation_batch_a_v0_2_2026-07-03.csv
gero-kawakamiya,下呂温泉 川上屋花水亭,Kawakamiya Kasuitei,gero,岐阜県,traditional ryokan,Tier 1,"소형 고급 료칸, 객실 노천탕 후보",Ikkyu Gero room-open-air ranking,needs_official_crosscheck,nationwide_accommodation_batch_a_v0_2_2026-07-03.csv
gero-shogetsu,下呂温泉 今宵 天空に遊ぶ しょうげつ,Shogetsu,gero,岐阜県,small luxury ryokan,Tier 1,"고지대 전망형 료칸, 객실 노천탕 후보",Ikkyu/Jalan Gero room-open-air lists,needs_official_crosscheck,nationwide_accommodation_batch_a_v0_2_2026-07-03.csv
gero-kanko-hotel,湯あそびの宿 下呂観光ホテル,Gero Kanko Hotel,gero,岐阜県,hotel ryokan,Tier 2,"전망·객실 노천탕 후보, 대중형 비교군",Jalan Gero room-open-air page,needs_bath_detail_crosscheck,nationwide_accommodation_batch_a_v0_2_2026-07-03.csv
gero-sasara,下呂温泉 アートな館 紗々羅,Sasara,gero,岐阜県,ryokan,Tier 2,"객실 노천탕 후보, 여성/커플 수요 가능",Jalan Gero room-open-air page,needs_official_crosscheck,nationwide_accommodation_batch_a_v0_2_2026-07-03.csv
gero-armeria,下呂温泉 ホテルくさかべアルメリア,Hotel Kusakabe Armeria,gero,岐阜県,large hotel ryokan,Tier 2,"Rakuten 리뷰풀 큼, 객실 노천탕/대욕장 후보",Rakuten Gero rotsuki page,needs_bath_detail_crosscheck,nationwide_accommodation_batch_a_v0_2_2026-07-03.csv
gero-yamagataya,下呂温泉 山形屋,Yamagataya,gero,岐阜県,traditional ryokan,Tier 2,객실 노천탕·대浴場·貸切風呂 신호,MyBest Gero room-open-air ranking,needs_official_crosscheck,nationwide_accommodation_batch_a_v0_2_2026-07-03.csv
gero-tsukinoakari,下呂温泉 離れの宿 月のあかり,Tsuki no Akari,gero,岐阜県,detached ryokan,Tier 1,"전실 노천풍로離れ, 내탕·노천·족탕 신호",Rakuten Gero room-open-air article,needs_official_crosscheck,nationwide_accommodation_batch_a_v0_2_2026-07-03.csv
gero-bosenkan,下呂温泉 望川館,Bosenkan,gero,岐阜県,large ryokan,Tier 2,"대욕장·노천·객실탕 후보, 대중형 리뷰풀",Gero lodging exposure,needs_bath_detail_crosscheck,nationwide_accommodation_batch_a_v0_2_2026-07-03.csv
gero-miyabitei,下呂ロイヤルホテル雅亭,Gero Royal Hotel Miyabitei,gero,岐阜県,hotel ryokan,Tier 2,"객실 노천탕 후보, 가격형 비교군",Gero room-open-air exposure,needs_official_crosscheck,nationwide_accommodation_batch_a_v0_2_2026-07-03.csv
gero-mutsumikan,下呂温泉 睦館,Mutsumikan,gero,岐阜県,traditional ryokan,Tier 3,"역 접근성·소형 료칸, 대浴場 후보",Gero lodging exposure,needs_bath_detail_crosscheck,nationwide_accommodation_batch_a_v0_2_2026-07-03.csv
arima-nakanobo,中の坊瑞苑,Nakanobo Zuien,arima,兵庫県,luxury ryokan,Tier 1,"아리마 최고급 숙소, 대욕장·객실탕 후보",MyBest/Ikkyu Arima exposure,needs_official_crosscheck,nationwide_accommodation_batch_a_v0_2_2026-07-03.csv
arima-hyoe-koyokaku,兵衛向陽閣,Hyoe Koyokaku,arima,兵庫県,large ryokan hotel,Tier 1,"아리마 대형 노포, 금천 대욕장 리뷰풀 후보",Arima popular ryokan exposure,needs_bath_detail_crosscheck,nationwide_accommodation_batch_a_v0_2_2026-07-03.csv
arima-gekkoen-korokan,月光園 鴻朧館,Gekkoen Korokan,arima,兵庫県,ryokan,Tier 1,"금천/노천/객실탕 후보, 리뷰풀 가치",Arima accommodation exposure,needs_official_crosscheck,nationwide_accommodation_batch_a_v0_2_2026-07-03.csv
arima-gekkoen-yugetsusanso,月光園 游月山荘,Gekkoen Yugetsusanso,arima,兵庫県,ryokan,Tier 2,"아리마 산장형, 대욕장·노천 후보",Arima accommodation exposure,needs_bath_detail_crosscheck,nationwide_accommodation_batch_a_v0_2_2026-07-03.csv
arima-goshoboh,陶泉 御所坊,Tocen Goshoboh,arima,兵庫県,traditional ryokan,Tier 1,"노포 료칸, 금천/대욕장 후보",Arima luxury/traditional exposure,needs_bath_detail_crosscheck,nationwide_accommodation_batch_a_v0_2_2026-07-03.csv
arima-maruyama,有馬温泉 竹取亭円山,Taketoritei Maruyama,arima,兵庫県,ryokan,Tier 1,"대절탕/객실탕 후보, 한국어 수요 가능성",Arima accommodation exposure,needs_official_crosscheck,nationwide_accommodation_batch_a_v0_2_2026-07-03.csv
arima-hanamusubi,有馬温泉 御幸荘 花結び,Miyukiso Hanamusubi,arima,兵庫県,ryokan,Tier 1,금천 객실 노천탕 5실 신호,Rakuten Arima room-open-air article,needs_official_crosscheck,nationwide_accommodation_batch_a_v0_2_2026-07-03.csv
arima-okuno-hosomichi,天地の宿 奥の細道,Okuno Hosomichi,arima,兵庫県,luxury ryokan,Tier 1,객실 노천탕·자가원천/금천 신호,Ikkyu Arima room-open-air ranking,needs_official_crosscheck,nationwide_accommodation_batch_a_v0_2_2026-07-03.csv
arima-hatago,有馬温泉 四季の彩 旅篭,Shiki no Irodori Hatago,arima,兵庫県,luxury ryokan,Tier 1,전실 금천 노천탕 신호,Ikkyu Arima room-open-air ranking,needs_official_crosscheck,nationwide_accommodation_batch_a_v0_2_2026-07-03.csv
arima-shisui,SPA TERRACE紫翠,SPA TERRACE Shisui,arima,兵庫県,modern ryokan,Tier 1,"객실 노천탕 후보, 현대형 스파 숙소",MyBest Arima room-open-air ranking,needs_official_crosscheck,nationwide_accommodation_batch_a_v0_2_2026-07-03.csv
arima-ryuusenkaku,元湯龍泉閣,Motoyu Ryuusenkaku,arima,兵庫県,ryokan,Tier 2,"가족형 온천 숙소, 대욕장/노천 후보",Arima lodging exposure,needs_bath_detail_crosscheck,nationwide_accommodation_batch_a_v0_2_2026-07-03.csv
arima-royal-hotel,有馬ロイヤルホテル,Arima Royal Hotel,arima,兵庫県,hotel ryokan,Tier 2,"가격형 온천호텔, 대욕장/노천 후보",Arima lodging exposure,needs_bath_detail_crosscheck,nationwide_accommodation_batch_a_v0_2_2026-07-03.csv
arima-kosenkaku,有馬温泉 元湯 古泉閣,Kosenkaku,arima,兵庫県,traditional ryokan,Tier 1,"자가원천/금천 후보, 로지·료칸 혼합형",Arima accommodation exposure,needs_official_crosscheck,nationwide_accommodation_batch_a_v0_2_2026-07-03.csv
arima-negiya,ねぎや陵楓閣,Negiya Ryofukaku,arima,兵庫県,traditional ryokan,Tier 2,"아리마 산쪽 료칸, 대욕장/노천 후보",Arima lodging exposure,needs_bath_detail_crosscheck,nationwide_accommodation_batch_a_v0_2_2026-07-03.csv
noboribetsu-daiichi-takimotokan,第一滝本館,Dai-ichi Takimotokan,noboribetsu,北海道,large ryokan hotel,Tier 1,"登別 대표 대형 온천호텔, 31湯めぐり/대욕장·객실 노천탕 후보","Jalan Noboribetsu room-open-air, Ikkyu couple list",needs_official_crosscheck,nationwide_accommodation_batch_b_v0_3_2026-07-03.csv
noboribetsu-mahoroba,ホテルまほろば,Hotel Mahoroba,noboribetsu,北海道,large ryokan hotel,Tier 1,대형 대욕장·다양한 욕조·객실 노천탕 후보,Jalan Noboribetsu room-open-air page,needs_bath_detail_crosscheck,nationwide_accommodation_batch_b_v0_3_2026-07-03.csv
noboribetsu-grand,祝いの宿 登別グランドホテル,Noboribetsu Grand Hotel,noboribetsu,北海道,large ryokan hotel,Tier 1,"硫黄泉·食塩泉·鉄泉 3泉질, 객실 노천탕·鬼サウナ 신호","Ikkyu Noboribetsu room-open-air, official day-use page",needs_official_crosscheck,nationwide_accommodation_batch_b_v0_3_2026-07-03.csv
noboribetsu-manseikaku,登別万世閣,Noboribetsu Manseikaku,noboribetsu,北海道,large hotel ryokan,Tier 1,"객실 노천탕 목록 노출, 올인클루시브/대욕장 후보",Jalan Noboribetsu room-open-air page,needs_official_crosscheck,nationwide_accommodation_batch_b_v0_3_2026-07-03.csv
noboribetsu-takinoya,登別温泉郷 滝乃家,Takinoya,noboribetsu,北海道,luxury ryokan,Tier 1,"고급 료칸, 객실 노천탕·대욕장 후보",Ikkyu Noboribetsu room-open-air list,needs_official_crosscheck,nationwide_accommodation_batch_b_v0_3_2026-07-03.csv
noboribetsu-hanayura,旅亭 花ゆら,Ryotei Hanayura,noboribetsu,北海道,ryokan,Tier 1,원천을 끌어온 히노키 객실 노천탕 신호,Ikkyu Noboribetsu room-open-air list,needs_official_crosscheck,nationwide_accommodation_batch_b_v0_3_2026-07-03.csv
noboribetsu-sekisuitei,登別 石水亭,Noboribetsu Sekisuitei,noboribetsu,北海道,large hotel ryokan,Tier 2,"대형 온천호텔, 당일치기/대욕장 후보",Noboribetsu day-use association page,needs_bath_detail_crosscheck,nationwide_accommodation_batch_b_v0_3_2026-07-03.csv
noboribetsu-yumoto,登別温泉 ホテルゆもと登別,Hotel Yumoto Noboribetsu,noboribetsu,北海道,hotel ryokan,Tier 2,"登別 온천호텔, 다원천 대욕장 후보",Noboribetsu lodging exposure,needs_source_crosscheck,nationwide_accommodation_batch_b_v0_3_2026-07-03.csv
noboribetsu-izumi-villa,滝本イン / 登別温泉周辺ホテル候補,Takimoto Inn / Noboribetsu support lodging,noboribetsu,北海道,hotel,Tier 3,대욕장 접근/제휴 가능성 확인 후보,Noboribetsu lodging exposure,needs_identity_crosscheck,nationwide_accommodation_batch_b_v0_3_2026-07-03.csv
jozankei-furukawa,ぬくもりの宿 ふる川,Nukumori no Yado Furukawa,jozankei,北海道,traditional ryokan,Tier 1,객실 노천탕 추천·대욕장/온천감 후보,"MyBest Jozankei room-open-air, Rakuten ranking",needs_official_crosscheck,nationwide_accommodation_batch_b_v0_3_2026-07-03.csv
jozankei-morino-uta,定山渓鶴雅リゾートスパ 森の謌,Jozankei Tsuruga Resort Spa Mori no Uta,jozankei,北海道,resort spa ryokan,Tier 1,"스파 리조트형, 온천·식음·당일치기 신호","MyBest Jozankei room-open-air, official site",needs_official_crosscheck,nationwide_accommodation_batch_b_v0_3_2026-07-03.csv
jozankei-chalet-ivy,シャレーアイビー定山渓,Chalet Ivy Jozankei,jozankei,北海道,luxury ryokan,Tier 1,"Ikkyu 고평점 고급숙, 객실탕 후보",Ikkyu Jozankei ranking,needs_official_crosscheck,nationwide_accommodation_batch_b_v0_3_2026-07-03.csv
jozankei-suigetsu,翠巌,Suigan,jozankei,北海道,luxury ryokan,Tier 1,"고급 소형 숙소, 객실탕/온천 세부 확인 후보",Ikkyu Jozankei ranking,needs_official_crosscheck,nationwide_accommodation_batch_b_v0_3_2026-07-03.csv
jozankei-grand-blissen,グランドブリッセンホテル定山渓,Grand Blissen Hotel Jozankei,jozankei,北海道,hotel ryokan,Tier 1,"Rakuten 가족 온천 랭킹 고평점, 대욕장/객실탕 후보",Rakuten Jozankei family bath ranking,needs_bath_detail_crosscheck,nationwide_accommodation_batch_b_v0_3_2026-07-03.csv
jozankei-view,定山渓ビューホテル,Jozankei View Hotel,jozankei,北海道,large resort hotel,Tier 2,"대형 온천호텔, 가족형 리뷰풀/대욕장 후보",Rakuten Jozankei listing,needs_bath_detail_crosscheck,nationwide_accommodation_batch_b_v0_3_2026-07-03.csv
jozankei-shogetsu,章月グランドホテル,Shogetsu Grand Hotel,jozankei,北海道,traditional hotel ryokan,Tier 2,"日帰り湯施設 목록 노출, 대욕장/숙박 후보",Jozankei Tourism day-use page,needs_bath_detail_crosscheck,nationwide_accommodation_batch_b_v0_3_2026-07-03.csv
jozankei-hanakaede,定山渓ホテル / 花もみじ候補,Hotel Shikanoyu Hanamomiji area,jozankei,北海道,hotel ryokan,Tier 2,"定山渓 대표 호텔군, 대욕장/객실탕 세부 확인 후보",Jozankei lodging exposure,needs_identity_crosscheck,nationwide_accommodation_batch_b_v0_3_2026-07-03.csv
jozankei-exclamation,エクスクラメーションホテル,Exclamation Hotel,jozankei,北海道,new small hotel,Tier 3,"2025년 신규, 작은風呂屋/사우나 연계 신호",Ikkyu Jozankei ranking snippet,new_property_monitor,nationwide_accommodation_batch_b_v0_3_2026-07-03.csv
yunokawa-heiseikan-hanatsuki,平成館 しおさい亭 別館 花月,Heiseikan Shiosaitei Bettei Hanatsuki,yunokawa-hakodate,北海道,luxury ryokan hotel,Tier 1,전실 쓰가루해협 조망 객실 노천탕 신호,Jalan Yunokawa room-open-air page,needs_official_crosscheck,nationwide_accommodation_batch_b_v0_3_2026-07-03.csv
yunokawa-heiseikan-shiosaitei,平成館 しおさい亭,Heiseikan Shiosaitei,yunokawa-hakodate,北海道,seaside ryokan hotel,Tier 1,"절경 바다 전망 온천숙소, 객실 노천탕 플랜 후보",Jalan Yunokawa room-open-air page,needs_bath_detail_crosscheck,nationwide_accommodation_batch_b_v0_3_2026-07-03.csv
yunokawa-hanabishi,函館・湯の川温泉 花びしホテル,Hanabishi Hotel,yunokawa-hakodate,北海道,large ryokan hotel,Tier 1,"리뉴얼 노천풍로 스위트 신호, 대욕장 후보",Jalan Yunokawa room-open-air page,needs_official_crosscheck,nationwide_accommodation_batch_b_v0_3_2026-07-03.csv
yunokawa-chikuba,Tabist 竹葉新葉亭,Chikuba Shinyotei,yunokawa-hakodate,北海道,traditional ryokan,Tier 1,"순수 일본식 료칸, 온천/식사 고평가 후보",Jalan Yunokawa room-open-air page,needs_bath_detail_crosscheck,nationwide_accommodation_batch_b_v0_3_2026-07-03.csv
yunokawa-kanko-shoen,湯の川観光ホテル祥苑,Yunokawa Kanko Hotel Shoen,yunokawa-hakodate,北海道,large hotel ryokan,Tier 2,"가격형/대형 온천호텔, 리뷰풀·부정신호 분석 후보",Jalan Yunokawa room-open-air page,needs_bath_detail_crosscheck,nationwide_accommodation_batch_b_v0_3_2026-07-03.csv
yunokawa-bourou-noguchi,HAKODATE 海峡の風 / 望楼NOGUCHI函館候補,Bourou Noguchi Hakodate / Kaikyo no Kaze,yunokawa-hakodate,北海道,luxury hotel ryokan,Tier 1,"유노카와 고급 숙소군, 객실탕/대욕장 후보",Yunokawa luxury lodging exposure,needs_identity_crosscheck,nationwide_accommodation_batch_b_v0_3_2026-07-03.csv
yunokawa-ichinomatsu,湯の川温泉 竹葉新葉亭 / 一乃松候補,Ichinomatsu / traditional Yunokawa ryokan,yunokawa-hakodate,北海道,traditional ryokan,Tier 2,"전통 료칸, 객실탕/대욕장 세부 확인 후보",Yunokawa lodging exposure,needs_identity_crosscheck,nationwide_accommodation_batch_b_v0_3_2026-07-03.csv
yunokawa-century-marina,センチュリーマリーナ函館,Century Marina Hakodate,yunokawa-hakodate,北海道,city onsen hotel,Tier 2,"하코다테 시내형 온천호텔, 대욕장/항구 전망 후보",HIS Yunokawa onsen plan exposure,needs_bath_detail_crosscheck,nationwide_accommodation_batch_b_v0_3_2026-07-03.csv
yunokawa-uminosora,イマジンホテル＆リゾート函館,Imagine Hotel & Resort Hakodate,yunokawa-hakodate,北海道,seaside hotel,Tier 2,바다 전망 대욕장/온천호텔 후보,Yunokawa lodging exposure,needs_bath_detail_crosscheck,nationwide_accommodation_batch_b_v0_3_2026-07-03.csv
nasu-sanraku,那須温泉 山楽,Nasu Onsen Sanraku,nasu,栃木県,luxury ryokan,Tier 1,"나스 노포 고급 료칸, 대욕장/객실탕 후보",Ikkyu Nasu room-open-air ranking,needs_official_crosscheck,nationwide_accommodation_batch_b_v0_3_2026-07-03.csv
nasu-key-highland,THE KEY HIGHLAND NASU,THE KEY HIGHLAND NASU,nasu,栃木県,resort hotel,Tier 1,"객실 노천탕 인기, 올인클루시브/리조트형 후보",Ikkyu/MyBest Nasu room-open-air lists,needs_official_crosscheck,nationwide_accommodation_batch_b_v0_3_2026-07-03.csv
nasu-sunvalley,ホテルサンバレー那須,Hotel Sunvalley Nasu,nasu,栃木県,large resort hotel,Tier 1,"대형 리조트, 다욕장/가족형 리뷰풀 후보",Ikkyu/MyBest Nasu exposure,needs_bath_detail_crosscheck,nationwide_accommodation_batch_b_v0_3_2026-07-03.csv
nasu-hoshino-akari,ぬくもりに心なごむ湯宿 星のあかり,Hoshi no Akari,nasu,栃木県,ryokan,Tier 1,"전실 온천 노천풍로, にごり湯 가케나가시 대욕장 신호",Rakuten Nasu ranking snippet,needs_official_crosscheck,nationwide_accommodation_batch_b_v0_3_2026-07-03.csv
nasu-towa-pure-cottage,TOWAピュアコテージ,TOWA Pure Cottages,nasu,栃木県,resort cottage,Tier 2,"객실 노천탕 후보, 가족형 코티지 리조트",MyBest Nasu room-open-air ranking,needs_bath_detail_crosscheck,nationwide_accommodation_batch_b_v0_3_2026-07-03.csv
nasu-jizaiso,こころのおやど 自在荘,Jizaiso,nasu,栃木県,ryokan,Tier 2,"日帰り湯 노출, 대욕장/鹿の湯계열 신호 후보",Nasu tourism day-use page,needs_bath_detail_crosscheck,nationwide_accommodation_batch_b_v0_3_2026-07-03.csv
nasu-nakafujiya,那須・鹿の湯源泉 中藤屋旅館,Nakafujiya Ryokan,nasu,栃木県,traditional ryokan,Tier 2,"鹿の湯源泉, 백탁 유황천 원천가케나가시 신호",Official Nakafujiya site,needs_review_pool_crosscheck,nationwide_accommodation_batch_b_v0_3_2026-07-03.csv
nasu-shimizuya,旅館 清水屋,Shimizuya Ryokan,nasu,栃木県,traditional ryokan,Tier 2,"鹿の湯 원천 사용 신호, 로컬 온천감 후보",Nasu tourism day-use page,needs_bath_detail_crosscheck,nationwide_accommodation_batch_b_v0_3_2026-07-03.csv
nasu-omaru,那須温泉 大丸温泉旅館,Omaru Onsen Ryokan,nasu,栃木県,mountain ryokan,Tier 1,"강을 막은 야천풍로 계열, 비경 온천 후보",Nasu high-value lodging exposure,needs_source_crosscheck,nationwide_accommodation_batch_b_v0_3_2026-07-03.csv
nasu-epon,那須温泉 美肌名湯と憩いの宿 茜庵 / Epinard 후보,Nasu small ryokan/hotel seed,nasu,栃木県,ryokan,Tier 3,"나스 온천 숙소 보강 후보, 명칭 재확인 필요",Nasu room-open-air exposure,needs_identity_crosscheck,nationwide_accommodation_batch_b_v0_3_2026-07-03.csv
kinugawa-asaya,鬼怒川温泉 あさや,Asaya,kinugawa,栃木県,large ryokan hotel,Tier 1,공중정원 노천탕·객실 노천탕·대형 리뷰풀 신호,Jalan/Ikkyu Kinugawa room-open-air lists,needs_official_crosscheck,nationwide_accommodation_batch_b_v0_3_2026-07-03.csv
kinugawa-mikazuki,日光きぬ川ホテル三日月,Nikko Kinugawa Hotel Mikazuki,kinugawa,栃木県,large resort hotel,Tier 1,"객실 노천탕 목록 노출, 대형 리조트형 온천",Jalan Kinugawa room-open-air page,needs_bath_detail_crosscheck,nationwide_accommodation_batch_b_v0_3_2026-07-03.csv
kinugawa-fudotaki,きぬ川不動瀧,Kinugawa Fudotaki,kinugawa,栃木県,ryokan,Tier 1,계곡 조망 객실 노천탕/요리 숙소 후보,Jalan Kinugawa room-open-air page,needs_official_crosscheck,nationwide_accommodation_batch_b_v0_3_2026-07-03.csv
kinugawa-kai,星野リゾート 界 鬼怒川,Hoshino Resorts KAI Kinugawa,kinugawa,栃木県,brand ryokan,Tier 1,"브랜드 료칸, 객실 노천탕/대욕장 후보",Jalan Kinugawa room-open-air page,needs_bath_detail_crosscheck,nationwide_accommodation_batch_b_v0_3_2026-07-03.csv
kinugawa-yumenotoki,鬼怒川グランドホテル 夢の季,Kinugawa Grand Hotel Yumenotoki,kinugawa,栃木県,large ryokan hotel,Tier 1,"9つの湯めぐり, 대욕장/객실탕 후보",Jalan Kinugawa room-open-air page,needs_bath_detail_crosscheck,nationwide_accommodation_batch_b_v0_3_2026-07-03.csv
kinugawa-marukyo,鬼怒川温泉 ゆらら 丸京,Yurara Marukyo,kinugawa,栃木県,small ryokan,Tier 2,"미식·온천 소형 숙소, 객실탕 후보",Jalan Kinugawa room-open-air page,needs_official_crosscheck,nationwide_accommodation_batch_b_v0_3_2026-07-03.csv
kinugawa-sunshine,ホテルサンシャイン鬼怒川,Hotel Sunshine Kinugawa,kinugawa,栃木県,large hotel ryokan,Tier 2,"대형 온천호텔, 접근성/리뷰풀 후보",Jalan Kinugawa room-open-air page,needs_bath_detail_crosscheck,nationwide_accommodation_batch_b_v0_3_2026-07-03.csv
kinugawa-wakatake-sasane,鬼怒川温泉 旅館 若竹の庄 別邸笹音,Wakatake no Sho Bettei Sasane,kinugawa,栃木県,ryokan,Tier 1,"전실 계곡 조망, 객실 노천탕 후보",Jalan/Ikkyu Kinugawa room-open-air lists,needs_official_crosscheck,nationwide_accommodation_batch_b_v0_3_2026-07-03.csv
kinugawa-wakatake,鬼怒川温泉 旅館 若竹の庄,Wakatake no Sho,kinugawa,栃木県,traditional ryokan,Tier 2,"계곡 조망 료칸, 대욕장/객실탕 후보",Kinugawa lodging exposure,needs_bath_detail_crosscheck,nationwide_accommodation_batch_b_v0_3_2026-07-03.csv
kinugawa-matsuya,鬼怒川温泉 花の宿 松や,Hana no Yado Matsuya,kinugawa,栃木県,ryokan,Tier 2,"객실 온천 노천탕 타입 신호, 평점 갈림 가능성",Ikkyu Kinugawa room-open-air list,needs_review_pool_crosscheck,nationwide_accommodation_batch_b_v0_3_2026-07-03.csv
kinugawa-nanaeyae,鬼怒川温泉 静寂とまごころの宿 七重八重,Nanaeyae,kinugawa,栃木県,ryokan,Tier 2,"객실 노천탕 후보, 정숙형 료칸",Oyutabi/Kinugawa exposure,needs_source_crosscheck,nationwide_accommodation_batch_b_v0_3_2026-07-03.csv
ito-kazenokaori-umi,伊東温泉 ラグジュアリー 和 ホテル 風の薫UMI,Kaze no Kaori UMI,ito-izu,静岡県,luxury hotel ryokan,Tier 1,"Rakuten 1470건급 리뷰풀, 객실 노천탕 후보",Rakuten Ito room-open-air page,needs_official_crosscheck,nationwide_accommodation_batch_b_v0_3_2026-07-03.csv
ito-gensen-tsuki,伊東温泉 源泉と離れのお宿 月,Gensen to Hanare no Oyado Tsuki,ito-izu,静岡県,detached ryokan,Tier 1,"전 9동 오션뷰 노천풍로離れ, Rakuten 1300건급 리뷰풀",Rakuten Ito lodging and room-open-air pages,needs_official_crosscheck,nationwide_accommodation_batch_b_v0_3_2026-07-03.csv
ito-juraku,伊東ホテルジュラク,Ito Hotel Juraku,ito-izu,静岡県,large hotel ryokan,Tier 1,"伊東 온천 대형호텔, 객실 노천탕 목록 노출",Rakuten Ito room-open-air page,needs_bath_detail_crosscheck,nationwide_accommodation_batch_b_v0_3_2026-07-03.csv
ito-morinoizumi,伊豆高原温泉ホテル 森の泉,Hotel Mori no Izumi,ito-izu,静岡県,resort hotel,Tier 2,"객실 노천탕 목록 노출, 이즈고원 리조트형",Rakuten Ito room-open-air page,needs_official_crosscheck,nationwide_accommodation_batch_b_v0_3_2026-07-03.csv
ito-yumenoya,全室半露天付 離れ御宿 夢のや,Yume no Ya,ito-izu,静岡県,detached ryokan,Tier 1,"전실 반노천풍로離れ, 고평점 소형 숙소",Ikkyu Izu Kogen room-open-air page,needs_official_crosscheck,nationwide_accommodation_batch_b_v0_3_2026-07-03.csv
ito-akazawa-geihinkan,赤沢迎賓館,Akazawa Geihinkan,ito-izu,静岡県,luxury ryokan,Tier 1,"이즈고원 고급 숙소, 객실탕/대욕장 후보",Ikkyu Izu Kogen room-open-air page,needs_official_crosscheck,nationwide_accommodation_batch_b_v0_3_2026-07-03.csv
ito-uchiyama,お宿うち山 伊豆高原 全室露天風呂付き隠れ宿,Oyado Uchiyama,ito-izu,静岡県,luxury ryokan,Tier 1,"전실 노천풍로離れ, Rakuten 고평점/리뷰풀 신호",Rakuten Izu Kogen ranking,needs_official_crosscheck,nationwide_accommodation_batch_b_v0_3_2026-07-03.csv
ito-kamenoi-izukogen,亀の井ホテル 伊豆高原,Kamenoi Hotel Izu Kogen,ito-izu,静岡県,resort hotel,Tier 1,"전실 오션뷰, 객실 노천탕 플랜·대욕장 후보",Jalan Izu Kogen room-open-air page,needs_bath_detail_crosscheck,nationwide_accommodation_batch_b_v0_3_2026-07-03.csv
ito-anda-resort,ホテル＆スパ アンダリゾート伊豆高原,Anda Resort Izu Kogen,ito-izu,静岡県,wellness resort hotel,Tier 1,"Jalan 4475건급 리뷰풀, 해변 조망 노천·반노천 객실 후보",Jalan Anda Resort page,needs_bath_detail_crosscheck,nationwide_accommodation_batch_b_v0_3_2026-07-03.csv
ito-fugetsumuhen,御宿 風月無辺,Fugaku Muhen / Fugetsu Muhen,ito-izu,静岡県,luxury ryokan,Tier 1,"전실 자가원천 노천풍로, 바다 조망 후보",Rakuten Izu luxury room-open-air article,needs_official_crosscheck,nationwide_accommodation_batch_b_v0_3_2026-07-03.csv
ito-kissho-carens,吉祥CAREN,Kissho Caren,ito-izu,静岡県,luxury ryokan,Tier 1,"이즈 북천/열천계 고급숙, 노천/객실탕 후보",Izu luxury exposure,needs_source_crosscheck,nationwide_accommodation_batch_b_v0_3_2026-07-03.csv
ito-zagyo-so,ABBA RESORTS IZU - 坐漁荘,ABBA Resorts Izu Zagyosoh,ito-izu,静岡県,luxury ryokan,Tier 1,"이즈 고급 료칸, 객실 노천탕 후보",Relux Izu room-open-air exposure,needs_official_crosscheck,nationwide_accommodation_batch_b_v0_3_2026-07-03.csv
ito-il-azzurri,il azzurri,Il Azzurri,ito-izu,静岡県,seaside hotel,Tier 1,"이즈 객실 노천탕 랭킹 노출, 바다 전망 후보",Ikkyu Izu room-open-air ranking,needs_official_crosscheck,nationwide_accommodation_batch_b_v0_3_2026-07-03.csv
ito-atagawa-suiko,伊豆リトリート 熱川粋光 by 温故知新,Izu Retreat Atagawa Suiko,ito-izu,静岡県,luxury ryokan,Tier 1,"자가원천·정원형 고급숙, 객실 노천탕 후보",Ikkyu Izu room-open-air ranking,needs_official_crosscheck,nationwide_accommodation_batch_b_v0_3_2026-07-03.csv
ito-nipponia-yumemizuki,伊豆高原温泉 海望む露天風呂付き客室 ニッポニア高原宿夢海月,Nipponia Kogenyado Yumemizuki,ito-izu,静岡県,small ryokan,Tier 2,바다 조망 노천풍로 객실 후보,Jalan Izu Kogen exposure,needs_official_crosscheck,nationwide_accommodation_batch_b_v0_3_2026-07-03.csv
dogo-miyu,道後御湯,Dogo Miyu,dogo,愛媛県,luxury ryokan,Tier 1,"도고 고급 숙소, 온천 노천풍로 객실 후보",Ikkyu Dogo room-open-air list,needs_official_crosscheck,nationwide_accommodation_batch_c_v0_4_2026-07-03.csv
dogo-kotononiwa,道後温泉 琴の庭,Koto no Niwa,dogo,愛媛県,luxury ryokan,Tier 1,전 객실 원천가케나가시 노천풍로 신호,Ikkyu Dogo room-open-air list,needs_official_crosscheck,nationwide_accommodation_batch_c_v0_4_2026-07-03.csv
dogo-dogokan,道後舘,Dogo Kan,dogo,愛媛県,large ryokan,Tier 1,"도고 대표 료칸, 객실 노천탕/대욕장 후보",Ikkyu Dogo room-open-air list,needs_bath_detail_crosscheck,nationwide_accommodation_batch_c_v0_4_2026-07-03.csv
dogo-oborozukiyo,別邸 朧月夜,Bettei Oborozukiyo,dogo,愛媛県,luxury ryokan,Tier 1,"고급 소형 숙소, 객실 노천탕 후보",Ikkyu Dogo room-open-air list,needs_official_crosscheck,nationwide_accommodation_batch_c_v0_4_2026-07-03.csv
dogo-kowakuen-haruka,ホテル古湧園 遥,Hotel Kowakuen Haruka,dogo,愛媛県,hotel ryokan,Tier 1,"도고 대형 현대형 숙소, 대욕장/객실탕 후보",Ikkyu station ranking,needs_bath_detail_crosscheck,nationwide_accommodation_batch_c_v0_4_2026-07-03.csv
dogo-hakuro,道後hakuro,Dogo Hakuro,dogo,愛媛県,modern hotel ryokan,Tier 2,"현대형 도고 숙소, 대욕장/온천 후보",Ikkyu station ranking,needs_bath_detail_crosscheck,nationwide_accommodation_batch_c_v0_4_2026-07-03.csv
dogo-chaharu,道後温泉 茶玻瑠,Chaharu,dogo,愛媛県,hotel ryokan,Tier 2,도고 접근성·대욕장/노천 후보,Dogo lodging exposure,needs_bath_detail_crosscheck,nationwide_accommodation_batch_c_v0_4_2026-07-03.csv
dogo-okudogo-ichiyunomori,奥道後 壱湯の守,Okudogo Ichiyu no Mori,dogo,愛媛県,large ryokan hotel,Tier 2,오쿠도고 대형 노천/대욕장 후보,Dogo/Okudogo lodging exposure,needs_bath_detail_crosscheck,nationwide_accommodation_batch_c_v0_4_2026-07-03.csv
shirahama-xyz-speciale,海絶景とギネス認定の宿 全室露天風呂付離れ XYZスペチアーレ,XYZ Speciale,shirahama,和歌山県,detached ryokan,Tier 1,"전실 노천풍로離れ, 해절경·미라바스 신호",Ikkyu Shirahama room-open-air ranking,needs_official_crosscheck,nationwide_accommodation_batch_c_v0_4_2026-07-03.csv
shirahama-kawakyu,ホテル川久,Hotel Kawakyu,shirahama,和歌山県,luxury resort hotel,Tier 1,"객실 노천탕 인기, 대형 리조트형 후보",MyBest/Jalan Shirahama room-open-air,needs_bath_detail_crosscheck,nationwide_accommodation_batch_c_v0_4_2026-07-03.csv
shirahama-kachofugetsu,南紀白浜 和みの湯 花鳥風月,Kachofugetsu,shirahama,和歌山県,ryokan,Tier 1,객실 노천탕/온천 숙소 후보,Jalan Shirahama room-open-air page,needs_official_crosscheck,nationwide_accommodation_batch_c_v0_4_2026-07-03.csv
shirahama-yanagiya,白浜温泉 家族とすごす白浜の宿 柳屋,Yanagiya,shirahama,和歌山県,traditional ryokan,Tier 1,"가족형 료칸, 객실 노천탕 후보",Jalan Shirahama room-open-air page,needs_bath_detail_crosscheck,nationwide_accommodation_batch_c_v0_4_2026-07-03.csv
shirahama-tengoku,ホテル天山閣 海ゆぅ庭 / ホテル天山閣候補,Hotel Tenzankaku seed,shirahama,和歌山県,hotel ryokan,Tier 2,"객실 노천탕 후보, 명칭/계열 확인 필요",Jalan Shirahama room-open-air page,needs_identity_crosscheck,nationwide_accommodation_batch_c_v0_4_2026-07-03.csv
shirahama-key-terrace,SHIRAHAMA KEY TERRACE HOTEL SEAMORE,Hotel Seamore,shirahama,和歌山県,large resort hotel,Tier 1,"바다 전망 대형 리조트, 온천·족탕·당일이용 후보",Nanki Shirahama tourism onsen page,needs_bath_detail_crosscheck,nationwide_accommodation_batch_c_v0_4_2026-07-03.csv
shirahama-koganoi,白浜古賀の井リゾート＆スパ,Koganoi Resort & Spa,shirahama,和歌山県,resort hotel,Tier 2,"대형 리조트, 온천·스파·당일입욕 노출",Nanki Shirahama tourism onsen page,needs_bath_detail_crosscheck,nationwide_accommodation_batch_c_v0_4_2026-07-03.csv
shirahama-ohedo-premium,大江戸温泉物語 Premium 白浜御苑,Ooedo Onsen Premium Shirahama Gyoen,shirahama,和歌山県,large hotel ryokan,Tier 2,"대형 온천호텔, 가격형/리뷰풀 후보",MyBest Shirahama room-open-air,needs_bath_detail_crosscheck,nationwide_accommodation_batch_c_v0_4_2026-07-03.csv
yugawara-miwa,三輪 湯河原,Miwa Yugawara,yugawara,神奈川県,luxury ryokan,Tier 1,"고평점 현대형 숙소, 객실 노천탕 후보",Ikkyu Yugawara room-open-air list,needs_official_crosscheck,nationwide_accommodation_batch_c_v0_4_2026-07-03.csv
yugawara-tsubaki,海石榴 つばき,Tsubaki,yugawara,神奈川県,luxury ryokan,Tier 1,"오쿠유가와라 고급 료칸, 객실 노천탕 후보",Rakuten Yugawara room-open-air page,needs_official_crosscheck,nationwide_accommodation_batch_c_v0_4_2026-07-03.csv
yugawara-sansuirou,山翠楼SANSUIROU,Sansuirou,yugawara,神奈川県,luxury ryokan,Tier 1,"전망 노천/고급 료칸, 리뷰풀 후보",Rakuten Yugawara listings,needs_bath_detail_crosscheck,nationwide_accommodation_batch_c_v0_4_2026-07-03.csv
yugawara-zuisyo,御宿瑞鷹,Zuisyo,yugawara,神奈川県,ryokan,Tier 2,"객실 노천탕 목록 노출, 리뷰풀 후보",Rakuten Yugawara room-open-air page,needs_bath_detail_crosscheck,nationwide_accommodation_batch_c_v0_4_2026-07-03.csv
yugawara-fuga,ゆがわら風雅,Yugawara Fuga,yugawara,神奈川県,ryokan,Tier 2,"리뷰풀 큰 유가와라 숙소, 대욕장/객실탕 후보",Rakuten Yugawara room-open-air page,needs_bath_detail_crosscheck,nationwide_accommodation_batch_c_v0_4_2026-07-03.csv
yugawara-manyoso,湯河原温泉 万葉の里 白雲荘 / 万葉荘候補,Yugawara Manyo area seed,yugawara,神奈川県,ryokan,Tier 2,"유가와라 온천숙소 보강 후보, 명칭 확인 필요",Yugawara lodging exposure,needs_identity_crosscheck,nationwide_accommodation_batch_c_v0_4_2026-07-03.csv
yugawara-yugawara-retreat-goenno-mori,湯河原リトリート ご縁の杜,Goen no Mori,yugawara,神奈川県,small hotel ryokan,Tier 3,리트리트형 온천숙소 후보,Yugawara lodging exposure,needs_bath_detail_crosscheck,nationwide_accommodation_batch_c_v0_4_2026-07-03.csv
yugawara-okuyugawara-yui,奥湯河原 結唯,Yui Okuyugawara,yugawara,神奈川県,luxury ryokan,Tier 1,"오쿠유가와라 고급숙, 객실탕/원천 세부 확인 후보",Yugawara luxury exposure,needs_official_crosscheck,nationwide_accommodation_batch_c_v0_4_2026-07-03.csv
yugawara-greenpal,湯河原温泉 グリーンパル湯河原,Green Pal Yugawara,yugawara,神奈川県,hotel ryokan,Tier 3,"가격형 온천호텔, 대욕장/리뷰풀 후보",Yugawara lodging exposure,needs_bath_detail_crosscheck,nationwide_accommodation_batch_c_v0_4_2026-07-03.csv
kawaguchiko-fuji-lake,FUJI LAKE HOTEL / 富士レークホテル,Fuji Lake Hotel,kawaguchiko,山梨県,lake hotel,Tier 1,"Rakuten 리뷰풀 큼, 객실 노천탕/후지산·호수 조망 후보",Rakuten Kawaguchiko room-open-air page,needs_bath_detail_crosscheck,nationwide_accommodation_batch_c_v0_4_2026-07-03.csv
kawaguchiko-sunnide,Sunnide Resort ＜ホテル＆湖畔別邸 千一景＞,Sunnide Resort,kawaguchiko,山梨県,lake resort hotel,Tier 1,"호반 별저, 객실 노천탕 후보",Rakuten Kawaguchiko room-open-air page,needs_official_crosscheck,nationwide_accommodation_batch_c_v0_4_2026-07-03.csv
kawaguchiko-ooya,富士河口湖温泉 花水庭 おおや,Kasuitei Ooya,kawaguchiko,山梨県,ryokan hotel,Tier 1,"후지카와구치코 온천, 객실 노천탕 후보",Rakuten Kawaguchiko room-open-air page,needs_bath_detail_crosscheck,nationwide_accommodation_batch_c_v0_4_2026-07-03.csv
kawaguchiko-konanso,富士河口湖温泉 湖南荘,Konanso,kawaguchiko,山梨県,ryokan hotel,Tier 1,"후지산/호수 조망, 객실 노천탕 후보",Rakuten keyword result,needs_official_crosscheck,nationwide_accommodation_batch_c_v0_4_2026-07-03.csv
kawaguchiko-yumedono,河口湖温泉寺 露天風呂の宿 夢殿,Yumedono,kawaguchiko,山梨県,luxury ryokan,Tier 1,"노천풍로 숙소, 고급 료칸 후보",Rakuten keyword result,needs_official_crosscheck,nationwide_accommodation_batch_c_v0_4_2026-07-03.csv
kawaguchiko-kaneyamaen,庭園と感動の宿 富士山温泉 ホテル鐘山苑,Hotel Kaneyamaen,kawaguchiko,山梨県,large ryokan hotel,Tier 1,후지산 온천·정원·객실 노천탕 후보,Ikkyu Yamanashi room-open-air ranking,needs_official_crosscheck,nationwide_accommodation_batch_c_v0_4_2026-07-03.csv
kawaguchiko-ufuji-no-yado-oike,富士河口湖温泉 若草の宿 丸栄 / 湖楽おんやど富士吟景候補,Kawaguchiko ryokan seed,kawaguchiko,山梨県,ryokan,Tier 2,"후지산 조망 온천숙소 보강 후보, 명칭 확인 필요",Kawaguchiko lodging exposure,needs_identity_crosscheck,nationwide_accommodation_batch_c_v0_4_2026-07-03.csv
kawaguchiko-hotel-koryu,河口湖温泉 ホテル湖龍,Hotel Koryu,kawaguchiko,山梨県,hotel ryokan,Tier 2,"객실 노천탕 목록 노출, 가격형 비교군",Rakuten keyword result,needs_bath_detail_crosscheck,nationwide_accommodation_batch_c_v0_4_2026-07-03.csv
akiu-ryokusuitei,仙台 秋保温泉 篝火の湯 緑水亭,Ryokusuitei,akiu,宮城県,ryokan hotel,Tier 1,"객실 노천탕 인기, 대정원/대욕장 후보",Ikkyu/MyBest Akiu room-open-air,needs_bath_detail_crosscheck,nationwide_accommodation_batch_c_v0_4_2026-07-03.csv
akiu-hotel-zuiho,仙台 秋保温泉 ホテル瑞鳳,Hotel Zuiho,akiu,宮城県,large ryokan hotel,Tier 1,"대형 온천호텔, 櫻離宮 연계/대욕장 리뷰풀 후보",Ikkyu Akiu exposure,needs_bath_detail_crosscheck,nationwide_accommodation_batch_c_v0_4_2026-07-03.csv
akiu-hananoyu,仙台・秋保温泉 ホテル華乃湯,Hotel Hananoyu,akiu,宮城県,hotel ryokan,Tier 2,천연온천 노천풍로 객실 신호,Jalan Hananoyu page,needs_official_crosscheck,nationwide_accommodation_batch_c_v0_4_2026-07-03.csv
akiu-iwanumaya,秋保温泉 岩沼屋,Iwanumaya,akiu,宮城県,large ryokan,Tier 2,"아키우 대형 료칸, 대욕장/객실탕 후보",Akiu lodging exposure,needs_bath_detail_crosscheck,nationwide_accommodation_batch_c_v0_4_2026-07-03.csv
akiu-rantei,仙台 秋保温泉 蘭亭,Rantei,akiu,宮城県,ryokan hotel,Tier 2,"가족형 온천숙소, 대욕장/노천 후보",Akiu lodging exposure,needs_bath_detail_crosscheck,nationwide_accommodation_batch_c_v0_4_2026-07-03.csv
akiu-ichinobo,仙台・作並温泉 ゆづくしSalon一の坊,Yudukushi Salon Ichinobo,akiu,宮城県,wellness ryokan,Tier 2,"작나미/아키우권, 온천살롱형 후보",Ikkyu Akiu room-open-air related list,needs_area_crosscheck,nationwide_accommodation_batch_c_v0_4_2026-07-03.csv
ikaho-kogure,ホテル木暮,Hotel Kogure,ikaho,群馬県,large ryokan hotel,Tier 1,"고평점, 객실 노천탕·대욕장 후보",Ikkyu/MyBest Ikaho room-open-air,needs_bath_detail_crosscheck,nationwide_accommodation_batch_c_v0_4_2026-07-03.csv
ikaho-kokuya,伊香保温泉 心に咲く花 古久家,Kokuya,ikaho,群馬県,traditional ryokan,Tier 1,黄金の湯 원천가케나가시 노천풍로 객실 신호,Rakuten Ikaho room-open-air article,needs_official_crosscheck,nationwide_accommodation_batch_c_v0_4_2026-07-03.csv
ikaho-chigira,千明仁泉亭,Chigira Jinsentei,ikaho,群馬県,traditional ryokan,Tier 1,"이카호 노포, 객실 노천탕 후보",Rakuten Ikaho room-open-air article,needs_bath_detail_crosscheck,nationwide_accommodation_batch_c_v0_4_2026-07-03.csv
ikaho-oyado-tamaki,お宿玉樹,Oyado Tamaki,ikaho,群馬県,ryokan,Tier 1,객실 노천탕/식사 고평가 후보,Ikkyu Ikaho room-open-air dinner list,needs_official_crosscheck,nationwide_accommodation_batch_c_v0_4_2026-07-03.csv
ikaho-kanouya,伊香保温泉 かのうや,Kanouya,ikaho,群馬県,ryokan,Tier 1,"露天風呂付客室 인기, 리뷰풀 큼",Rakuten Ikaho hotel list,needs_official_crosscheck,nationwide_accommodation_batch_c_v0_4_2026-07-03.csv
ikaho-moriaki,森秋旅館,Moriaki Ryokan,ikaho,群馬県,traditional ryokan,Tier 2,"黄金の湯 대욕장 후보, 대중형 숙소",Ikaho lodging exposure,needs_bath_detail_crosscheck,nationwide_accommodation_batch_c_v0_4_2026-07-03.csv
ikaho-fukuichi,福一,Fukuichi,ikaho,群馬県,large ryokan,Tier 2,"이카호 대형 료칸, 대욕장/객실탕 후보",Ikaho lodging exposure,needs_bath_detail_crosscheck,nationwide_accommodation_batch_c_v0_4_2026-07-03.csv
toba-toba-kokusai,鳥羽国際ホテル 潮路亭,Toba Hotel International Shiojitei,toba,三重県,seaside ryokan hotel,Tier 1,"도바 바다 전망 온천숙소, 진주온천/대욕장 후보",Toba top area seed,needs_source_crosscheck,nationwide_accommodation_batch_c_v0_4_2026-07-03.csv
toba-todaya,戸田家,Todaya,toba,三重県,large ryokan hotel,Tier 1,"대형 온천호텔, 다양한 욕장/리뷰풀 후보",Toba lodging exposure,needs_bath_detail_crosscheck,nationwide_accommodation_batch_c_v0_4_2026-07-03.csv
toba-kisara,季さら,Kisara,toba,三重県,private ryokan,Tier 1,객실 노천탕·프라이빗 숙소 후보,Toba room-open-air exposure,needs_official_crosscheck,nationwide_accommodation_batch_c_v0_4_2026-07-03.csv
toba-kisara-bettei-toki,季さら別邸 刻,Toki Kisara Bettei,toba,三重県,luxury ryokan,Tier 1,고급 별저형 객실탕 후보,Toba luxury exposure,needs_official_crosscheck,nationwide_accommodation_batch_c_v0_4_2026-07-03.csv
toba-senpokaku,扇芳閣,Senpokaku,toba,三重県,ryokan hotel,Tier 2,도바 전망 온천숙소 후보,Toba lodging exposure,needs_bath_detail_crosscheck,nationwide_accommodation_batch_c_v0_4_2026-07-03.csv
toba-hamanomiyabitei,浜の雅亭 一井,Hamanomiyabitei Ichii,toba,三重県,seaside ryokan,Tier 2,"해변 숙소, 온천/객실탕 후보",Toba/Shima lodging exposure,needs_bath_detail_crosscheck,nationwide_accommodation_batch_c_v0_4_2026-07-03.csv
toba-taoya-shima,TAOYA志摩,TAOYA Shima,toba,三重県,resort hotel,Tier 2,이세시마 리조트형 온천숙소 후보,Toba/Shima lodging exposure,needs_area_crosscheck,nationwide_accommodation_batch_c_v0_4_2026-07-03.csv
toba-exiv,グランドエクシブ鳥羽,Grand XIV Toba,toba,三重県,resort hotel,Tier 3,"대형 리조트, 온천/스파 후보",Toba resort exposure,needs_source_crosscheck,nationwide_accommodation_batch_c_v0_4_2026-07-03.csv
isawa-keizan,石和温泉 華やぎの章 慶山,Keizan,isawa,山梨県,large ryokan,Tier 1,"Rakuten 1900건급 리뷰풀, 객실 노천탕 후보",Rakuten Isawa room-open-air page,needs_official_crosscheck,nationwide_accommodation_batch_c_v0_4_2026-07-03.csv
isawa-fujinoya,シャトレーゼホテル 旅館 富士野屋,Fujinoya,isawa,山梨県,ryokan hotel,Tier 1,"객실탕도 온천, 최대 7개 탕巡り 신호",Rakuten/Jalan Isawa room-open-air,needs_official_crosscheck,nationwide_accommodation_batch_c_v0_4_2026-07-03.csv
isawa-koshien,銘庭の宿 ホテル甲子園,Hotel Koshien,isawa,山梨県,ryokan hotel,Tier 1,"객실 노천/반노천 리뉴얼 신호, 리뷰풀 후보",Rakuten/Jalan Isawa room-open-air,needs_official_crosscheck,nationwide_accommodation_batch_c_v0_4_2026-07-03.csv
isawa-kimiyoshi,石和温泉 ホテル君佳,Hotel Kimiyoshi,isawa,山梨県,hotel ryokan,Tier 2,"객실 노천탕 목록 노출, 가격형 비교군",Rakuten Isawa room-open-air page,needs_bath_detail_crosscheck,nationwide_accommodation_batch_c_v0_4_2026-07-03.csv
isawa-itoyanagi,石和名湯館 糸柳,Itoyanagi,isawa,山梨県,traditional ryokan,Tier 1,"石和 명탕관, 객실 노천탕 후보",Jalan Isawa room-open-air page,needs_official_crosscheck,nationwide_accommodation_batch_c_v0_4_2026-07-03.csv
isawa-itoyanagi-yuwa,糸柳こやど ゆわ,Itoyanagi Koyado Yuwa,isawa,山梨県,small ryokan,Tier 1,소형 객실탕/온천숙소 후보,Jalan Isawa room-open-air page,needs_official_crosscheck,nationwide_accommodation_batch_c_v0_4_2026-07-03.csv
isawa-hotel-fuji,ホテルふじ,Hotel Fuji,isawa,山梨県,large hotel ryokan,Tier 1,"현내 최대급 대암풍로, 대형 리뷰풀 후보",Jalan Isawa room-open-air page,needs_bath_detail_crosscheck,nationwide_accommodation_batch_c_v0_4_2026-07-03.csv
isawa-hanaisawa,石和温泉 ホテル花いさわ,Hotel Hana Isawa,isawa,山梨県,hotel ryokan,Tier 2,"자분원천 보유, 역접근성·대욕장 후보",Jalan Isawa room-open-air page,needs_bath_detail_crosscheck,nationwide_accommodation_batch_c_v0_4_2026-07-03.csv
isawa-kagetsu,銘石の宿 かげつ,Kagetsu,isawa,山梨県,traditional ryokan,Tier 1,객실 노천/반노천·별저 The ONE 신호,Jalan Isawa room-open-air page,needs_official_crosscheck,nationwide_accommodation_batch_c_v0_4_2026-07-03.csv
isawa-wajoen,糸柳別館 離れの邸 和穣苑,Wajoen,isawa,山梨県,detached ryokan,Tier 1,"離れ 숙소, 객실탕/고급숙 후보",Jalan Isawa room-open-air page,needs_official_crosscheck,nationwide_accommodation_batch_c_v0_4_2026-07-03.csv
kurokawa-gekkoujyu,黒川温泉御処 月洸樹,Gekkoju,kurokawa,熊本県,luxury ryokan,Tier 1,고급 객실 노천탕과 프라이빗 체류 신호,Ikkyu Kurokawa room-open-air source,needs_official_crosscheck,nationwide_accommodation_batch_d_v0_5_2026-07-03.csv
kurokawa-okunoyu,黒川温泉 旅館奥の湯,Ryokan Okunoyu,kurokawa,熊本県,ryokan,Tier 1,대형 노천과 객실탕 후보 신호,MyBest and Rakuten Kurokawa sources,needs_official_crosscheck,nationwide_accommodation_batch_d_v0_5_2026-07-03.csv
kurokawa-sanga,黒川温泉 旅館山河,Ryokan Sanga,kurokawa,熊本県,ryokan,Tier 1,자연형 노천탕과 탕순례 후보 신호,Kurokawa regional ranking source,needs_source_crosscheck,nationwide_accommodation_batch_d_v0_5_2026-07-03.csv
kurokawa-noshiyu,黒川温泉 お宿 のし湯,Oyado Noshiyu,kurokawa,熊本県,ryokan,Tier 1,정원형 노천과 숙박자 온천경험 후보,Kurokawa regional ranking source,needs_source_crosscheck,nationwide_accommodation_batch_d_v0_5_2026-07-03.csv
kurokawa-kounoyu,黒川温泉 こうの湯,Kounoyu,kurokawa,熊本県,ryokan,Tier 1,노천탕과 대절탕 후보 신호,Kurokawa day-use status and regional ranking,needs_official_crosscheck,nationwide_accommodation_batch_d_v0_5_2026-07-03.csv
kurokawa-kurokawaso,黒川温泉 黒川荘,Kurokawaso,kurokawa,熊本県,ryokan,Tier 1,대형 노천과 자연 온천경험 후보,Kurokawa official day-use status source,needs_official_crosscheck,nationwide_accommodation_batch_d_v0_5_2026-07-03.csv
kurokawa-kiyashiki,黒川温泉 いやしの里 樹やしき,Iyashi no Sato Kiyashiki,kurokawa,熊本県,ryokan,Tier 1,전망 노천과 대절탕 후보 신호,Kurokawa official day-use status source,needs_official_crosscheck,nationwide_accommodation_batch_d_v0_5_2026-07-03.csv
kurokawa-yumotoso,黒川温泉 湯本荘,Yumotoso,kurokawa,熊本県,ryokan,Tier 2,강변 노천탕과 온천마을 접근성 후보,Kurokawa regional source,needs_source_crosscheck,nationwide_accommodation_batch_d_v0_5_2026-07-03.csv
kurokawa-yumerindo,黒川温泉 夢龍胆,Yumerindo,kurokawa,熊本県,ryokan hotel,Tier 2,대욕장과 노천탕 후보 신호,Kurokawa regional source,needs_source_crosscheck,nationwide_accommodation_batch_d_v0_5_2026-07-03.csv
kurokawa-ikoi,黒川温泉 いこい旅館,Ikoi Ryokan,kurokawa,熊本県,ryokan,Tier 1,명물 노천탕과 탕순례 후보 신호,Kurokawa regional ranking source,needs_source_crosscheck,nationwide_accommodation_batch_d_v0_5_2026-07-03.csv
kurokawa-yusai,黒川温泉 湯峡の響き 優彩,Yukyo no Hibiki Yusai,kurokawa,熊本県,ryokan hotel,Tier 1,복수 대욕장과 노천탕 원천가케나가시 신호,Jalan Kurokawa ranking snippet,needs_official_crosscheck,nationwide_accommodation_batch_d_v0_5_2026-07-03.csv
kurokawa-oyado-hanakazuki,黒川温泉 お宿 花風月,Oyado Hanakazuki,kurokawa,熊本県,ryokan,Tier 2,객실 노천탕 후보와 조용한 체류 신호,Kurokawa related OTA source,needs_source_crosscheck,nationwide_accommodation_batch_d_v0_5_2026-07-03.csv
kurokawa-senomoto-kogen-hotel,瀬の本高原ホテル,Senomoto Kogen Hotel,kurokawa,熊本県,resort hotel,Tier 1,고원 전망 노천탕과 객실탕 후보,MyBest and Kurokawa day-use status source,needs_official_crosscheck,nationwide_accommodation_batch_d_v0_5_2026-07-03.csv
kurokawa-okyakuya,歴史の宿 御客屋,Okyakuya,kurokawa,熊本県,historic ryokan,Tier 2,전통 료칸 대욕장과 노천탕 후보,Kurokawa regional source,needs_source_crosscheck,nationwide_accommodation_batch_d_v0_5_2026-07-03.csv
ibusuki-ginsyo,夫婦露天風呂の宿 吟松,Ginsyo,ibusuki,鹿児島県,ryokan,Tier 1,부부 노천탕과 객실 노천탕 강한 후보,Jalan Ibusuki room-open-air source,needs_official_crosscheck,nationwide_accommodation_batch_d_v0_5_2026-07-03.csv
ibusuki-yurian,温泉水プール＆夫婦露天風呂の離れ宿 悠離庵,Yurian,ibusuki,鹿児島県,villa ryokan,Tier 1,전동 객실 노천탕과 온천수풀 후보,Jalan and Rakuten Ibusuki room-open-air sources,needs_official_crosscheck,nationwide_accommodation_batch_d_v0_5_2026-07-03.csv
ibusuki-kinkouro,こらんの湯 錦江楼,Koran no Yu Kinkouro,ibusuki,鹿児島県,ryokan hotel,Tier 1,객실 노천탕과 바다 전망 온천 후보,Jalan Ibusuki room-open-air source,needs_official_crosscheck,nationwide_accommodation_batch_d_v0_5_2026-07-03.csv
ibusuki-shusuien,いぶすき秀水園,Ibusuki Syusuien,ibusuki,鹿児島県,ryokan,Tier 1,고급 료칸 대욕장과 모래찜질 접근성 후보,regional high-demand source,needs_official_crosscheck,nationwide_accommodation_batch_d_v0_5_2026-07-03.csv
ibusuki-royal-hotel,指宿ロイヤルホテル,Ibusuki Royal Hotel,ibusuki,鹿児島県,resort hotel,Tier 2,바다 전망 대욕장과 노천탕 후보,Rakuten Ibusuki ranking source,needs_source_crosscheck,nationwide_accommodation_batch_d_v0_5_2026-07-03.csv
ibusuki-phoenix-hotel,指宿フェニックスホテル,Ibusuki Phoenix Hotel,ibusuki,鹿児島県,resort hotel,Tier 2,대형 호텔 온천과 모래찜질 접근성 후보,Rakuten Ibusuki ranking source,needs_source_crosscheck,nationwide_accommodation_batch_d_v0_5_2026-07-03.csv
ibusuki-kaijo-hotel,指宿海上ホテル,Ibusuki Kaijo Hotel,ibusuki,鹿児島県,ryokan hotel,Tier 2,해안 온천 대욕장과 모래탕 접근성 후보,Rakuten Ibusuki source,needs_source_crosscheck,nationwide_accommodation_batch_d_v0_5_2026-07-03.csv
ibusuki-seaside-hotel,指宿シーサイドホテル,Ibusuki Seaside Hotel,ibusuki,鹿児島県,resort hotel,Tier 2,해변 대욕장과 가족 여행 수요 후보,regional OTA source,needs_source_crosscheck,nationwide_accommodation_batch_d_v0_5_2026-07-03.csv
ibusuki-kyukamura,休暇村 指宿,Kyukamura Ibusuki,ibusuki,鹿児島県,public resort hotel,Tier 2,대욕장과 가족형 온천 리조트 후보,Rakuten Ibusuki source,needs_source_crosscheck,nationwide_accommodation_batch_d_v0_5_2026-07-03.csv
ibusuki-kokoro-no-yado,指宿こころの宿,Ibusuki Kokoro no Yado,ibusuki,鹿児島県,onsen hotel,Tier 2,대형 당일온천 병설형 숙박 후보,regional facility source,needs_official_crosscheck,nationwide_accommodation_batch_d_v0_5_2026-07-03.csv
unzen-miyazaki-ryokan,雲仙宮崎旅館,Unzen Miyazaki Ryokan,unzen,長崎県,luxury ryokan,Tier 1,백탁 유황 원천가케나가시와 객실 노천탕 후보,Ikkyu Unzen room-open-air source,needs_official_crosscheck,nationwide_accommodation_batch_d_v0_5_2026-07-03.csv
unzen-fukudaya,雲仙福田屋,Unzen Fukudaya,unzen,長崎県,ryokan,Tier 1,별저 객실 원천가케나가시 노천탕 강한 후보,Ikkyu Unzen open-air source,needs_official_crosscheck,nationwide_accommodation_batch_d_v0_5_2026-07-03.csv
unzen-azumaen,雲仙温泉 東園,Azumaen,unzen,長崎県,ryokan,Tier 1,호수 전망 온천과 고급 료칸 후보,regional OTA source,needs_source_crosscheck,nationwide_accommodation_batch_d_v0_5_2026-07-03.csv
unzen-hanzuiryo,旅亭 半水盧,Hanzuiryo,unzen,長崎県,luxury ryokan,Tier 1,고급 별저형 온천 체류 후보,regional high-end source,needs_official_crosscheck,nationwide_accommodation_batch_d_v0_5_2026-07-03.csv
unzen-shinyu,雲仙温泉 ゆやど雲仙新湯,Yuyado Unzen Shinyu,unzen,長崎県,ryokan,Tier 1,자사 원천과 다종 유황천 후보,regional OTA source,needs_official_crosscheck,nationwide_accommodation_batch_d_v0_5_2026-07-03.csv
unzen-seiunso,雲仙温泉 青雲荘,Unzen Seiunso,unzen,長崎県,public ryokan hotel,Tier 2,소지옥 원천 인근 백탁 유황천 후보,Unzen day-use source,needs_official_crosscheck,nationwide_accommodation_batch_d_v0_5_2026-07-03.csv
unzen-yumoto-hotel,雲仙温泉 湯元ホテル,Yumoto Hotel,unzen,長崎県,ryokan hotel,Tier 2,운젠 중심부 대욕장과 유황천 후보,regional OTA source,needs_source_crosscheck,nationwide_accommodation_batch_d_v0_5_2026-07-03.csv
unzen-sky-hotel,雲仙スカイホテル,Unzen Sky Hotel,unzen,長崎県,ryokan hotel,Tier 2,운젠 지옥 접근성과 대욕장 후보,regional OTA source,needs_source_crosscheck,nationwide_accommodation_batch_d_v0_5_2026-07-03.csv
unzen-kanko-hotel,雲仙観光ホテル,Unzen Kanko Hotel,unzen,長崎県,classical hotel,Tier 1,클래식 호텔 온천 체류와 고급 수요 후보,regional high-end source,needs_official_crosscheck,nationwide_accommodation_batch_d_v0_5_2026-07-03.csv
unzen-yukairesort-toyokan,湯快リゾート 雲仙東洋館,Unzen Toyokan,unzen,長崎県,ryokan hotel,Tier 2,대형 온천호텔과 가족 수요 후보,regional OTA source,needs_source_crosscheck,nationwide_accommodation_batch_d_v0_5_2026-07-03.csv
nyuto-tsurunoyu,乳頭温泉郷 鶴の湯温泉,Tsurunoyu Onsen,nyuto,秋田県,historic ryokan,Tier 1,상징적 혼욕 노천과 탕치형 온천 후보,Nyuto official and ranking sources,needs_official_crosscheck,nationwide_accommodation_batch_d_v0_5_2026-07-03.csv
nyuto-tsurunoyu-yamanoyado,鶴の湯別館 山の宿,Tsurunoyu Yamanoyado,nyuto,秋田県,ryokan,Tier 1,츠루노유 계열 산장형 온천 체류 후보,Rakuten Nyuto nearby source,needs_official_crosscheck,nationwide_accommodation_batch_d_v0_5_2026-07-03.csv
nyuto-taenoyu,乳頭温泉郷 妙乃湯,Taenoyu,nyuto,秋田県,ryokan,Tier 1,금탕은탕과 노천탕 순례 후보,Nyuto official source,needs_official_crosscheck,nationwide_accommodation_batch_d_v0_5_2026-07-03.csv
nyuto-kuroyu,乳頭温泉郷 黒湯温泉,Kuroyu Onsen,nyuto,秋田県,ryokan,Tier 1,비탕형 원천 온천과 계절 운영 후보,Nyuto official source,needs_official_crosscheck,nationwide_accommodation_batch_d_v0_5_2026-07-03.csv
nyuto-ganiba,乳頭温泉郷 蟹場温泉,Ganiba Onsen,nyuto,秋田県,ryokan,Tier 1,숲속 노천탕과 탕순례 후보,Nyuto official source,needs_official_crosscheck,nationwide_accommodation_batch_d_v0_5_2026-07-03.csv
nyuto-ogama,乳頭温泉郷 大釜温泉,Ogama Onsen,nyuto,秋田県,ryokan,Tier 2,학교 건물 재활용 공공탕 분위기 후보,Nyuto official source,needs_official_crosscheck,nationwide_accommodation_batch_d_v0_5_2026-07-03.csv
nyuto-magoroku,乳頭温泉郷 孫六温泉,Magoroku Onsen,nyuto,秋田県,ryokan,Tier 2,탕치형 다원천 온천 후보,Nyuto official source,needs_official_crosscheck,nationwide_accommodation_batch_d_v0_5_2026-07-03.csv
nyuto-kyukamura,休暇村 乳頭温泉郷,Kyukamura Nyuto Onsenkyo,nyuto,秋田県,public resort hotel,Tier 1,두 종류 원천과 접근성 좋은 숙박 후보,Jalan and Qkamura source,needs_official_crosscheck,nationwide_accommodation_batch_d_v0_5_2026-07-03.csv
nyuto-komagatake-grand-hotel,駒ヶ岳グランドホテル,Komagatake Grand Hotel,nyuto,秋田県,ryokan hotel,Tier 2,타자와코 고원 온천과 뉴토 접근성 후보,Rakuten Nyuto nearby source,needs_source_crosscheck,nationwide_accommodation_batch_d_v0_5_2026-07-03.csv
nyuto-lodge-iris,ロッジアイリス,Lodge Iris,nyuto,秋田県,lodge,Tier 3,타자와코 고원 소규모 온천 숙박 후보,Rakuten Nyuto nearby source,needs_source_crosscheck,nationwide_accommodation_batch_d_v0_5_2026-07-03.csv
izu-nagaoka-yoshiharu,湯めぐりの宿 吉春,Yoshiharu,izu-nagaoka,静岡県,ryokan,Tier 1,복수 대절 노천과 객실 노천탕 강한 후보,Rakuten Izu Nagaoka room-open-air source,needs_official_crosscheck,nationwide_accommodation_batch_d_v0_5_2026-07-03.csv
izu-nagaoka-sanyo-so,三養荘,Sanyo-so,izu-nagaoka,静岡県,luxury ryokan,Tier 1,정원 별저형 고급 온천 후보,Ikkyu Izu Nagaoka source,needs_official_crosscheck,nationwide_accommodation_batch_d_v0_5_2026-07-03.csv
izu-nagaoka-ishinoya,石のや 伊豆長岡,Ishinoya Izu Nagaoka,izu-nagaoka,静岡県,ryokan,Tier 1,일부 객실 노천탕과 정원형 온천 후보,Ikkyu Izu Nagaoka source,needs_official_crosscheck,nationwide_accommodation_batch_d_v0_5_2026-07-03.csv
izu-nagaoka-new-hakkeien,ニュー八景園,New Hakkeien,izu-nagaoka,静岡県,ryokan hotel,Tier 2,후지산 전망 노천탕 후보,Rakuten Izu Nagaoka list source,needs_source_crosscheck,nationwide_accommodation_batch_d_v0_5_2026-07-03.csv
izu-nagaoka-hotel-tenbo,伊豆長岡温泉 ホテル天坊,Hotel Tenbo,izu-nagaoka,静岡県,ryokan hotel,Tier 2,대욕장과 노천탕 복수 후보,Rakuten Izu Nagaoka list source,needs_source_crosscheck,nationwide_accommodation_batch_d_v0_5_2026-07-03.csv
izu-nagaoka-komatsuya-hachinobo,小松家八の坊,Komatsuya Hachinobo,izu-nagaoka,静岡県,ryokan,Tier 2,대욕장과 반려견 수요 후보,Rakuten Izu Nagaoka list source,needs_source_crosscheck,nationwide_accommodation_batch_d_v0_5_2026-07-03.csv
izu-nagaoka-kouyurou-ikawa,香湯楼井川,Kouyurou Ikawa,izu-nagaoka,静岡県,ryokan,Tier 2,대절탕과 현대 료칸 수요 후보,Rakuten Izu Nagaoka list source,needs_source_crosscheck,nationwide_accommodation_batch_d_v0_5_2026-07-03.csv
izu-nagaoka-rakuzan-yasuda,楽山やすだ,Rakuzan Yasuda,izu-nagaoka,静岡県,ryokan,Tier 2,다다미 숙소와 노천탕 후보,Rakuten Izu Nagaoka list source,needs_source_crosscheck,nationwide_accommodation_batch_d_v0_5_2026-07-03.csv
izu-nagaoka-sunvalley,ホテルサンバレー伊豆長岡,Hotel Sunvalley Izu Nagaoka,izu-nagaoka,静岡県,large ryokan hotel,Tier 2,대형 대욕장과 가족 수요 후보,Rakuten Izu Nagaoka list source,needs_source_crosscheck,nationwide_accommodation_batch_d_v0_5_2026-07-03.csv
izu-nagaoka-konabesso,古奈別荘,Kona Besso,izu-nagaoka,静岡県,ryokan,Tier 2,전통 별장형 온천 숙박 후보,regional OTA source,needs_source_crosscheck,nationwide_accommodation_batch_d_v0_5_2026-07-03.csv
awara-mimatsu,あわら温泉 美松,Mimatsu,awara,福井県,ryokan,Tier 1,정원 노천 객실 다수와 대욕장 스파 신호,Rakuten Awara room-open-air source,needs_official_crosscheck,nationwide_accommodation_batch_d_v0_5_2026-07-03.csv
awara-grandia-housen,あわら温泉 グランディア芳泉,Grandia Housen,awara,福井県,large ryokan,Tier 1,고급 대욕장과 객실 노천탕 후보,Ikkyu Awara source,needs_official_crosscheck,nationwide_accommodation_batch_d_v0_5_2026-07-03.csv
awara-beniya,あわら温泉 光風湯圃 べにや,Beniya,awara,福井県,luxury ryokan,Tier 1,전통 고급 료칸과 원천 온천 후보,Ikkyu Awara source,needs_official_crosscheck,nationwide_accommodation_batch_d_v0_5_2026-07-03.csv
awara-tsuruya,あわら温泉 つるや,Tsuruya,awara,福井県,ryokan,Tier 1,전통 료칸 원천가케나가시 후보,Ikkyu Awara source,needs_official_crosscheck,nationwide_accommodation_batch_d_v0_5_2026-07-03.csv
awara-matsuya-sensen,まつや千千,Matsuya Sensen,awara,福井県,large ryokan,Tier 1,대형 대욕장과 노천탕 경쟁력 후보,Ikkyu Awara source,needs_official_crosscheck,nationwide_accommodation_batch_d_v0_5_2026-07-03.csv
awara-seifuso,あわら温泉 清風荘,Seifuso,awara,福井県,large ryokan hotel,Tier 1,극장형 뷔페와 대형 온천 수요 후보,Rakuten Awara ranking source,needs_source_crosscheck,nationwide_accommodation_batch_d_v0_5_2026-07-03.csv
awara-haiya,伝統旅館のぬくもり 灰屋,Haiya,awara,福井県,ryokan,Tier 2,전통 료칸 정원 노천 후보,regional OTA source,needs_source_crosscheck,nationwide_accommodation_batch_d_v0_5_2026-07-03.csv
awara-grand-hotel,あわら温泉グランドホテル,Awara Onsen Grand Hotel,awara,福井県,ryokan hotel,Tier 2,복수 욕장과 가성비 수요 후보,Ikkyu Awara source,needs_source_crosscheck,nationwide_accommodation_batch_d_v0_5_2026-07-03.csv
awara-hasegawa,あわら温泉 長谷川,Hasegawa,awara,福井県,ryokan,Tier 2,중소형 료칸 대욕장 후보,regional OTA source,needs_source_crosscheck,nationwide_accommodation_batch_d_v0_5_2026-07-03.csv
awara-hakuwaso,あわら温泉 白和荘,Hakuwaso,awara,福井県,ryokan,Tier 3,지역 료칸 온천 후보,regional OTA source,needs_source_crosscheck,nationwide_accommodation_batch_d_v0_5_2026-07-03.csv
kinosaki-nishimuraya-honkan,西村屋本館,Nishimuraya Honkan,kinosaki,兵庫県,luxury ryokan,Tier 1,기노사키 대표 고급 료칸과 외탕 접근성 후보,Ikkyu Kinosaki source,needs_official_crosscheck,nationwide_accommodation_batch_d_v0_5_2026-07-03.csv
kinosaki-nishimuraya-shogetsutei,西村屋ホテル招月庭,Nishimuraya Hotel Shogetsutei,kinosaki,兵庫県,luxury ryokan hotel,Tier 1,정원 노천과 객실 노천탕 후보,Ikkyu and Jalan Kinosaki sources,needs_official_crosscheck,nationwide_accommodation_batch_d_v0_5_2026-07-03.csv
kinosaki-ryokufukaku,きのさきの宿 緑風閣,Ryokufukaku,kinosaki,兵庫県,ryokan,Tier 1,객실 노천탕과 외탕 접근성 후보,Ikkyu and Jalan Kinosaki sources,needs_official_crosscheck,nationwide_accommodation_batch_d_v0_5_2026-07-03.csv
kinosaki-kawaguchiya-riverside,川口屋城崎リバーサイドホテル,Kawaguchiya Kinosaki Riverside Hotel,kinosaki,兵庫県,ryokan hotel,Tier 1,객실 노천탕과 강변 대욕장 후보,Jalan Kinosaki room-open-air source,needs_official_crosscheck,nationwide_accommodation_batch_d_v0_5_2026-07-03.csv
kinosaki-tokiwa-bekkan,城崎温泉 ときわ別館,Tokiwa Bekkan,kinosaki,兵庫県,ryokan,Tier 2,정원형 숙박과 외탕 순례 후보,regional OTA source,needs_source_crosscheck,nationwide_accommodation_batch_d_v0_5_2026-07-03.csv
kinosaki-mikiya,城崎温泉 三木屋,Mikiya,kinosaki,兵庫県,historic ryokan,Tier 1,문학성 있는 전통 료칸과 외탕 접근성 후보,regional high-value source,needs_source_crosscheck,nationwide_accommodation_batch_d_v0_5_2026-07-03.csv
kinosaki-yamamotoya,城崎温泉 山本屋,Yamamotoya,kinosaki,兵庫県,ryokan,Tier 2,중심가 외탕 접근성과 전통 료칸 후보,regional OTA source,needs_source_crosscheck,nationwide_accommodation_batch_d_v0_5_2026-07-03.csv
kinosaki-kobayashiya,城崎温泉 小林屋,Kobayashiya,kinosaki,兵庫県,ryokan,Tier 2,리뉴얼 료칸과 외탕 순례 후보,regional OTA source,needs_source_crosscheck,nationwide_accommodation_batch_d_v0_5_2026-07-03.csv
kinosaki-onishiya-suishoen,大西屋水翔苑,Onishiya Suishoen,kinosaki,兵庫県,ryokan,Tier 2,정원 노천과 송영 수요 후보,regional OTA source,needs_source_crosscheck,nationwide_accommodation_batch_d_v0_5_2026-07-03.csv
kinosaki-oyado-hakusan,城崎温泉 お宿 白山,Oyado Hakusan,kinosaki,兵庫県,ryokan,Tier 2,대절탕과 가족 여행 수요 후보,regional OTA source,needs_source_crosscheck,nationwide_accommodation_batch_d_v0_5_2026-07-03.csv
kirishima-aubegio-kanko,霧島観光ホテル,AUBEGIO Kirishima Kanko Hotel,kirishima,鹿児島県,ryokan hotel,Tier 1,객실 노천탕과 전망 대욕장 후보,Rakuten Kirishima room-open-air source,needs_official_crosscheck,nationwide_accommodation_batch_d_v0_5_2026-07-03.csv
kirishima-myoken-ishiharaso,妙見石原荘,Myoken Ishiharaso,kirishima,鹿児島県,luxury ryokan,Tier 1,계류 노천과 원천가케나가시 고급 후보,Ikkyu Kirishima source,needs_official_crosscheck,nationwide_accommodation_batch_d_v0_5_2026-07-03.csv
kirishima-hotel,霧島ホテル,Kirishima Hotel,kirishima,鹿児島県,large ryokan hotel,Tier 1,대형 황산 계열 대욕장과 명물 온천 후보,regional high-demand source,needs_official_crosscheck,nationwide_accommodation_batch_d_v0_5_2026-07-03.csv
kirishima-ryokojin-sanso,旅行人山荘,Ryokojin Sanso,kirishima,鹿児島県,ryokan,Tier 1,전망 노천과 대절 노천탕 후보,regional OTA source,needs_official_crosscheck,nationwide_accommodation_batch_d_v0_5_2026-07-03.csv
kirishima-miyama-hotel,霧島みやまホテル,Kirishima Miyama Hotel,kirishima,鹿児島県,ryokan,Tier 2,대절탕 다수와 소규모 온천 후보,regional OTA source,needs_source_crosscheck,nationwide_accommodation_batch_d_v0_5_2026-07-03.csv
kirishima-sakura-sakura,さくらさくら温泉,Sakura Sakura Onsen,kirishima,鹿児島県,onsen hotel,Tier 2,진흙팩 노천탕과 체험형 온천 후보,regional facility source,needs_official_crosscheck,nationwide_accommodation_batch_d_v0_5_2026-07-03.csv
kirishima-tenku-no-mori,天空の森,Tenku no Mori,kirishima,鹿児島県,luxury villa,Tier 1,초고급 빌라형 노천탕 후보,Ikkyu Kirishima source,needs_official_crosscheck,nationwide_accommodation_batch_d_v0_5_2026-07-03.csv
kirishima-gajoen,忘れの里 雅叙苑,Wasureno Sato Gajoen,kirishima,鹿児島県,luxury ryokan,Tier 1,묘켄 온천 고급 객실탕 후보,regional high-end source,needs_official_crosscheck,nationwide_accommodation_batch_d_v0_5_2026-07-03.csv
kirishima-yakakutei,数寄の宿 野鶴亭,Yakakutei,kirishima,鹿児島県,ryokan,Tier 2,히나타야마 온천과 대욕장 후보,regional OTA source,needs_source_crosscheck,nationwide_accommodation_batch_d_v0_5_2026-07-03.csv
kirishima-yuyuan,霧島温泉郷 鳥遊ぶ森の宿 ふたり静,Futari Shizuka,kirishima,鹿児島県,luxury ryokan,Tier 1,전실 별동 노천탕 후보,regional OTA source,needs_official_crosscheck,nationwide_accommodation_batch_d_v0_5_2026-07-03.csv
nozawa-grand-hotel,野沢温泉 野沢グランドホテル,Nozawa Grand Hotel,nozawa,長野県,ryokan hotel,Tier 1,전망 노천과 객실 노천탕 후보,Jalan Nagano/Nozawa ranking source,needs_official_crosscheck,nationwide_accommodation_batch_e_v0_6_2026-07-03.csv
nozawa-sakaya,野沢温泉 旅館さかや,Ryokan Sakaya,nozawa,長野県,ryokan,Tier 1,자가원천과 전통 대욕장 후보,regional high-demand source,needs_official_crosscheck,nationwide_accommodation_batch_e_v0_6_2026-07-03.csv
nozawa-kiriya-ryokan,野沢温泉 桐屋旅館,Kiriya Ryokan,nozawa,長野県,ryokan,Tier 2,외탕 순례와 전통 료칸 후보,regional OTA source,needs_source_crosscheck,nationwide_accommodation_batch_e_v0_6_2026-07-03.csv
nozawa-kawamotoya,野沢温泉 河一屋旅館,Kawamotoya,nozawa,長野県,ryokan,Tier 1,객실 노천탕과 외탕 접근성 후보,regional OTA source,needs_official_crosscheck,nationwide_accommodation_batch_e_v0_6_2026-07-03.csv
nozawa-sumiyosiya,野沢温泉 住吉屋,Sumiyosiya,nozawa,長野県,ryokan,Tier 2,역사 료칸과 원천 대욕장 후보,regional OTA source,needs_source_crosscheck,nationwide_accommodation_batch_e_v0_6_2026-07-03.csv
yudanaka-tsubakino,湯田中温泉 ホテル椿野,Hotel Tsubakino,yudanaka-shibu,長野県,ryokan hotel,Tier 1,객실 노천탕과 전망 대욕장 후보,Jalan Nagano keyword source,needs_official_crosscheck,nationwide_accommodation_batch_e_v0_6_2026-07-03.csv
yudanaka-aburaya-tousen,湯田中温泉 あぶらや燈千,Aburaya Tousen,yudanaka-shibu,長野県,ryokan,Tier 1,객실 노천탕과 옥상 노천탕 후보,regional OTA source,needs_official_crosscheck,nationwide_accommodation_batch_e_v0_6_2026-07-03.csv
shibu-kokuya,渋温泉 古久屋,Kokuya,yudanaka-shibu,長野県,ryokan,Tier 1,다원천 내탕과 객실탕 후보,regional high-value source,needs_official_crosscheck,nationwide_accommodation_batch_e_v0_6_2026-07-03.csv
shibu-kanaguya,渋温泉 歴史の宿 金具屋,Kanaguya,yudanaka-shibu,長野県,historic ryokan,Tier 1,역사 건축과 다욕장 온천 후보,regional high-demand source,needs_official_crosscheck,nationwide_accommodation_batch_e_v0_6_2026-07-03.csv
shibu-sakaeya,渋温泉 春蘭の宿さかえや,Sakaeya,yudanaka-shibu,長野県,ryokan,Tier 1,객실 노천탕과 외탕 순례 후보,regional OTA source,needs_official_crosscheck,nationwide_accommodation_batch_e_v0_6_2026-07-03.csv
shibu-ichinoyu-katei,渋温泉 一乃湯 果亭,Ichinoyu Katei,yudanaka-shibu,長野県,ryokan,Tier 2,전통 료칸과 외탕 순례 후보,regional OTA source,needs_source_crosscheck,nationwide_accommodation_batch_e_v0_6_2026-07-03.csv
bessho-nakamatsuya,別所温泉 旅館中松屋,Nakamatsuya,bessho,長野県,ryokan,Tier 1,전망 대욕장과 가족 수요 후보,regional OTA source,needs_source_crosscheck,nationwide_accommodation_batch_e_v0_6_2026-07-03.csv
bessho-nanjo-ryokan,別所温泉 旅館花屋,Ryokan Hanaya,bessho,長野県,historic ryokan,Tier 1,문화재급 목조 료칸과 원천탕 후보,regional high-value source,needs_official_crosscheck,nationwide_accommodation_batch_e_v0_6_2026-07-03.csv
bessho-kashiwaya-honten,別所温泉 かしわや本店,Kashiwaya Honten,bessho,長野県,ryokan,Tier 1,객실 노천탕과 전통 료칸 후보,regional OTA source,needs_official_crosscheck,nationwide_accommodation_batch_e_v0_6_2026-07-03.csv
shirahonet-onsen-awano-yu,白骨温泉 泡の湯,Awanoyu,shirahonet,長野県,ryokan,Tier 1,대형 혼욕 노천과 백탁 온천 신호,regional high-demand source,needs_official_crosscheck,nationwide_accommodation_batch_e_v0_6_2026-07-03.csv
shirahonet-sasaya,白骨温泉 湯元齋藤旅館,Yumoto Saito Ryokan,shirahonet,長野県,ryokan,Tier 1,백탁 원천과 고급 료칸 후보,regional OTA source,needs_official_crosscheck,nationwide_accommodation_batch_e_v0_6_2026-07-03.csv
shirahonet-tsuruya,白骨温泉 白船荘新宅旅館,Shirafuneso Shintaku Ryokan,shirahonet,長野県,ryokan,Tier 2,백탁 대욕장과 산악 온천 후보,regional OTA source,needs_source_crosscheck,nationwide_accommodation_batch_e_v0_6_2026-07-03.csv
echigo-yuzawa-nakaya,越後湯沢温泉 一望千里 御湯宿 中屋,Oyado Nakaya,echigo-yuzawa,新潟県,ryokan,Tier 1,객실 노천탕과 전망 온천 후보,Rakuten Echigo Yuzawa room-open-air source,needs_official_crosscheck,nationwide_accommodation_batch_e_v0_6_2026-07-03.csv
echigo-yuzawa-ryugon,ryugon,ryugon,echigo-yuzawa,新潟県,luxury ryokan,Tier 1,설국 고택형 료칸과 온천 체류 후보,Rakuten Echigo Yuzawa source,needs_official_crosscheck,nationwide_accommodation_batch_e_v0_6_2026-07-03.csv
echigo-yuzawa-quattro,四季Yuzawa QUATTRO,Shiki Yuzawa Quattro,echigo-yuzawa,新潟県,luxury suite ryokan,Tier 1,전실 원천가케나가시 노천과 내탕 후보,Rakuten MyTrip Niigata source,needs_official_crosscheck,nationwide_accommodation_batch_e_v0_6_2026-07-03.csv
echigo-yuzawa-hatago-isen,越後湯澤 HATAGO井仙,HATAGO Isen,echigo-yuzawa,新潟県,ryokan hotel,Tier 1,역앞 온천숙소와 대욕장 후보,regional OTA source,needs_source_crosscheck,nationwide_accommodation_batch_e_v0_6_2026-07-03.csv
echigo-yuzawa-takahan,越後湯沢温泉 雪国の宿 高半,Takahan,echigo-yuzawa,新潟県,historic ryokan,Tier 1,원천가케나가시와 설국 문학성 후보,regional high-demand source,needs_official_crosscheck,nationwide_accommodation_batch_e_v0_6_2026-07-03.csv
tsukioka-kahou,月岡温泉 白玉の湯 華鳳,Kahou,tsukioka,新潟県,luxury ryokan,Tier 1,에메랄드 온천과 대형 고급 대욕장 후보,regional OTA source,needs_official_crosscheck,nationwide_accommodation_batch_e_v0_6_2026-07-03.csv
tsukioka-senkei,月岡温泉 摩周,Mashu,tsukioka,新潟県,ryokan,Tier 1,황화수소계 미인탕과 고급 료칸 후보,regional OTA source,needs_official_crosscheck,nationwide_accommodation_batch_e_v0_6_2026-07-03.csv
tsukioka-seifuen,月岡温泉 ホテル清風苑,Hotel Seifuen,tsukioka,新潟県,ryokan hotel,Tier 2,대형 온천호텔과 가족 수요 후보,regional OTA source,needs_source_crosscheck,nationwide_accommodation_batch_e_v0_6_2026-07-03.csv
tsukioka-hisagoso,月岡温泉 ひさご荘,Hisagoso,tsukioka,新潟県,ryokan,Tier 2,소규모 료칸과 월오카 온천 후보,regional OTA source,needs_source_crosscheck,nationwide_accommodation_batch_e_v0_6_2026-07-03.csv
senami-haginoya,瀬波温泉 瀬波グランドホテル はぎのや,Haginoya,senami,新潟県,ryokan hotel,Tier 1,객실 노천탕 다수와 일본해 해안 온천 후보,Rakuten Kaetsu source,needs_official_crosscheck,nationwide_accommodation_batch_e_v0_6_2026-07-03.csv
senami-taikanso,瀬波温泉 大観荘せなみの湯,Taikanso Senami no Yu,senami,新潟県,large ryokan,Tier 1,일본해 전망 노천탕 후보,regional OTA source,needs_official_crosscheck,nationwide_accommodation_batch_e_v0_6_2026-07-03.csv
senami-seiunsou,瀬波温泉 くつろぎの宿 旅館 静雲荘,Seiunsou,senami,新潟県,ryokan,Tier 1,해변 객실 노천탕 후보,Rakuten Niigata rotsuki source,needs_official_crosscheck,nationwide_accommodation_batch_e_v0_6_2026-07-03.csv
yamashiro-araya-totoan,山代温泉 あらや滔々庵,Araya Totoan,yamashiro,石川県,luxury ryokan,Tier 1,야마시로 대표 고급 료칸과 원천 후보,Ikkyu Yamashiro ranking source,needs_official_crosscheck,nationwide_accommodation_batch_e_v0_6_2026-07-03.csv
yamashiro-beniya-mukayu,山代温泉 べにや無何有,Beniya Mukayu,yamashiro,石川県,luxury ryokan,Tier 1,객실 노천탕과 고급 온천 체류 후보,Ikkyu Yamashiro ranking source,needs_official_crosscheck,nationwide_accommodation_batch_e_v0_6_2026-07-03.csv
yamashiro-yunokuni-tensyo,山代温泉 ゆのくに天祥,Yunokuni Tensyo,yamashiro,石川県,large ryokan,Tier 1,복수 대욕장과 객실 노천탕 후보,Ikkyu Yamashiro ranking source,needs_official_crosscheck,nationwide_accommodation_batch_e_v0_6_2026-07-03.csv
yamashiro-rurikoh,山代温泉 瑠璃光,Rurikoh,yamashiro,石川県,ryokan hotel,Tier 1,대욕장과 노천 객실 후보,Ikkyu Yamashiro ranking source,needs_official_crosscheck,nationwide_accommodation_batch_e_v0_6_2026-07-03.csv
yamashiro-hatori,山代温泉 葉渡莉,Hatori,yamashiro,石川県,ryokan,Tier 2,대욕장과 야마시로 온천가 접근성 후보,Ikkyu Yamashiro ranking source,needs_source_crosscheck,nationwide_accommodation_batch_e_v0_6_2026-07-03.csv
yamanaka-kayotei,山中温泉 花紫,Hanamurasaki,yamanaka,石川県,luxury ryokan,Tier 1,계곡 전망 고급 료칸과 객실 노천탕 후보,regional OTA source,needs_official_crosscheck,nationwide_accommodation_batch_e_v0_6_2026-07-03.csv
yamanaka-kissho-yamanaka,山中温泉 吉祥やまなか,Kissho Yamanaka,yamanaka,石川県,ryokan,Tier 1,대욕장과 대절탕 후보,regional OTA source,needs_official_crosscheck,nationwide_accommodation_batch_e_v0_6_2026-07-03.csv
yamanaka-kagari-kisshotei,山中温泉 かがり吉祥亭,Kagari Kisshotei,yamanaka,石川県,ryokan,Tier 1,계곡 노천탕과 가족 수요 후보,regional OTA source,needs_official_crosscheck,nationwide_accommodation_batch_e_v0_6_2026-07-03.csv
yamanaka-ohanami-kyubei,山中温泉 お花見久兵衛,Ohanami Kyubei,yamanaka,石川県,ryokan,Tier 2,대욕장과 노천탕 후보,Ikkyu Hokuriku open-air source,needs_source_crosscheck,nationwide_accommodation_batch_e_v0_6_2026-07-03.csv
wakura-kagaya,和倉温泉 加賀屋,Kagaya,wakura,石川県,luxury ryokan,Tier 1,전국 인지도 높은 대형 고급 온천 료칸 후보,regional high-demand source,needs_official_crosscheck,nationwide_accommodation_batch_e_v0_6_2026-07-03.csv
wakura-niji-to-umi,和倉温泉 虹と海,Niji to Umi,wakura,石川県,ryokan hotel,Tier 1,바다 전망 대욕장과 현대형 료칸 후보,regional OTA source,needs_source_crosscheck,nationwide_accommodation_batch_e_v0_6_2026-07-03.csv
wakura-notoraku,和倉温泉 ホテル海望,Hotel Kaibo,wakura,石川県,ryokan hotel,Tier 2,바다 전망 대욕장 후보,regional OTA source,needs_source_crosscheck,nationwide_accommodation_batch_e_v0_6_2026-07-03.csv
katayamazu-morimoto,片山津温泉 湖畔の宿 森本,Kohan no Yado Morimoto,katayamazu,石川県,ryokan,Tier 1,호수 전망 온천과 객실 후보,Ikkyu Hokuriku open-air source,needs_official_crosscheck,nationwide_accommodation_batch_e_v0_6_2026-07-03.csv
katayamazu-kasuisou,片山津温泉 季がさね,Toki Kasane,katayamazu,石川県,ryokan,Tier 2,시바야마가타 전망 대욕장 후보,regional OTA source,needs_source_crosscheck,nationwide_accommodation_batch_e_v0_6_2026-07-03.csv
unazuki-yamanoi,宇奈月温泉 延楽,Enraku,unazuki,富山県,luxury ryokan,Tier 1,구로베 협곡 전망 노천탕 후보,regional OTA source,needs_official_crosscheck,nationwide_accommodation_batch_e_v0_6_2026-07-03.csv
unazuki-suginoi,宇奈月温泉 やまのは,Yamanoha,unazuki,富山県,ryokan hotel,Tier 1,협곡 전망 대형 온천호텔 후보,regional OTA source,needs_official_crosscheck,nationwide_accommodation_batch_e_v0_6_2026-07-03.csv
unazuki-kurobe-unazukionsen-yamanoi,黒部・宇奈月温泉 桃源,Togen,unazuki,富山県,ryokan,Tier 2,구로베 강변 온천 후보,regional OTA source,needs_source_crosscheck,nationwide_accommodation_batch_e_v0_6_2026-07-03.csv
amaharashi-iso-hanabi,雨晴温泉 磯はなび,Iso Hanabi,amaharashi,富山県,ryokan hotel,Tier 1,바다 전망 노천탕과 도야마만 조망 후보,Ikkyu Hokuriku source,needs_official_crosscheck,nationwide_accommodation_batch_e_v0_6_2026-07-03.csv
misasa-izanro-iwasaki,三朝温泉 依山楼岩崎,Izanro Iwasaki,misasa,鳥取県,ryokan,Tier 1,라듐 온천과 대형 회유식 대욕장 후보,Jalan Chugoku/Shikoku source,needs_official_crosscheck,nationwide_accommodation_batch_e_v0_6_2026-07-03.csv
misasa-mansuirou,三朝温泉 万翆楼,Mansuirou,misasa,鳥取県,ryokan,Tier 1,객실 노천탕과 라듐 온천 후보,regional OTA source,needs_official_crosscheck,nationwide_accommodation_batch_e_v0_6_2026-07-03.csv
misasa-saiki-bekkan,三朝温泉 斉木別館,Saiki Bekkan,misasa,鳥取県,ryokan,Tier 1,정원 대욕장과 전통 료칸 후보,regional OTA source,needs_source_crosscheck,nationwide_accommodation_batch_e_v0_6_2026-07-03.csv
misasa-kouraku,三朝温泉 後楽,Kouraku,misasa,鳥取県,ryokan,Tier 2,라듐 온천 숙박 후보,regional OTA source,needs_source_crosscheck,nationwide_accommodation_batch_e_v0_6_2026-07-03.csv
kaike-shiontei,皆生温泉 やど紫苑亭,Yado Shiontei,kaike,鳥取県,luxury ryokan,Tier 1,고급 객실탕과 해안 온천 후보,Jalan Chugoku/Shikoku source,needs_official_crosscheck,nationwide_accommodation_batch_e_v0_6_2026-07-03.csv
kaike-kasuitei,皆生温泉 華水亭,Kasuitei,kaike,鳥取県,ryokan hotel,Tier 1,바다 전망 대욕장과 객실 노천탕 후보,regional OTA source,needs_official_crosscheck,nationwide_accommodation_batch_e_v0_6_2026-07-03.csv
kaike-yurari,皆生温泉 海色・湯の宿 松月,Shogetsu,kaike,鳥取県,ryokan,Tier 1,해안 객실탕과 전망 온천 후보,regional OTA source,needs_official_crosscheck,nationwide_accommodation_batch_e_v0_6_2026-07-03.csv
tamatsukuri-kasuien-minami,玉造温泉 佳翠苑皆美,Kasuien Minami,tamatsukuri,島根県,luxury ryokan,Tier 1,옥상 노천탕과 미인탕 후보,Jalan Chugoku room-open-air source,needs_official_crosscheck,nationwide_accommodation_batch_e_v0_6_2026-07-03.csv
tamatsukuri-hoseikan,玉造温泉 保性館,Hoseikan,tamatsukuri,島根県,ryokan,Tier 2,역사 료칸과 대욕장 후보,regional OTA source,needs_source_crosscheck,nationwide_accommodation_batch_e_v0_6_2026-07-03.csv
tamatsukuri-chorakuen,玉造温泉 湯之助の宿 長楽園,Chorakuen,tamatsukuri,島根県,ryokan,Tier 1,대형 혼욕 노천과 미인탕 후보,regional high-demand source,needs_official_crosscheck,nationwide_accommodation_batch_e_v0_6_2026-07-03.csv
tamatsukuri-konya,玉造温泉 曲水の庭 ホテル玉泉,Hotel Gyokusen,tamatsukuri,島根県,large ryokan,Tier 1,대형 대욕장과 정원 온천 후보,regional OTA source,needs_source_crosscheck,nationwide_accommodation_batch_e_v0_6_2026-07-03.csv
tamatsukuri-yunosuke,玉造グランドホテル長生閣,Choseikaku,tamatsukuri,島根県,ryokan hotel,Tier 1,메노우 욕조와 미인탕 후보,regional OTA source,needs_official_crosscheck,nationwide_accommodation_batch_e_v0_6_2026-07-03.csv
yubara-kikunoyu,湯原温泉 湯原国際観光ホテル菊之湯,Kikunoyu,yubara,岡山県,ryokan hotel,Tier 2,스나유 접근성과 대욕장 후보,regional OTA source,needs_source_crosscheck,nationwide_accommodation_batch_e_v0_6_2026-07-03.csv
yubara-aburaya,湯原温泉 八景,Hakkei,yubara,岡山県,ryokan,Tier 1,강변 노천과 스나유 접근성 후보,regional OTA source,needs_official_crosscheck,nationwide_accommodation_batch_e_v0_6_2026-07-03.csv
yubara-yubaranoyado-komeya,湯原温泉 湯原の宿 米屋,Komeya,yubara,岡山県,ryokan,Tier 2,전통 료칸과 온천가 후보,regional OTA source,needs_source_crosscheck,nationwide_accommodation_batch_e_v0_6_2026-07-03.csv
yuda-matsudaya,湯田温泉 松田屋ホテル,Matsudaya Hotel,yuda,山口県,historic ryokan,Tier 1,정원 노천탕과 역사 료칸 후보,regional high-value source,needs_official_crosscheck,nationwide_accommodation_batch_e_v0_6_2026-07-03.csv
yuda-kamefuku,湯田温泉 ユウベルホテル松政,Yubell Hotel Matsumasa,yuda,山口県,ryokan hotel,Tier 1,대욕장과 도심 온천 접근성 후보,regional OTA source,needs_source_crosscheck,nationwide_accommodation_batch_e_v0_6_2026-07-03.csv
yuda-nishinomiyabi-tokiwa,湯田温泉 西の雅 常盤,Nishi no Miyabi Tokiwa,yuda,山口県,ryokan hotel,Tier 2,대형 온천호텔과 쇼 요소 후보,regional OTA source,needs_source_crosscheck,nationwide_accommodation_batch_e_v0_6_2026-07-03.csv
ureshino-wataya-besso,嬉野温泉 和多屋別荘,Wataya Besso,ureshino,佐賀県,large ryokan,Tier 1,미인탕과 대형 료칸 후보,regional OTA source,needs_official_crosscheck,nationwide_accommodation_batch_e_v0_6_2026-07-03.csv
ureshino-oyado-nonoka,嬉野温泉 大正屋,Taishoya,ureshino,佐賀県,ryokan,Tier 1,우레시노 대표 료칸과 대욕장 후보,regional high-demand source,needs_official_crosscheck,nationwide_accommodation_batch_e_v0_6_2026-07-03.csv
ureshino-shiibasanso,嬉野温泉 椎葉山荘,Shiibasanso,ureshino,佐賀県,ryokan,Tier 1,계곡 노천탕과 조용한 체류 후보,regional OTA source,needs_official_crosscheck,nationwide_accommodation_batch_e_v0_6_2026-07-03.csv
ureshino-hamilton,嬉野温泉 ハミルトン宇礼志野,Hamilton Ureshino,ureshino,佐賀県,hotel ryokan,Tier 2,양관형 온천호텔과 미인탕 후보,regional OTA source,needs_source_crosscheck,nationwide_accommodation_batch_e_v0_6_2026-07-03.csv
takeo-koyokaku,武雄温泉 懐石宿 扇屋,Kaiseki Yado Ogiya,takeo,佐賀県,luxury ryokan,Tier 1,요리 료칸과 온천 체류 후보,regional OTA source,needs_official_crosscheck,nationwide_accommodation_batch_e_v0_6_2026-07-03.csv
takeo-mifuneyama-rakuen,御船山楽園ホテル,Mifuneyama Rakuen Hotel,takeo,佐賀県,hotel ryokan,Tier 1,사우나와 온천 리조트 수요 후보,regional high-demand source,needs_official_crosscheck,nationwide_accommodation_batch_e_v0_6_2026-07-03.csv
takeo-kyotoya,武雄温泉 京都屋,Kyotoya,takeo,佐賀県,ryokan,Tier 2,레트로 료칸과 대욕장 후보,regional OTA source,needs_source_crosscheck,nationwide_accommodation_batch_e_v0_6_2026-07-03.csv
ginzan-fujiya,銀山温泉 藤屋,Fujiya,ginzan,山形県,luxury ryokan,Tier 1,건축성 높은 온천료칸과 객실탕 후보,regional high-demand source,needs_official_crosscheck,nationwide_accommodation_batch_e_v0_6_2026-07-03.csv
ginzan-notoya,銀山温泉 能登屋旅館,Notoya Ryokan,ginzan,山形県,historic ryokan,Tier 1,상징적 목조 료칸과 온천가 후보,regional high-demand source,needs_official_crosscheck,nationwide_accommodation_batch_e_v0_6_2026-07-03.csv
ginzan-kosekiya,銀山温泉 古勢起屋別館,Kosekiya Bekkan,ginzan,山形県,ryokan,Tier 1,온천가 중심 전통 료칸 후보,regional OTA source,needs_source_crosscheck,nationwide_accommodation_batch_e_v0_6_2026-07-03.csv
zao-miyagiya,蔵王温泉 深山荘高見屋,Miyamaso Takamiya,zao-yamagata,山形県,ryokan,Tier 1,강산성 유황천과 전통 료칸 후보,regional OTA source,needs_official_crosscheck,nationwide_accommodation_batch_e_v0_6_2026-07-03.csv
zao-lucent,蔵王温泉 蔵王国際ホテル,Zao Kokusai Hotel,zao-yamagata,山形県,ryokan hotel,Tier 1,백탁 유황 대욕장과 스키 수요 후보,regional OTA source,needs_official_crosscheck,nationwide_accommodation_batch_e_v0_6_2026-07-03.csv
zao-wakamatsuya,蔵王温泉 堺屋森のホテルヴァルトベルク,Wald Berg,zao-yamagata,山形県,ryokan hotel,Tier 2,고지대 유황천과 노천탕 후보,regional OTA source,needs_source_crosscheck,nationwide_accommodation_batch_e_v0_6_2026-07-03.csv
kaminoyama-koyo,かみのやま温泉 日本の宿 古窯,Koyo,kaminoyama,山形県,large ryokan,Tier 1,대형 고급 료칸과 전망 대욕장 후보,regional OTA source,needs_official_crosscheck,nationwide_accommodation_batch_e_v0_6_2026-07-03.csv
kaminoyama-meigetsuso,かみのやま温泉 名月荘,Meigetsuso,kaminoyama,山形県,luxury ryokan,Tier 1,고급 객실 노천탕 후보,regional high-end source,needs_official_crosscheck,nationwide_accommodation_batch_e_v0_6_2026-07-03.csv
sukayu-onsen,酸ヶ湯温泉旅館,Sukayu Onsen Ryokan,sukayu,青森県,historic ryokan,Tier 1,히바센닌부로와 강산성 온천 후보,regional high-demand source,needs_official_crosscheck,nationwide_accommodation_batch_e_v0_6_2026-07-03.csv
asamushi-kaisenkaku,浅虫温泉 南部屋・海扇閣,Kaisenkaku,asamushi,青森県,ryokan hotel,Tier 1,무쓰만 전망 대욕장 후보,regional OTA source,needs_official_crosscheck,nationwide_accommodation_batch_e_v0_6_2026-07-03.csv
asamushi-tatsumikan,浅虫温泉 椿館,Tsubakikan,asamushi,青森県,ryokan,Tier 2,전통 료칸과 대욕장 후보,regional OTA source,needs_source_crosscheck,nationwide_accommodation_batch_e_v0_6_2026-07-03.csv
hanamaki-yusen-shidate,志戸平温泉 游泉志だて,Yusen Shidate,hanamaki,岩手県,luxury ryokan,Tier 1,전실 노천탕과 계류 온천 후보,regional OTA source,needs_official_crosscheck,nationwide_accommodation_batch_e_v0_6_2026-07-03.csv
hanamaki-kashoen,花巻温泉 佳松園,Kashoen,hanamaki,岩手県,luxury ryokan,Tier 1,고급 료칸과 대욕장 후보,regional OTA source,needs_official_crosscheck,nationwide_accommodation_batch_e_v0_6_2026-07-03.csv
hanamaki-osawa-onsen,大沢温泉 山水閣,Osawa Onsen Sansuikaku,hanamaki,岩手県,ryokan,Tier 1,자취부 병설 탕치와 강변 노천 후보,regional high-demand source,needs_official_crosscheck,nationwide_accommodation_batch_e_v0_6_2026-07-03.csv
tsunagi-shikitei,つなぎ温泉 四季亭,Shikitei,tsunagi,岩手県,ryokan,Tier 1,모리오카 접근성과 전통 료칸 후보,regional OTA source,needs_official_crosscheck,nationwide_accommodation_batch_e_v0_6_2026-07-03.csv
higashiyama-mukaitaki,会津東山温泉 向瀧,Mukaitaki,higashiyama,福島県,historic ryokan,Tier 1,문화재급 목조 료칸과 원천탕 후보,regional high-value source,needs_official_crosscheck,nationwide_accommodation_batch_e_v0_6_2026-07-03.csv
higashiyama-shosuke,会津東山温泉 庄助の宿 瀧の湯,Takinoyu,higashiyama,福島県,ryokan,Tier 1,폭포 전망 노천탕과 대욕장 후보,regional OTA source,needs_official_crosscheck,nationwide_accommodation_batch_e_v0_6_2026-07-03.csv
iizaka-yoshikawaya,飯坂温泉 摺上亭大鳥,Surikamitei Ohtori,iizaka,福島県,ryokan hotel,Tier 1,대형 대욕장과 후쿠시마 접근성 후보,regional OTA source,needs_source_crosscheck,nationwide_accommodation_batch_e_v0_6_2026-07-03.csv
iizaka-horikiri,飯坂温泉 祭屋湯左衛門,Matsuriya Yuzaemon,iizaka,福島県,ryokan,Tier 2,지역 온천가와 대욕장 후보,regional OTA source,needs_source_crosscheck,nationwide_accommodation_batch_e_v0_6_2026-07-03.csv
