kind,queue_rank,slug,name_ja,area_slug,prefecture,official_url,primary_review_or_ota_url,secondary_url,official_bath_or_product_fact,visible_review_pool_observation,verification_result,next_status,notes,source_urls
accommodation,251,izu-nagaoka-yoshiharu,湯めぐりの宿 吉春,izu-nagaoka,静岡県,https://www.izunagaoka-yoshiharu.co.jp/,https://travel.rakuten.co.jp/HOTEL/31173/review.html,https://travel.rakuten.co.jp/HOTEL/31173/31173.html,公式/Rakutenで5つの貸切露天風呂、10の露天風呂付き客室、岩盤浴、足湯、湯めぐり型の温泉旅館を確認,"Rakuten/Yahoo surfaces mention room terrace open-air, public bath and private open-air repeated use, soft water, many baths and high bath score",official_and_high_volume_ota_bath_surface_confirmed,ready_for_deep_review_with_private_bath_split,貸切露天5つ、客室露天、大浴場、岩盤浴、足湯が混在。予約不要/空き利用の貸切風呂導線と客室露天を分ける,https://www.izunagaoka-yoshiharu.co.jp/ ; https://travel.rakuten.co.jp/HOTEL/31173/review.html ; https://travel.rakuten.co.jp/HOTEL/31173/31173.html ; https://travel.rakuten.co.jp/HOTEL/31173/CUSTOM/GW31173170922143549.html ; https://travel.yahoo.co.jp/00000913/
accommodation,252,kaike-kasuitei,皆生温泉 華水亭,kaike,鳥取県,https://kaikeonsenkasuitei.jp/,https://travel.rakuten.co.jp/HOTEL/2038/review.html,https://travel.rakuten.co.jp/HOTEL/2038/2038_onsen.html,公式/Rakutenで自家源泉の露天風呂、露天風呂付き客室、日本海を一望できる展望大浴場、露天風呂、サウナ、家族風呂を確認,"Rakuten surface mentions sea-view rooms and open-air view satisfaction, food and service strength; bath proposition is public sea-view plus room open-air",official_and_high_volume_ota_bath_surface_confirmed,ready_for_deep_review_with_view_room_bath_split,日本海展望大浴場と自家源泉露天が中心。露天風呂付き客室、家族風呂、サウナ、海ビューを分ける,https://kaikeonsenkasuitei.jp/ ; https://travel.rakuten.co.jp/HOTEL/2038/review.html ; https://travel.rakuten.co.jp/HOTEL/2038/2038.html ; https://travel.rakuten.co.jp/HOTEL/2038/2038_onsen.html
accommodation,253,kaike-shiontei,皆生温泉 やど紫苑亭,kaike,鳥取県,https://yado-shiontei.jp/,https://www.ikyu.com/00002863/,https://travel.yahoo.co.jp/00002863/review/,公式で1日10室限定、客室露天/内風呂で天然温泉、1日1組限定の源泉かけ流し貸切温泉を確認,"Ikkyu/Yahoo surfaces mention private bath highly satisfying, room semi-open-air depth adjustment, high-end crab/kaiseki and premium service",official_and_multi_ota_bath_surface_confirmed,ready_for_deep_review_with_private_bath_fee_split,高級小規模宿。客室内温泉、源泉かけ流し貸切温泉、貸切別料金、料理長演出/蟹会席を分ける,https://yado-shiontei.jp/ ; https://www.ikyu.com/00002863/ ; https://travel.yahoo.co.jp/00002863/review/ ; https://www.instagram.com/kaike_yado_shiontei/
accommodation,254,kaike-yugetsu,皆生游月,kaike,鳥取県,https://kaike-yugetsu.jp/,https://travel.rakuten.co.jp/HOTEL/168732/review.html,https://travel.rakuten.co.jp/HOTEL/168732/168732.html,公式/Rakutenで全室オーシャンビュー、全室温泉露天風呂、インフィニティ天空露天風呂を確認。ただし大浴場/天空露天は循環式、客室テラス露天は溜め湯式でかけ流しではない,Rakuten surfaces mention rooftop infinity open-air and location as strong positives; room open-air also praised but official FAQ limits source-flow interpretation,official_and_high_volume_ota_bath_surface_confirmed,ready_for_deep_review_with_circulation_and_tameyu_split,全室温泉露天だが源泉かけ流しではない。大浴場/天空露天の循環式、客室露天の溜め湯式、茶褐色濁り、海ビューを分ける,https://kaike-yugetsu.jp/ ; https://kaike-yugetsu.jp/rooms/ ; https://travel.rakuten.co.jp/HOTEL/168732/review.html ; https://travel.rakuten.co.jp/HOTEL/168732/168732.html ; https://travel.rakuten.co.jp/HOTEL/168732/168732_onsen.html
accommodation,255,kaike-yurari,皆生温泉 海色・湯の宿 松月,kaike,鳥取県,https://www.shogetsu.co.jp/,https://travel.rakuten.co.jp/HOTEL/5666/review.html,https://travel.rakuten.co.jp/HOTEL/5666/5666.html,公式/Rakutenで最上階の日本海/大山眺望大浴場、露天風呂、4つの貸切温泉露天風呂、露天風呂付客室を確認,"Rakuten surfaces mention many bath types, rooftop public bath and private baths, and use of sister property Yugetsu bath; food and sea-view signals also strong",official_and_high_volume_ota_bath_surface_confirmed,slug_identity_recheck_then_ready_for_deep_review,slugはkaike-yurariだが日本語名/公式は皆生松月。松月として整理が必要。眺望大浴場、4貸切露天、客室露天、姉妹館游月利用を分ける,https://www.shogetsu.co.jp/ ; https://travel.rakuten.co.jp/HOTEL/5666/review.html ; https://travel.rakuten.co.jp/HOTEL/5666/5666.html ; https://www.jalan.net/yad334440/
accommodation,256,toba-todaya,戸田家,toba,三重県,https://www.todaya.co.jp/,https://travel.rakuten.co.jp/HOTEL/4761/review.html,https://travel.rakuten.co.jp/HOTEL/4761/4761.html,公式/Rakutenで鳥羽温泉郷の大型旅館、5種類の無料貸切風呂、2種類の有料貸切風呂、温泉村の湯めぐり、大浴場を確認,"Rakuten surfaces mention family travel, food strength, free private baths and bath-village expectation; negative checks should focus on crowding/aging/flow",official_and_high_volume_ota_bath_surface_confirmed,ready_for_deep_review_with_bath_village_flow_split,大型温泉ホテル。無料貸切風呂5、有料貸切2、大浴場、温泉村、プール/食事/家族利用を分ける,https://www.todaya.co.jp/ ; https://travel.rakuten.co.jp/HOTEL/4761/review.html ; https://travel.rakuten.co.jp/HOTEL/4761/4761.html ; https://www.todaya.co.jp/rakuten_travel/room/ ; https://travel.rakuten.co.jp/HOTEL/4761/TOPIC/
accommodation,257,shirahama-kawakyu,ホテル川久,shirahama,和歌山県,https://www.hotel-kawakyu.jp/,https://travel.rakuten.co.jp/HOTEL/14111/review.html,https://travel.rakuten.co.jp/HOTEL/14111/14111_onsen.html,楽天/公式系表面で温泉サロンROYAL SPA、田辺湾を望む露天風呂、岩露天風呂、温泉露天風呂付きスパスイートを確認,"Rakuten surfaces mention bath gender-switching, royal/luxury bath atmosphere, buffet strength and occasional room-service/cleanliness detail checks",official_and_high_volume_ota_bath_surface_confirmed,ready_for_deep_review_with_luxury_resort_bath_split,豪華リゾート型。温泉サロン2系統、田辺湾ビュー露天、岩露天、露天風呂付きスイート、王様のビュッフェ信号を分ける,https://www.hotel-kawakyu.jp/ ; https://travel.rakuten.co.jp/HOTEL/14111/review.html ; https://travel.rakuten.co.jp/HOTEL/14111/14111.html ; https://travel.rakuten.co.jp/HOTEL/14111/14111_onsen.html
accommodation,258,shirahama-key-terrace,SHIRAHAMA KEY TERRACE HOTEL SEAMORE,shirahama,和歌山県,https://www.keyterrace.co.jp/,https://travel.rakuten.co.jp/HOTEL/166965/review.html,https://travel.rakuten.co.jp/HOTEL/166965/166965_onsen.html,公式/Rakutenで源泉掛け流しの海絶景温泉、大浴場、露天風呂、サウナ、足湯、岩盤浴系設備を確認,"Rakuten surfaces mention ocean-view footbath, wide baths with partitioned washing area, sea-wind open-air view, buffet and resort lounge value",official_and_high_volume_ota_bath_surface_confirmed,ready_for_deep_review_with_dayuse_and_footbath_split,大型海景リゾート。源泉掛け流し大浴場/露天、足湯、サウナ、岩盤浴、日帰り/レジデンス利用導線を分ける,https://www.keyterrace.co.jp/ ; https://travel.rakuten.co.jp/HOTEL/166965/review.html ; https://travel.rakuten.co.jp/HOTEL/166965/166965_onsen.html ; https://travel.rakuten.co.jp/HOTEL/173031/gallery.html
accommodation,259,shirahama-yanagiya,白浜温泉 家族とすごす白浜の宿 柳屋,shirahama,和歌山県,https://www.yanagiya-hotel.jp/,https://travel.rakuten.co.jp/HOTEL/9133/review.html,https://www.jalan.net/yad364545/,公式/Rakuten/Jalanで大浴場・露天風呂等すべての湯船が源泉掛け流し、客室露天風呂付き久遠、貸切風呂、家族向け宿を確認,"Rakuten/Jalan surfaces mention room open-air skin-smooth satisfaction, child/family friendliness, all-ocean-view and 100% source-flow appeal",official_and_high_volume_ota_bath_surface_confirmed,ready_for_deep_review_with_room_type_source_split,温泉露天風呂付客室と沸かし湯半露天客室が混在するため部屋タイプを必ず分ける。源泉掛け流し大浴場/客室久遠/貸切風呂/子連れを分ける,https://www.yanagiya-hotel.jp/ ; https://www.yanagiya-hotel.jp/rooms/ ; https://travel.rakuten.co.jp/HOTEL/9133/review.html ; https://travel.rakuten.co.jp/HOTEL/9133/9133.html ; https://www.jalan.net/yad364545/ ; https://www.shirahama-ryokan.jp/yado/yanagiya.html
accommodation,260,akiu-hotel-zuiho,仙台 秋保温泉 ホテル瑞鳳,akiu,宮城県,https://www.zuiho.jp/,https://travel.rakuten.co.jp/HOTEL/30766/review.html,https://www.jalan.net/yad309236/kuchikomi/,公式/Rakuten/Jalanで日本庭園の中の6つの露天風呂、広い大浴場、サウナ、秋保温泉、別館櫻離宮の露天風呂付き客室連携を確認,"Jalan shows very large visible pool; reviews mention many open-air baths, standing bath, buffet scale, wide building, and Sakurarikyu room open-air vs main-building public bath split",official_and_high_volume_multi_ota_bath_surface_confirmed,ready_for_deep_review_with_sakurarikyu_split,本館大型温泉ホテルと櫻離宮を分ける。6露天、大浴場、立ち湯、サウナ、混雑/広い館内、ビュッフェ導線を確認,https://www.zuiho.jp/ ; https://www.sakurarikyu.com/ ; https://travel.rakuten.co.jp/HOTEL/30766/review.html ; https://travel.rakuten.co.jp/HOTEL/30766/30766.html ; https://www.jalan.net/yad309236/kuchikomi/ ; https://travel.rakuten.co.jp/HOTEL/128486/review.html ; https://www.jalan.net/yad382760/
accommodation,261,akiu-ryokusuitei,仙台 秋保温泉 篝火の湯 緑水亭,akiu,宮城県,https://www.ryokusuitei.co.jp/,https://travel.rakuten.co.jp/HOTEL/15989/review.html,https://travel.yahoo.co.jp/00002196/review/,公式/Rakutenで東日本屈指の広さを誇る露天風呂「篝火の湯」、天然温泉、美肌の湯、秋保温泉高台の一軒宿を確認,"Rakuten/Yahoo surfaces mention illuminated outdoor bath, long walk/downstairs to open-air, bear/scary night concern, and a review says room open-air was not onsen while public bath warmed well",official_and_high_volume_ota_bath_surface_confirmed,room_open_air_not_onsen_check_and_public_bath_split,露天風呂付き客室を温泉扱いしない。篝火の湯/大浴場/客室露天非温泉/夜間導線/熊や階段不安を分ける,https://www.ryokusuitei.co.jp/ ; https://travel.rakuten.co.jp/HOTEL/15989/review.html ; https://travel.rakuten.co.jp/HOTEL/15989/15989.html ; https://travel.yahoo.co.jp/00002196/review/
accommodation,262,isawa-hotel-fuji,ホテルふじ,isawa,山梨県,https://www.hotel-fuji.jp/,https://travel.rakuten.co.jp/HOTEL/27753/review.html,https://travel.rakuten.co.jp/HOTEL/27753/27753.html,公式/Rakutenで県内最大級の大岩風呂「信玄」、大庭園風呂「きんすい」、露天風呂「寿々」「風林」、有料貸切展望風呂を確認,"Rakuten surfaces mention clean open-air bath, huge rock bath, buffet, check-in waiting and older rooms; bath proposition is large public bath more than room bath",official_and_high_volume_ota_bath_surface_confirmed,ready_for_deep_review_with_large_public_bath_split,大型大浴場ホテル。大岩風呂、大庭園風呂、露天、貸切展望風呂、客室古さ、チェックイン混雑を分ける,https://www.hotel-fuji.jp/ ; https://travel.rakuten.co.jp/HOTEL/27753/review.html ; https://travel.rakuten.co.jp/HOTEL/27753/27753.html ; https://travel.rakuten.co.jp/HOTEL/27753/gallery.html
accommodation,263,kawaguchiko-fuji-lake,FUJI LAKE HOTEL / 富士レークホテル,kawaguchiko,山梨県,https://www.fujilake.co.jp/,https://travel.rakuten.co.jp/HOTEL/7298/review.html,https://travel.rakuten.co.jp/HOTEL/7298/7298.html,公式/Rakutenで富士山地下1500m由来の天然温泉、大浴場、露天風呂、サウナ、ジェットバス、露天風呂付客室を確認,"Rakuten surfaces mention relaxed uncrowded baths, accessible bath lift, room/open-air view but one review says public open-air view could be better",official_and_high_volume_ota_bath_surface_confirmed,ready_for_deep_review_with_accessibility_and_view_split,富士/河口湖ビューとアクセシビリティが強い。大浴場、客室露天、入浴介助リフト、眺望不足、湖/富士側部屋を分ける,https://www.fujilake.co.jp/ ; https://travel.rakuten.co.jp/HOTEL/7298/review.html ; https://travel.rakuten.co.jp/HOTEL/7298/7298.html ; https://travel.rakuten.co.jp/HOTEL/7298/gallery.html
accommodation,264,kawaguchiko-kukuna,THE KUKUNA,kawaguchiko,山梨県,https://kukuna.jp/,https://www.ikyu.com/00001258/review/,https://www.ikyu.com/00001258/,公式/Ikkyuで河口湖畔の全室レイクビューリゾート、温泉SPA、富士山ビュー露天風呂付き客室候補を確認,"Ikkyu/Gpoint surfaces mention Fuji-view room open-air, terrace/jacuzzi, panoramic public bath, strong view and food satisfaction; water character signal is weaker than view signal",official_and_multi_ota_bath_surface_confirmed,ready_for_deep_review_with_view_vs_water_texture_split,富士山/河口湖ビューリゾート。客室露天・ジャグジー、展望大浴場、富士ビュー、ハーフビュッフェを分け、水質感は別途確認,https://kukuna.jp/ ; https://www.ikyu.com/00001258/review/ ; https://www.ikyu.com/00001258/ ; https://travel.gpoint.co.jp/daredoko/h19215/
accommodation,265,kawaguchiko-ooya,富士河口湖温泉 花水庭 おおや,kawaguchiko,山梨県,https://www.kasuitei-ooya.co.jp/,https://travel.rakuten.co.jp/HOTEL/8125/review.html,https://travel.rakuten.co.jp/HOTEL/8125/8125.html,公式/Rakutenで最上階展望風呂、河口湖眺望、露天風呂付客室、低張性弱アルカリ性泉/石膏泉/カルシウム・ナトリウム塩化物泉を確認,"Rakuten surfaces mention room attached open-air, public/top-floor view bath satisfaction, but also weak shower pressure in room open-air area",official_and_high_volume_ota_bath_surface_confirmed,ready_for_deep_review_with_room_shower_pressure_check,最上階展望風呂と客室露天を分ける。部屋付き露天のシャワー水圧、観光地感、食事/若手接客信号も確認,https://www.kasuitei-ooya.co.jp/ ; https://travel.rakuten.co.jp/HOTEL/8125/review.html ; https://travel.rakuten.co.jp/HOTEL/8125/8125.html ; https://www.tour.ne.jp/j_hotel/2906/
accommodation,266,dogo-dogokan,道後舘,dogo,愛媛県,https://www.dogokan.co.jp/,https://www.ikyu.com/00001154/review/,https://www.ikyu.com/00001154/,公式/Ikkyuで道後温泉の代表旅館、露天風呂付客室、大浴場、道後温泉エリア滞在を確認,"Ikkyu surfaces mention room open-air satisfaction and ability to bathe anytime, but taxi/transport arrangement friction and operational details appear",official_and_multi_ota_bath_surface_confirmed,ready_for_deep_review_with_transport_and_room_bath_split,客室露天と大浴場/道後本館アクセスを分ける。温泉満足度とタクシー手配/移動導線の不満を混同しない,https://www.dogokan.co.jp/ ; https://www.ikyu.com/00001154/review/ ; https://www.ikyu.com/00001154/
accommodation,267,dogo-funaya,道後温泉 ふなや,dogo,愛媛県,https://www.dogo-funaya.co.jp/,https://travel.rakuten.co.jp/hotel/11332/11332.html,https://www.dogo-funaya.co.jp/facility/onsen.html,公式/Rakutenで創業390余年の老舗、2つの大浴場、露天風呂、サウナ、足湯、アルカリ性単純泉、温泉付き客室を確認,"Rakuten surfaces show very large review marker, garden/old ryokan/service/room meal signals; bath is public onsen + some room onsen, not all-room bath property",official_and_high_volume_ota_bath_surface_confirmed,ready_for_deep_review_with_heritage_public_bath_split,老舗旅館。大浴場/露天/サウナ/足湯/温泉付き客室を分け、庭園・歴史・部屋食・駅近アクセスが温泉評価を覆わないようにする,https://www.dogo-funaya.co.jp/ ; https://www.dogo-funaya.co.jp/facility/onsen.html ; https://travel.rakuten.co.jp/hotel/11332/11332.html ; https://travel.rakuten.co.jp/HOTEL/11332/11332_std.html
accommodation,268,dogo-kowakuen-haruka,ホテル古湧園 遥,dogo,愛媛県,https://www.kowakuen.com/,https://www.ikyu.com/00002800/,https://travel.yahoo.co.jp/00002800/review/,公式/Ikkyuで道後温泉本館徒歩1分の現代型ホテル、温泉大浴場、寝ころび湯、館内タオル/湯めぐり導線を確認,"Ikkyu/Yahoo surfaces mention smooth clear water, initially hot but comfortable, bath towels in large bath, elevator access to Dogo Honkan/shopping street; food buffet criticism appears",official_and_multi_ota_bath_surface_confirmed,ready_for_deep_review_with_location_and_water_texture_split,道後本館近接の現代ホテル。大浴場/寝ころび湯/道後本館導線/温度/すべすべ水質/夕食ビュッフェ評価を分ける,https://www.kowakuen.com/ ; https://www.ikyu.com/00002800/ ; https://travel.yahoo.co.jp/00002800/review/
accommodation,269,kinugawa-kai,星野リゾート 界 鬼怒川,kinugawa,栃木県,https://hoshinoresorts.com/ja/hotels/kaikinugawa/,https://www.jalan.net/yad398193/kuchikomi/,https://www.expedia.co.jp/Nikko-Hotels-Hoshino-Resorts-KAI-Kinugawa.h17902979.Hotel-Information,公式/Expedia/Jalanで星野リゾート界ブランド、天然温泉大浴場、露天風呂付き客室、庭園、ケーブルカー導線を確認,"Jalan/Tripadvisor surfaces mention quiet cable-car arrival, public bath view and empty comfort, but drain mold/dust cleanliness notes and food volume/drink extra fee concerns appear",official_and_multi_review_surface_confirmed,ready_for_deep_review_with_cleanliness_and_brand_expectation_check,ブランド宿。大浴場、客室露天、ケーブルカー導線、清掃ネガティブ、食事量/飲料別料金、家族より大人向け期待値を分ける,https://hoshinoresorts.com/ja/hotels/kaikinugawa/ ; https://www.jalan.net/yad398193/kuchikomi/ ; https://www.expedia.co.jp/Nikko-Hotels-Hoshino-Resorts-KAI-Kinugawa.h17902979.Hotel-Information ; https://www.tripadvisor.jp/ShowUserReviews-g298182-d8574624-r421125984-Hoshino_Resorts_KAI_Kinugawa-Nikko_Tochigi_Prefecture_Kanto.html
accommodation,270,kinugawa-mikazuki,日光きぬ川ホテル三日月,kinugawa,栃木県,https://www.mikazuki.co.jp/kinugawa/,https://travel.rakuten.co.jp/HOTEL/9086/review.html,https://www.jalan.net/yad321978/kuchikomi/,公式/Rakuten/Jalanで鬼怒川渓谷ビューの温泉湯舎、大浴場、露天風呂付き客室、ガーデンスパ/おぷーろ、プール系施設を確認,"Rakuten/Jalan surfaces mention many baths, large public bath, family/spa/pool value, but maintenance closure communication and room shower temperature difficulty appear",official_and_high_volume_multi_ota_bath_surface_confirmed,ready_for_deep_review_with_spa_maintenance_and_room_type_split,大型リゾート。大浴場、客室露天、ガーデンスパ/おぷーろ、プール、メンテナンス告知、子連れ混雑、シャワー温度調整を分ける,https://www.mikazuki.co.jp/kinugawa/ ; https://travel.rakuten.co.jp/HOTEL/9086/review.html ; https://travel.rakuten.co.jp/HOTEL/9086/9086.html ; https://travel.rakuten.co.jp/HOTEL/9086/gallery.html ; https://www.jalan.net/yad321978/kuchikomi/
accommodation,271,kinugawa-yumenotoki,鬼怒川グランドホテル 夢の季,kinugawa,栃木県,https://kgh.co.jp/,https://travel.rakuten.co.jp/HOTEL/31366/31366.html,https://travel.rakuten.co.jp/HOTEL/31366/THEME/4/,公式/Rakutenで九湯の湯めぐり、天然温泉、5つの貸切風呂、庭園に面した大浴場、3つの貸切露天風呂を確認,"Rakuten/Oyutabi surfaces mention soft water, open-air atmosphere, private bath variety and seasonal cuisine; official emphasizes guest-only private baths",official_and_high_volume_ota_bath_surface_confirmed,ready_for_deep_review_with_private_bath_variety_split,九湯/五貸切風呂が中心。大浴場、貸切露天、客室露天の有無、庭園ビュー、湯めぐり導線を分ける,https://kgh.co.jp/ ; https://travel.rakuten.co.jp/HOTEL/31366/31366.html ; https://travel.rakuten.co.jp/HOTEL/31366/THEME/4/ ; https://travel.rakuten.co.jp/HOTEL/31366/TOPIC/?f_tag=20 ; https://oyutabi.biglobe.ne.jp/h5025/
accommodation,272,nasu-sunvalley,ホテルサンバレー那須,nasu,栃木県,https://www.nasu3800.co.jp/,https://travel.rakuten.co.jp/HOTEL/20574/review.html,https://travel.rakuten.co.jp/HOTEL/20574/20574.html,公式/Rakutenで9つの宿泊施設を持つ大型温泉リゾート、3種の源泉、湯遊天国、温泉プール「アクア・ヴィーナス」、日帰り温泉を確認,"Rakuten/Jalan surfaces mention sulfur spring satisfaction, multiple buildings, pool/night illumination, but separate-building distance, stairs and limited bath operation appear",official_and_high_volume_ota_bath_surface_confirmed,ready_for_deep_review_with_resort_building_and_operation_split,施設型大型リゾート。湯遊天国、硫黄泉、北投石/ラジウム、温泉プール、宿泊棟別動線、営業日/休止情報を分ける,https://www.nasu3800.co.jp/ ; https://travel.rakuten.co.jp/HOTEL/20574/review.html ; https://travel.rakuten.co.jp/HOTEL/20574/20574.html ; https://www.jalan.net/yad331120/kuchikomi/detail_14694285/
accommodation,273,yugawara-sansuirou,山翠楼SANSUIROU,yugawara,神奈川県,https://sansuirou.co.jp/,https://travel.rakuten.co.jp/HOTEL/28467/review.html,https://travel.rakuten.co.jp/HOTEL/28467/28467.html,公式/Rakutenで奥湯河原温泉の高級料亭旅館、屋上/天空の展望露天風呂、室内露天風呂付き客室、複数棟構成を確認,"Rakuten/JTB surfaces mention room open-air and view, rooftop open-air seasonal/weather dependency, but building is spread across 4 wings with stairs and about 20 steps to view bath",official_and_high_volume_ota_bath_surface_confirmed,ready_for_deep_review_with_stairs_and_view_bath_split,展望露天と客室露天が強いが段差/階段が重要。屋上露天、室内露天、4棟移動、食事/眺望/リニューアル差を分ける,https://sansuirou.co.jp/ ; https://travel.rakuten.co.jp/HOTEL/28467/review.html ; https://travel.rakuten.co.jp/HOTEL/28467/28467.html ; https://www.jtb.co.jp/kokunai-hotel/htl/4326001/review/
accommodation,274,ikaho-chigira,千明仁泉亭,ikaho,群馬県,https://www.jinsentei.com/,https://travel.rakuten.co.jp/HOTEL/147464/review.html,https://travel.rakuten.co.jp/HOTEL/147464/147464.html,公式/Rakutenで伊香保随一の湯量を誇る黄金の湯、源泉100%かけ流し、別館鶴の居の全室黄金の湯100%風呂付客室を確認,"Rakuten/Yahoo surfaces mention outstanding golden water, garden/old ryokan atmosphere, stone-step access, family use and long bathing satisfaction",official_and_high_volume_ota_bath_surface_confirmed,ready_for_deep_review_with_golden_water_room_split,黄金の湯源泉100%が強い。別館鶴の居客室風呂、大浴場、石段街アクセス、老舗/庭園/子連れ信号を分ける,https://www.jinsentei.com/ ; https://travel.rakuten.co.jp/HOTEL/147464/review.html ; https://travel.rakuten.co.jp/HOTEL/147464/147464.html ; https://travel.yahoo.co.jp/00908500/review/p2/
accommodation,275,ikaho-kogure,ホテル木暮,ikaho,群馬県,https://www.hotel-kogure.com/,https://travel.rakuten.co.jp/HOTEL/6266/review.html,https://travel.rakuten.co.jp/HOTEL/6266/6266.html,公式/Rakutenで北関東最大級1300坪の湯殿、黄金の湯総湧出量の約1/4にあたる毎分1000L保有、かけ流し大浴場、露天風呂付き客室を確認,"Rakuten/Oyutabi surfaces mention public bath source-flow, cleanliness and amenities, room open-air satisfaction, but family checkout pressure and room-service/later checkout wishes appear",official_and_high_volume_ota_bath_surface_confirmed,ready_for_deep_review_with_large_bath_and_room_bath_split,伊香保の大浴場競争力が非常に強い。黄金の湯大量保有、大浴場、客室露天、貸切展望、子連れ滞在時間を分ける,https://www.hotel-kogure.com/ ; https://travel.rakuten.co.jp/HOTEL/6266/review.html ; https://travel.rakuten.co.jp/HOTEL/6266/6266.html ; https://oyutabi.biglobe.ne.jp/h5525/
accommodation,276,toba-toba-kokusai,鳥羽国際ホテル 潮路亭,toba,三重県,https://www.shiojitei.jp/,https://travel.rakuten.co.jp/HOTEL/8528/review.html,https://travel.rakuten.co.jp/HOTEL/8528/8528.html,公式/Rakutenで鳥羽国際ホテル系列の温泉旅館、常若の湯、庭園、真珠由来成分を配合したパールオーロラ風呂系の浴場価値を確認,"Rakuten/Oyutabi surfaces mention pearl bath novelty and soft feel, high-end lodging/food, but one review says bath variety and spring quality felt limited",official_and_high_volume_ota_bath_surface_confirmed,ready_for_deep_review_with_pearl_bath_expectation_check,真珠温泉/パール風呂の体験価値が中心。泉質実感弱め、風呂種類少なめ、子供料理不満、伊勢志摩食事評価を分ける,https://www.shiojitei.jp/ ; https://travel.rakuten.co.jp/HOTEL/8528/review.html ; https://travel.rakuten.co.jp/HOTEL/8528/8528.html ; https://oyutabi.biglobe.ne.jp/h36864/
accommodation,277,akiu-saryo-soen,茶寮宗園,akiu,宮城県,https://www.saryou-souen.com/,https://travel.rakuten.co.jp/HOTEL/38345/review.html,https://travel.rakuten.co.jp/HOTEL/38345/38345.html,公式/Rakutenで秋保温泉の高級純和風旅館、大浴場、露天風呂、離れ露天風呂付き客室候補を確認,"Rakuten/MyTrip surfaces mention room hinoki bath, view from open-air, quiet public open-air with low crowding, but stairs/accessibility and carpet stain concerns appear",official_and_high_volume_ota_bath_surface_confirmed,ready_for_deep_review_with_accessibility_and_private_room_split,高級小規模旅館。離れ露天、部屋檜風呂、大浴場/露天、階段多さ、足腰不安、絨毯汚れを分ける,https://www.saryou-souen.com/ ; https://travel.rakuten.co.jp/HOTEL/38345/review.html ; https://travel.rakuten.co.jp/HOTEL/38345/38345.html ; https://travel.rakuten.co.jp/mytrip/howto/saryosouen-guide ; https://oyutabi.biglobe.ne.jp/h2696/
accommodation,278,yuda-kamefuku,湯田温泉 ユウベルホテル松政,yuda,山口県,https://www.matsumasa.jp/,https://travel.rakuten.co.jp/HOTEL/18990/review.html,https://travel.rakuten.co.jp/HOTEL/18990/18990.html,公式/Rakutenで湯田温泉源泉100%かけ流し露天風呂、広い大浴場「千人湯」、サウナ、貸切風呂、単純温泉/アルカリ単純泉を確認,"Rakuten surfaces mention wide bath, relaxing open-air, food volume and city onsen convenience; bath proposition is urban-access public bath rather than room bath",official_and_high_volume_ota_bath_surface_confirmed,ready_for_deep_review_with_city_onsen_access_split,都市型温泉ホテル。源泉100%かけ流し露天、大浴場千人湯、サウナ、貸切風呂、湯田温泉街アクセスを分ける,https://www.matsumasa.jp/ ; https://travel.rakuten.co.jp/HOTEL/18990/review.html ; https://travel.rakuten.co.jp/HOTEL/18990/18990.html ; https://travel.rakuten.co.jp/HOTEL/18990/CUSTOM/GW18990130926203433.html
accommodation,279,kinugawa-kanaya,鬼怒川金谷ホテル,kinugawa,栃木県,https://kinugawakanaya.com/,https://travel.rakuten.co.jp/HOTEL/28440/review.html,https://kinugawakanaya.com/hotspring/onsen/,公式で温泉大浴場「四季の湯」「古代檜の湯」、古代檜内風呂、白御影石露天風呂、サウナ、客室風呂を確認,"Rakuten/Jalan/4travel surfaces mention room bath is onsen, public bath quality, chocolate/free service, high-end dining and quiet stay; service/food signals are very strong",official_and_high_volume_ota_bath_surface_confirmed,ready_for_deep_review_with_room_onsen_and_service_split,高級ホテル型。客室温泉、大浴場四季の湯/古代檜の湯、サウナ、渓谷ビュー、無料サービス/食事評価を分ける,https://kinugawakanaya.com/ ; https://kinugawakanaya.com/hotspring/onsen/ ; https://travel.rakuten.co.jp/HOTEL/28440/review.html ; https://travel.rakuten.co.jp/HOTEL/28440/28440.html ; https://www.jalan.net/yad375132/shisetu/ ; https://4travel.jp/dm_hotel-10035603
accommodation,280,nasu-bettei-kai,那須別邸 回,nasu,栃木県,https://bettei-kai.jp/,https://travel.rakuten.co.jp/HOTEL/136100/review.html,https://www.ikyu.com/00001830/review/,公式/Rakuten/Ikkyuで全10室オールスイート、全客室専用風呂に新那須温泉、那須御用邸と同泉質、掛け流し/24時間利用できる客室温泉を確認,"Rakuten/Ikkyu/Yahoo surfaces mention spacious open-air room bath, hot source-flow, quiet detached stay, but stairs/access, poor public transport and price-to-service concerns appear in low review",official_and_high_volume_multi_ota_bath_surface_confirmed,ready_for_deep_review_with_access_price_expectation_check,客室温泉は強いが運営/アクセスリスクあり。全室専用温泉、掛け流し高温、階段、送迎なし、食事/価格期待値を分ける,https://bettei-kai.jp/ ; https://travel.rakuten.co.jp/HOTEL/136100/review.html ; https://travel.rakuten.co.jp/HOTEL/136100/136100.html ; https://www.ikyu.com/00001830/review/ ; https://travel.yahoo.co.jp/00001830/review/
accommodation,281,nasu-omaru,那須温泉 大丸温泉旅館,nasu,栃木県,https://www.omaru.co.jp/,https://travel.rakuten.co.jp/HOTEL/32051/review.html,https://travel.rakuten.co.jp/HOTEL/32051/THEME/1/,公式/Rakutenで那須最奥地の秘湯、裏手から湧く豊富な温泉が川となった大野天風呂「川の湯」、川をせき止めた白樺の湯、源泉かけ流し、貸切風呂を確認,"Rakuten/Oyutabi surfaces mention river-like open-air bath, private bath, room hinoki bath, secluded forest atmosphere, but elderly handrail/accessibility requests appear",official_and_high_volume_ota_bath_surface_confirmed,ready_for_deep_review_as_accommodation_and_facility_like_open_air,川そのものをせき止めた野天風呂が主役。宿泊施設だが施設級の露天体験。混浴/男女別時間、貸切風呂、手すり/高齢者安全を分ける,https://www.omaru.co.jp/ ; https://travel.rakuten.co.jp/HOTEL/32051/review.html ; https://travel.rakuten.co.jp/HOTEL/32051/32051.html ; https://travel.rakuten.co.jp/HOTEL/32051/THEME/1/ ; https://oyutabi.biglobe.ne.jp/h5213/
accommodation,282,awara-seifuso,あわら温泉 清風荘,awara,福井県,https://www.seifuso.com/,https://travel.rakuten.co.jp/HOTEL/19549/review.html,https://travel.rakuten.co.jp/HOTEL/19549/19549.html,公式/Rakutenで北陸最大級の庭園露天風呂、多彩な浴槽、劇場型ビュッフェ、足湯、日帰りプランを確認,"Rakuten surfaces mention theater-style buffet, two hot-spring areas, repeated bathing, footbath enjoyed by children, and large resort-style stay value",official_and_high_volume_ota_bath_surface_confirmed,ready_for_deep_review_with_large_bath_and_buffet_split,大規模温泉旅館。庭園露天、複数浴場、足湯、日帰り、劇場型ビュッフェが強く混ざるため温泉/食事/子連れを分ける,https://www.seifuso.com/ ; https://travel.rakuten.co.jp/HOTEL/19549/review.html ; https://travel.rakuten.co.jp/HOTEL/19549/19549.html ; https://travel.rakuten.co.jp/HOTEL/19549/CUSTOM/GW1954970307155728.html
accommodation,283,iizaka-yoshikawaya,飯坂温泉 摺上亭大鳥,iizaka,福島県,https://www.surikamiteiohtori.com/,https://travel.rakuten.co.jp/HOTEL/32116/review.html,https://travel.rakuten.co.jp/HOTEL/32116/CUSTOM/GW32116140525143311.html,公式/Rakutenで源泉を有する飯坂温泉、内風呂、露天風呂、サウナ、水風呂、仕切り付きシャワーブース、15:00-25:00/5:00-9:30利用を確認,"Rakuten/Yahoo surfaces mention clean large bath, open-air view, soft water feeling, quiet rooms, food and Fukushima access value",official_and_high_volume_ota_bath_surface_confirmed,ready_for_deep_review_with_public_bath_and_access_split,飯坂温泉の大型旅館。大浴場、露天、サウナ、水風呂、仕切り洗い場、景観、福島観光アクセスを分ける,https://www.surikamiteiohtori.com/ ; https://travel.rakuten.co.jp/HOTEL/32116/review.html ; https://travel.rakuten.co.jp/HOTEL/32116/32116.html ; https://travel.rakuten.co.jp/HOTEL/32116/CUSTOM/GW32116140525143311.html ; https://travel.yahoo.co.jp/00904209/review/
accommodation,284,bessho-nakamatsuya,別所温泉 旅館中松屋,bessho,長野県,https://www.nakamatuya.com/,https://travel.rakuten.co.jp/HOTEL/31713/review.html,https://travel.rakuten.co.jp/HOTEL/31713/CUSTOM/GW31713170612152129.html,公式/Rakutenで7階展望風呂、周囲の山々と塩田平を望む展望大浴場、日帰り温泉、湯上がり休憩処、ドリンクコーナーを確認,"Rakuten/Oyutabi surfaces mention inn public bath and outside public bath both satisfying, good hospitality, family/graduation travel, view-bath and tatami-floor comfort",official_and_high_volume_ota_bath_surface_confirmed,ready_for_deep_review_with_view_bath_and_public_bath_town_split,別所温泉の展望大浴場型。館内7階展望風呂、公衆浴場利用、日帰り、眺望あり/なし部屋、家族需要を分ける,https://www.nakamatuya.com/ ; https://travel.rakuten.co.jp/HOTEL/31713/review.html ; https://travel.rakuten.co.jp/HOTEL/31713/31713.html ; https://travel.rakuten.co.jp/HOTEL/31713/CUSTOM/GW31713170612152129.html ; https://oyutabi.biglobe.ne.jp/h32068/
