slug,region_group,region,area,current_display_name_ko,name_ja,name_en,current_name,name_verification_status,issue,suggested_display_name_ko,suggested_aliases_ko,review_note
toyako-lake-suite-konosisu,hokkaido,hokkaido-toyako,홋카이도 hokkaido-toyako,ザ・レイクスイート湖の栖,ザ・レイクスイート湖の栖,,ザ・レイクスイート湖の栖,needs_review,missing_korean_display_name,,,
jozankei-grand-blissen,hokkaido,jozankei,홋카이도 jozankei,グランドブリッセンホテル定山渓,グランドブリッセンホテル定山渓,,グランドブリッセンホテル定山渓,needs_review,missing_korean_display_name,,,
jozankei-chalet-ivy,hokkaido,jozankei,홋카이도 jozankei,シャレーアイビー定山渓,シャレーアイビー定山渓,,シャレーアイビー定山渓,needs_review,missing_korean_display_name,,,
jozankei-suizantei,hokkaido,jozankei,홋카이도 jozankei,定山渓第一寶亭留 翠山亭,定山渓第一寶亭留 翠山亭,,定山渓第一寶亭留 翠山亭,needs_review,missing_korean_display_name,,,
noboribetsu-mahoroba,hokkaido,noboribetsu,홋카이도 noboribetsu,ホテルまほろば,ホテルまほろば,,ホテルまほろば,needs_review,missing_korean_display_name,,,
noboribetsu-hanayura,hokkaido,noboribetsu,홋카이도 noboribetsu,旅亭 花ゆら,旅亭 花ゆら,,旅亭 花ゆら,needs_review,missing_korean_display_name,,,
noboribetsu-bourou-noguchi,hokkaido,noboribetsu,홋카이도 noboribetsu,望楼NOGUCHI登別,望楼NOGUCHI登別,,望楼NOGUCHI登別,needs_review,missing_korean_display_name,,,
noboribetsu-manseikaku,hokkaido,noboribetsu,홋카이도 noboribetsu,登別万世閣,登別万世閣,,登別万世閣,needs_review,missing_korean_display_name,,,
noboribetsu-takinoya,hokkaido,noboribetsu,홋카이도 noboribetsu,登別温泉郷 滝乃家,登別温泉郷 滝乃家,,登別温泉郷 滝乃家,needs_review,missing_korean_display_name,,,
noboribetsu-grand,hokkaido,noboribetsu,홋카이도 noboribetsu,祝いの宿 登別グランドホテル,祝いの宿 登別グランドホテル,,祝いの宿 登別グランドホテル,needs_review,missing_korean_display_name,,,
noboribetsu-daiichi-takimotokan,hokkaido,noboribetsu,홋카이도 noboribetsu,第一滝本館,第一滝本館,,第一滝本館,needs_review,missing_korean_display_name,,,
tokachigawa-seijakubou,hokkaido,tokachigawa,홋카이도 tokachigawa,全室源泉かけ流し露天風呂付きの宿 清寂房《十勝川モール温泉》,全室源泉かけ流し露天風呂付きの宿 清寂房《十勝川モール温泉》,,全室源泉かけ流し露天風呂付きの宿 清寂房《十勝川モール温泉》,needs_review,missing_korean_display_name,,,
yunokawa-hanabishi,hokkaido,yunokawa-hakodate,홋카이도 yunokawa-hakodate,函館・湯の川温泉 花びしホテル,函館・湯の川温泉 花びしホテル,,函館・湯の川温泉 花びしホテル,needs_review,missing_korean_display_name,,,
yunokawa-heiseikan-shiosaitei,hokkaido,yunokawa-hakodate,홋카이도 yunokawa-hakodate,平成館 しおさい亭,平成館 しおさい亭,,平成館 しおさい亭,needs_review,missing_korean_display_name,,,
yunokawa-heiseikan-hanatsuki,hokkaido,yunokawa-hakodate,홋카이도 yunokawa-hakodate,平成館 しおさい亭 別館 花月,平成館 しおさい亭 別館 花月,,平成館 しおさい亭 別館 花月,needs_review,missing_korean_display_name,,,
yunokawa-nagisatei,hokkaido,yunokawa-hakodate,홋카이도 yunokawa-hakodate,湯の川プリンスホテル渚亭,湯の川プリンスホテル渚亭,,湯の川プリンスホテル渚亭,needs_review,missing_korean_display_name,,,
fujiyoshida-kaneyamaen,kanto,fujiyoshida,야마나시 가와구치코/후지요시다,후지산온센 호텔 카네야마엔,庭園と感動の宿 富士山温泉 ホテル鐘山苑,Hotel Kaneyamaen,후지산온센 호텔 카네야마엔,needs_review,korean_present_needs_style_review,,,
hakone-gen-gora,kanto,hakone,가나가와 하코네,겐 하코네 고라,玄 箱根強羅,Gen Hakone Gora,겐 하코네 고라,needs_review,korean_present_needs_style_review,,,
hakone-gora-kadan,kanto,hakone,가나가와 하코네,고라 카단,強羅花壇,Gora Kadan,고라 카단,needs_review,korean_present_needs_style_review,,,
hakone-matsuzakaya,kanto,hakone,가나가와 하코네,마츠자카야 혼텐,箱根の名湯 松坂屋本店,Matsuzakaya Honten,마츠자카야 혼텐,needs_review,korean_present_needs_style_review,,,
hakone-yama-no-chaya,kanto,hakone,가나가와 하코네,야마노차야,山の茶屋,Yama no Chaya,야마노차야,needs_review,korean_present_needs_style_review,,,
hakone-gora-karaku,kanto,hakone,가나가와 하코네,하코네 고라 가라쿠,箱根・強羅 佳ら久,Hakone Gora Karaku,하코네 고라 가라쿠,needs_review,korean_present_needs_style_review,,,
hakone-byakudan,kanto,hakone,가나가와 하코네,하코네 고라 백단,箱根強羅 白檀,Hakone Gora Byakudan,하코네 고라 백단,needs_review,korean_present_needs_style_review,,,
hakone-ginyu,kanto,hakone,가나가와 하코네,하코네 긴유,箱根吟遊,Hakone Ginyu,하코네 긴유,needs_review,korean_present_needs_style_review,,,
hakone-yuyado-zen,kanto,hakone,가나가와 하코네,하코네 유야도 젠,箱根湯宿 然-ZEN-,Hakone Yuyado Zen,하코네 유야도 젠,needs_review,korean_present_needs_style_review,,,
hakone-kowakien-tenyu,kanto,hakone,가나가와 하코네,하코네 코와키엔 텐유,箱根小涌園 天悠,Hakone Kowakien Ten-yu,하코네 코와키엔 텐유,needs_review,korean_present_needs_style_review,,,
hakone-fontainebleau,kanto,hakone,가나가와 하코네,하코네 폰테느 블로 센고쿠테이,オーベルジュ 箱根フォンテーヌ・ブロー仙石亭,Hakone Fontaine Bleau Sengokutei,하코네 폰테느 블로 센고쿠테이,needs_review,korean_present_needs_style_review,,,
isawa-fujinoya,kanto,isawa,야마나시 이사와,Chateraise Hotel Ryokan Fujinoya / Fujinoya,シャトレーゼホテル 旅館 富士野屋,Chateraise Hotel Ryokan Fujinoya,Chateraise Hotel Ryokan Fujinoya / Fujinoya,needs_review,missing_korean_display_name,,,
isawa-itoyanagi,kanto,isawa,야마나시 이사와,Itoyanagi / Isawa Meito-kan Itoyanagi,石和名湯館 糸柳,Itoyanagi,Itoyanagi / Isawa Meito-kan Itoyanagi,needs_review,missing_korean_display_name,,,
isawa-itoyanagi-yuwa,kanto,isawa,야마나시 이사와,Itoyanagi Koyado Yuwa,糸柳こやど ゆわ,Itoyanagi Koyado Yuwa,Itoyanagi Koyado Yuwa,needs_review,missing_korean_display_name,,,
kawaguchiko-kukuna,kanto,kawaguchiko,야마나시 가와구치코/후지요시다,더 쿠쿠나,THE KUKUNA,The Kukuna,더 쿠쿠나,needs_review,korean_present_needs_style_review,,,
kawaguchiko-fufu,kanto,kawaguchiko,야마나시 가와구치코/후지요시다,후후 가와구치코,ふふ 河口湖,Fufu Kawaguchiko,후후 가와구치코,needs_review,korean_present_needs_style_review,,,
yugawara-ashikari,kanto,yugawara,가나가와 유가와라,유가와라 스파 료칸 아시카리,懐石旅庵 阿しか里,Ashikari,유가와라 스파 료칸 아시카리,needs_review,korean_present_needs_style_review,,,
beppu-amane-resort-gahama,kyushu,beppu,오이타 벳푸,AMANE RESORT GAHAMA（ガハマテラス）,AMANE RESORT GAHAMA（ガハマテラス）,,AMANE RESORT GAHAMA（ガハマテラス）,needs_review,missing_korean_display_name,,,
beppu-amane-resort-seikai,kyushu,beppu,오이타 벳푸,AMANE RESORT SEIKAI（潮騒の宿 晴海）,AMANE RESORT SEIKAI（潮騒の宿 晴海）,,AMANE RESORT SEIKAI（潮騒の宿 晴海）,needs_review,missing_korean_display_name,,,
beppu-ana-intercontinental,kyushu,beppu,오이타 벳푸,ANAインターコンチネンタル別府リゾート＆スパ by IHG,ANAインターコンチネンタル別府リゾート＆スパ by IHG,,ANAインターコンチネンタル別府リゾート＆スパ by IHG,needs_review,missing_korean_display_name,,,
beppu-kannawaen,kyushu,beppu,오이타 벳푸,別府鉄輪温泉 山荘 神和苑,別府鉄輪温泉 山荘 神和苑,,別府鉄輪温泉 山荘 神和苑,needs_review,missing_korean_display_name,,,
beppu-kokoroan,kyushu,beppu,오이타 벳푸,匠晴の宿 心庵,匠晴の宿 心庵,,匠晴の宿 心庵,needs_review,missing_korean_display_name,,,
ibusuki-yurian,kyushu,ibusuki,가고시마 이부스키,Yurian,温泉水プール＆夫婦露天風呂の離れ宿 悠離庵,Yurian,Yurian,needs_review,missing_korean_display_name,,,
ibusuki-hakusuikan,kyushu,ibusuki,가고시마 이부스키,이부스키 하쿠스이칸,指宿白水館,Ibusuki Hakusuikan,이부스키 하쿠스이칸,needs_review,korean_present_needs_style_review,,,
kirishima-lavista,kyushu,kirishima,가고시마 기리시마,라비스타 기리시마 힐즈,ラビスタ霧島ヒルズ,La Vista Kirishima Hills,라비스타 기리시마 힐즈,needs_review,korean_present_needs_style_review,,,
kurokawa-takefue,kyushu,kurokawa,구마모토 구로카와,Takefue,秘境 白川源泉 山荘 竹ふえ,Takefue,Takefue,needs_review,missing_korean_display_name,,,
kurokawa-sanga,kyushu,kurokawa,구마모토 구로카와,료칸 산가,黒川温泉 旅館山河,Ryokan Sanga,료칸 산가,needs_review,korean_present_needs_style_review,,,
kurokawa-okunoyu,kyushu,kurokawa,구마모토 구로카와,료칸 오쿠노유,黒川温泉 旅館奥の湯,Ryokan Okunoyu,료칸 오쿠노유,needs_review,korean_present_needs_style_review,,,
kurokawa-yamamizuki,kyushu,kurokawa,구마모토 구로카와,야마미즈키,黒川温泉 山みず木,Yamamizuki,야마미즈키,needs_review,korean_present_needs_style_review,,,
takeo-koyokaku,kyushu,takeo,사가 다케오,가이세키야도 오기야,武雄温泉 懐石宿 扇屋,Kaiseki Yado Ogiya,가이세키야도 오기야,needs_review,korean_present_needs_style_review,,,
ureshino-taishoya,kyushu,ureshino,사가 우레시노,우레시노 온천 다이쇼야,嬉野温泉 大正屋 / 嬉野観光ホテル大正屋,Ureshino Kanko Hotel Taishoya,우레시노 온천 다이쇼야,needs_review,korean_present_needs_style_review,,,
ureshino-shiibasanso,kyushu,ureshino,사가 우레시노,우레시노 온천 시이바산소,嬉野温泉 椎葉山荘 / 大正屋 椎葉山荘,Shiibasanso,우레시노 온천 시이바산소,needs_review,korean_present_needs_style_review,,,
ureshino-wataya-besso,kyushu,ureshino,사가 우레시노,우레시노 온천 와타야벳소,嬉野温泉 和多屋別荘,Wataya Besso,우레시노 온천 와타야벳소,needs_review,korean_present_needs_style_review,,,
yufuin-ryoutiku,kyushu,yufuin,오이타 유후인,유후 료치쿠,御宿 由府両築,,유후 료치쿠,needs_review,korean_present_needs_style_review,,,
yufuin-baien,kyushu,yufuin,오이타 유후인,유후인 바이엔 가든 리조트,由布院 梅園 GARDEN RESORT,,유후인 바이엔 가든 리조트,needs_review,korean_present_needs_style_review,,,
yufuin-ubl-hotel,kyushu,yufuin,오이타 유후인,유후인 유벨 호텔,由布院ユウベルホテル,Yufuin Ubl Hotel,유후인 유벨 호텔,needs_review,korean_present_needs_style_review,,,
yufuin-hanamura,kyushu,yufuin,오이타 유후인,유후인 카호리노사토 하나무라,湯布院かほりの郷 はな村,,유후인 카호리노사토 하나무라,needs_review,korean_present_needs_style_review,,,
yufuin-poppoan,kyushu,yufuin,오이타 유후인,유후인 팝포안,旅の宿 ぽっぽ庵,,유후인 팝포안,needs_review,korean_present_needs_style_review,,,
yufuin-ryu-no-hige,kyushu,yufuin,오이타 유후인,쿠사야네노야도 류노히게・벳테이 유무타,草屋根の宿 龍のひげ／別邸 ゆむた,,쿠사야네노야도 류노히게・벳테이 유무타,needs_review,korean_present_needs_style_review,,,
