slug,region_group,display_name_ko,level,direct,onsen_related,platform_count,item_count,source_family,recommended_status,severity,issue_count,issue_codes,next_action,accommodation_source_file,verdict_source_file
dogo-funaya,chugoku_shikoku,도고온천 후나야,full,535,277,5,5,regional_pipeline_current_batch,pass_current_batch,none,0,none,이번 간사이/산인/세토우치 1차 파이프라인 통과분이므로 재작업하지 않습니다.,research/onsen-deep-research/qa/kansai_sanin_setouchi_db_seed_qa_2026-07-07.csv,research/onsen-deep-research/qa/kansai_sanin_setouchi_db_seed_qa_2026-07-07.csv
dogo-miyu,chugoku_shikoku,도고 미유,lite,344,239,6,0,regional_pipeline_current_batch,pass_current_batch,none,0,none,이번 간사이/산인/세토우치 1차 파이프라인 통과분이므로 재작업하지 않습니다.,research/onsen-deep-research/qa/kansai_sanin_setouchi_db_seed_qa_2026-07-07.csv,research/onsen-deep-research/qa/kansai_sanin_setouchi_db_seed_qa_2026-07-07.csv
dogo-yachiyo,chugoku_shikoku,도고온천 야치요,lite,323,196,7,0,regional_pipeline_current_batch,pass_current_batch,none,0,none,이번 간사이/산인/세토우치 1차 파이프라인 통과분이므로 재작업하지 않습니다.,research/onsen-deep-research/qa/kansai_sanin_setouchi_db_seed_qa_2026-07-07.csv,research/onsen-deep-research/qa/kansai_sanin_setouchi_db_seed_qa_2026-07-07.csv
kaike-yugetsu,chugoku_shikoku,가이케 유게츠,lite,542,290,5,0,regional_pipeline_current_batch,pass_current_batch,none,0,none,이번 간사이/산인/세토우치 1차 파이프라인 통과분이므로 재작업하지 않습니다.,research/onsen-deep-research/qa/kansai_sanin_setouchi_db_seed_qa_2026-07-07.csv,research/onsen-deep-research/qa/kansai_sanin_setouchi_db_seed_qa_2026-07-07.csv
misasa-izanro-iwasaki,chugoku_shikoku,이잔로 이와사키,full,372,253,7,4,regional_pipeline_current_batch,pass_current_batch,none,0,none,이번 간사이/산인/세토우치 1차 파이프라인 통과분이므로 재작업하지 않습니다.,research/onsen-deep-research/qa/kansai_sanin_setouchi_db_seed_qa_2026-07-07.csv,research/onsen-deep-research/qa/kansai_sanin_setouchi_db_seed_qa_2026-07-07.csv
misasa-mansuirou,chugoku_shikoku,미사사 만스이로,full,579,319,6,5,regional_pipeline_current_batch,pass_current_batch,none,0,none,이번 간사이/산인/세토우치 1차 파이프라인 통과분이므로 재작업하지 않습니다.,research/onsen-deep-research/qa/kansai_sanin_setouchi_db_seed_qa_2026-07-07.csv,research/onsen-deep-research/qa/kansai_sanin_setouchi_db_seed_qa_2026-07-07.csv
tamatsukuri-chorakuen,chugoku_shikoku,초라쿠엔,full,304,238,6,5,regional_pipeline_current_batch,pass_current_batch,none,0,none,이번 간사이/산인/세토우치 1차 파이프라인 통과분이므로 재작업하지 않습니다.,research/onsen-deep-research/qa/kansai_sanin_setouchi_db_seed_qa_2026-07-07.csv,research/onsen-deep-research/qa/kansai_sanin_setouchi_db_seed_qa_2026-07-07.csv
tamatsukuri-kasuien-minami,chugoku_shikoku,가스이엔 미나미,full,606,320,4,5,regional_pipeline_current_batch,pass_current_batch,none,0,none,이번 간사이/산인/세토우치 1차 파이프라인 통과분이므로 재작업하지 않습니다.,research/onsen-deep-research/qa/kansai_sanin_setouchi_db_seed_qa_2026-07-07.csv,research/onsen-deep-research/qa/kansai_sanin_setouchi_db_seed_qa_2026-07-07.csv
tamatsukuri-konya,chugoku_shikoku,호텔 교쿠센,full,680,360,5,4,regional_pipeline_current_batch,pass_current_batch,none,0,none,이번 간사이/산인/세토우치 1차 파이프라인 통과분이므로 재작업하지 않습니다.,research/onsen-deep-research/qa/kansai_sanin_setouchi_db_seed_qa_2026-07-07.csv,research/onsen-deep-research/qa/kansai_sanin_setouchi_db_seed_qa_2026-07-07.csv
tamatsukuri-yunosuke,chugoku_shikoku,다마쓰쿠리 그랜드 호텔 조세이카쿠,lite,599,336,5,0,regional_pipeline_current_batch,pass_current_batch,none,0,none,이번 간사이/산인/세토우치 1차 파이프라인 통과분이므로 재작업하지 않습니다.,research/onsen-deep-research/qa/kansai_sanin_setouchi_db_seed_qa_2026-07-07.csv,research/onsen-deep-research/qa/kansai_sanin_setouchi_db_seed_qa_2026-07-07.csv
jozankei-chalet-ivy,hokkaido,샬레 아이비 조잔케이,lite,312,103,12,0,regional_pipeline_hokkaido,keep_as_is,none,0,none,현재 파이프라인 기준을 통과합니다. 다음 전면 재생성 전까지 유지합니다.,research/onsen-candidates/nationwide-2026-07-03/hokkaido_ready_accommodation_quality_matrix_2026-07-04.csv,research/onsen-candidates/nationwide-2026-07-03/hokkaido_ready_accommodation_review_signal_rows_2026-07-03.csv
jozankei-grand-blissen,hokkaido,그랜드 블리센 호텔 조잔케이,full,305,216,3,5,regional_pipeline_hokkaido,keep_as_is,none,0,none,현재 파이프라인 기준을 통과합니다. 다음 전면 재생성 전까지 유지합니다.,research/onsen-candidates/nationwide-2026-07-03/hokkaido_ready_accommodation_quality_matrix_2026-07-04.csv,research/onsen-candidates/nationwide-2026-07-03/hokkaido_ready_accommodation_review_signal_rows_2026-07-03.csv
jozankei-suizantei,hokkaido,조잔케이 다이이치 호텔 스이잔테이,lite,313,199,9,0,regional_pipeline_hokkaido,keep_as_is,none,0,none,현재 파이프라인 기준을 통과합니다. 다음 전면 재생성 전까지 유지합니다.,research/onsen-candidates/nationwide-2026-07-03/hokkaido_ready_accommodation_quality_matrix_2026-07-04.csv,research/onsen-candidates/nationwide-2026-07-03/hokkaido_ready_accommodation_review_signal_rows_2026-07-03.csv
noboribetsu-bourou-noguchi,hokkaido,보로 노구치 노보리베츠,full,368,247,11,5,regional_pipeline_hokkaido,keep_as_is,none,0,none,현재 파이프라인 기준을 통과합니다. 다음 전면 재생성 전까지 유지합니다.,research/onsen-candidates/nationwide-2026-07-03/hokkaido_ready_accommodation_quality_matrix_2026-07-04.csv,research/onsen-candidates/nationwide-2026-07-03/hokkaido_ready_accommodation_review_signal_rows_2026-07-03.csv
noboribetsu-daiichi-takimotokan,hokkaido,다이이치 타키모토칸,lite,300,189,8,0,regional_pipeline_hokkaido,keep_as_is,none,0,none,현재 파이프라인 기준을 통과합니다. 다음 전면 재생성 전까지 유지합니다.,research/onsen-candidates/nationwide-2026-07-03/hokkaido_ready_accommodation_quality_matrix_2026-07-04.csv,research/onsen-candidates/nationwide-2026-07-03/hokkaido_ready_accommodation_review_signal_rows_2026-07-03.csv
noboribetsu-grand,hokkaido,노보리베츠 그랜드 호텔,full,324,200,8,5,regional_pipeline_hokkaido,keep_as_is,none,0,none,현재 파이프라인 기준을 통과합니다. 다음 전면 재생성 전까지 유지합니다.,research/onsen-candidates/nationwide-2026-07-03/hokkaido_ready_accommodation_quality_matrix_2026-07-04.csv,research/onsen-candidates/nationwide-2026-07-03/hokkaido_ready_accommodation_review_signal_rows_2026-07-03.csv
noboribetsu-hanayura,hokkaido,료테이 하나유라,full,306,211,8,5,regional_pipeline_hokkaido,keep_as_is,none,0,none,현재 파이프라인 기준을 통과합니다. 다음 전면 재생성 전까지 유지합니다.,research/onsen-candidates/nationwide-2026-07-03/hokkaido_ready_accommodation_quality_matrix_2026-07-04.csv,research/onsen-candidates/nationwide-2026-07-03/hokkaido_ready_accommodation_review_signal_rows_2026-07-03.csv
noboribetsu-mahoroba,hokkaido,호텔 마호로바,full,330,216,8,5,regional_pipeline_hokkaido,keep_as_is,none,0,none,현재 파이프라인 기준을 통과합니다. 다음 전면 재생성 전까지 유지합니다.,research/onsen-candidates/nationwide-2026-07-03/hokkaido_ready_accommodation_quality_matrix_2026-07-04.csv,research/onsen-candidates/nationwide-2026-07-03/hokkaido_ready_accommodation_review_signal_rows_2026-07-03.csv
noboribetsu-manseikaku,hokkaido,노보리베츠 만세이카쿠,full,351,228,7,5,regional_pipeline_hokkaido,keep_as_is,none,0,none,현재 파이프라인 기준을 통과합니다. 다음 전면 재생성 전까지 유지합니다.,research/onsen-candidates/nationwide-2026-07-03/hokkaido_ready_accommodation_quality_matrix_2026-07-04.csv,research/onsen-candidates/nationwide-2026-07-03/hokkaido_ready_accommodation_review_signal_rows_2026-07-03.csv
noboribetsu-takinoya,hokkaido,노보리베츠 타키노야,lite,312,184,4,0,regional_pipeline_hokkaido,keep_as_is,none,0,none,현재 파이프라인 기준을 통과합니다. 다음 전면 재생성 전까지 유지합니다.,research/onsen-candidates/nationwide-2026-07-03/hokkaido_ready_accommodation_quality_matrix_2026-07-04.csv,research/onsen-candidates/nationwide-2026-07-03/hokkaido_ready_accommodation_review_signal_rows_2026-07-03.csv
tokachigawa-seijakubou,hokkaido,도카치가와 온천 세이자쿠보,full,380,300,8,5,regional_pipeline_hokkaido,keep_as_is,none,0,none,현재 파이프라인 기준을 통과합니다. 다음 전면 재생성 전까지 유지합니다.,research/onsen-candidates/nationwide-2026-07-03/hokkaido_ready_accommodation_quality_matrix_2026-07-04.csv,research/onsen-candidates/nationwide-2026-07-03/hokkaido_ready_accommodation_review_signal_rows_2026-07-03.csv
toyako-lake-suite-konosisu,hokkaido,더 레이크 스위트 고노스미카,full,308,255,7,5,regional_pipeline_hokkaido,keep_as_is,none,0,none,현재 파이프라인 기준을 통과합니다. 다음 전면 재생성 전까지 유지합니다.,research/onsen-candidates/nationwide-2026-07-03/hokkaido_ready_accommodation_quality_matrix_2026-07-04.csv,research/onsen-candidates/nationwide-2026-07-03/hokkaido_ready_accommodation_review_signal_rows_2026-07-03.csv
yunokawa-hanabishi,hokkaido,하코다테 유노카와 온천 하나비시 호텔,lite,310,168,3,0,regional_pipeline_hokkaido,keep_as_is,none,0,none,현재 파이프라인 기준을 통과합니다. 다음 전면 재생성 전까지 유지합니다.,research/onsen-candidates/nationwide-2026-07-03/hokkaido_ready_accommodation_quality_matrix_2026-07-04.csv,research/onsen-candidates/nationwide-2026-07-03/hokkaido_ready_accommodation_review_signal_rows_2026-07-03.csv
yunokawa-heiseikan-hanatsuki,hokkaido,헤이세이칸 시오사이테이 별관 하나츠키,full,300,246,6,5,regional_pipeline_hokkaido,keep_as_is,none,0,none,현재 파이프라인 기준을 통과합니다. 다음 전면 재생성 전까지 유지합니다.,research/onsen-candidates/nationwide-2026-07-03/hokkaido_ready_accommodation_quality_matrix_2026-07-04.csv,research/onsen-candidates/nationwide-2026-07-03/hokkaido_ready_accommodation_review_signal_rows_2026-07-03.csv
yunokawa-heiseikan-shiosaitei,hokkaido,헤이세이칸 시오사이테이,lite,318,199,6,0,regional_pipeline_hokkaido,keep_as_is,none,0,none,현재 파이프라인 기준을 통과합니다. 다음 전면 재생성 전까지 유지합니다.,research/onsen-candidates/nationwide-2026-07-03/hokkaido_ready_accommodation_quality_matrix_2026-07-04.csv,research/onsen-candidates/nationwide-2026-07-03/hokkaido_ready_accommodation_review_signal_rows_2026-07-03.csv
yunokawa-nagisatei,hokkaido,유노카와 프린스 호텔 나기사테이,full,333,251,7,5,regional_pipeline_hokkaido,keep_as_is,none,0,none,현재 파이프라인 기준을 통과합니다. 다음 전면 재생성 전까지 유지합니다.,research/onsen-candidates/nationwide-2026-07-03/hokkaido_ready_accommodation_quality_matrix_2026-07-04.csv,research/onsen-candidates/nationwide-2026-07-03/hokkaido_ready_accommodation_review_signal_rows_2026-07-03.csv
arima-grand-hotel,kansai,아리마 그랜드 호텔,lite,402,189,5,0,regional_pipeline_current_batch,pass_current_batch,none,0,none,이번 간사이/산인/세토우치 1차 파이프라인 통과분이므로 재작업하지 않습니다.,research/onsen-deep-research/qa/kansai_sanin_setouchi_db_seed_qa_2026-07-07.csv,research/onsen-deep-research/qa/kansai_sanin_setouchi_db_seed_qa_2026-07-07.csv
arima-hanamusubi,kansai,미유키소 하나무스비,lite,548,306,5,0,regional_pipeline_current_batch,pass_current_batch,none,0,none,이번 간사이/산인/세토우치 1차 파이프라인 통과분이므로 재작업하지 않습니다.,research/onsen-deep-research/qa/kansai_sanin_setouchi_db_seed_qa_2026-07-07.csv,research/onsen-deep-research/qa/kansai_sanin_setouchi_db_seed_qa_2026-07-07.csv
arima-hyoe-koyokaku,kansai,효에 고요카쿠,full,565,285,5,5,regional_pipeline_current_batch,pass_current_batch,none,0,none,이번 간사이/산인/세토우치 1차 파이프라인 통과분이므로 재작업하지 않습니다.,research/onsen-deep-research/qa/kansai_sanin_setouchi_db_seed_qa_2026-07-07.csv,research/onsen-deep-research/qa/kansai_sanin_setouchi_db_seed_qa_2026-07-07.csv
arima-nakanobo,kansai,나카노보 즈이엔,full,433,305,5,5,regional_pipeline_current_batch,pass_current_batch,none,0,none,이번 간사이/산인/세토우치 1차 파이프라인 통과분이므로 재작업하지 않습니다.,research/onsen-deep-research/qa/kansai_sanin_setouchi_db_seed_qa_2026-07-07.csv,research/onsen-deep-research/qa/kansai_sanin_setouchi_db_seed_qa_2026-07-07.csv
kinosaki-nishimuraya-shogetsutei,kansai,니시무라야 호텔 쇼게츠테이,lite,321,184,7,0,regional_pipeline_current_batch,pass_current_batch,none,0,none,이번 간사이/산인/세토우치 1차 파이프라인 통과분이므로 재작업하지 않습니다.,research/onsen-deep-research/qa/kansai_sanin_setouchi_db_seed_qa_2026-07-07.csv,research/onsen-deep-research/qa/kansai_sanin_setouchi_db_seed_qa_2026-07-07.csv
shirahama-kaishu,kansai,하마치도리노유 가이슈,lite,411,331,5,0,regional_pipeline_current_batch,pass_current_batch,none,0,none,이번 간사이/산인/세토우치 1차 파이프라인 통과분이므로 재작업하지 않습니다.,research/onsen-deep-research/qa/kansai_sanin_setouchi_db_seed_qa_2026-07-07.csv,research/onsen-deep-research/qa/kansai_sanin_setouchi_db_seed_qa_2026-07-07.csv
shirahama-kawakyu,kansai,호텔 가와큐,lite,588,149,5,0,regional_pipeline_current_batch,pass_current_batch,none,0,none,이번 간사이/산인/세토우치 1차 파이프라인 통과분이므로 재작업하지 않습니다.,research/onsen-deep-research/qa/kansai_sanin_setouchi_db_seed_qa_2026-07-07.csv,research/onsen-deep-research/qa/kansai_sanin_setouchi_db_seed_qa_2026-07-07.csv
shirahama-key-terrace,kansai,시라하마 키 테라스 호텔 시모어,lite,387,199,4,0,regional_pipeline_current_batch,pass_current_batch,none,0,none,이번 간사이/산인/세토우치 1차 파이프라인 통과분이므로 재작업하지 않습니다.,research/onsen-deep-research/qa/kansai_sanin_setouchi_db_seed_qa_2026-07-07.csv,research/onsen-deep-research/qa/kansai_sanin_setouchi_db_seed_qa_2026-07-07.csv
shirahama-sanrakuso,kansai,호텔 산라쿠소,lite,535,326,3,0,regional_pipeline_current_batch,pass_current_batch,none,0,none,이번 간사이/산인/세토우치 1차 파이프라인 통과분이므로 재작업하지 않습니다.,research/onsen-deep-research/qa/kansai_sanin_setouchi_db_seed_qa_2026-07-07.csv,research/onsen-deep-research/qa/kansai_sanin_setouchi_db_seed_qa_2026-07-07.csv
shirahama-yanagiya,kansai,시라하마 야나기야,lite,317,195,7,0,regional_pipeline_current_batch,pass_current_batch,none,0,none,이번 간사이/산인/세토우치 1차 파이프라인 통과분이므로 재작업하지 않습니다.,research/onsen-deep-research/qa/kansai_sanin_setouchi_db_seed_qa_2026-07-07.csv,research/onsen-deep-research/qa/kansai_sanin_setouchi_db_seed_qa_2026-07-07.csv
toba-kisara,kansai,키사라,full,780,393,3,3,regional_pipeline_current_batch,pass_current_batch,none,0,none,이번 간사이/산인/세토우치 1차 파이프라인 통과분이므로 재작업하지 않습니다.,research/onsen-deep-research/qa/kansai_sanin_setouchi_db_seed_qa_2026-07-07.csv,research/onsen-deep-research/qa/kansai_sanin_setouchi_db_seed_qa_2026-07-07.csv
toba-kisara-bettei-toki,kansai,키사라 벳테이 토키,full,300,213,11,4,regional_pipeline_current_batch,pass_current_batch,none,0,none,이번 간사이/산인/세토우치 1차 파이프라인 통과분이므로 재작업하지 않습니다.,research/onsen-deep-research/qa/kansai_sanin_setouchi_db_seed_qa_2026-07-07.csv,research/onsen-deep-research/qa/kansai_sanin_setouchi_db_seed_qa_2026-07-07.csv
toba-todaya,kansai,토다야,lite,679,274,5,0,regional_pipeline_current_batch,pass_current_batch,none,0,none,이번 간사이/산인/세토우치 1차 파이프라인 통과분이므로 재작업하지 않습니다.,research/onsen-deep-research/qa/kansai_sanin_setouchi_db_seed_qa_2026-07-07.csv,research/onsen-deep-research/qa/kansai_sanin_setouchi_db_seed_qa_2026-07-07.csv
fujiyoshida-kaneyamaen,kanto,후지산온센 호텔 카네야마엔,full,315,230,4,5,regional_pipeline_kanto,keep_as_is,none,0,none,현재 파이프라인 기준을 통과합니다. 다음 전면 재생성 전까지 유지합니다.,research/onsen-review-signals/hakone_kanagawa_yamanashi_db_seed_qa_2026-07-06.csv,research/onsen-review-signals/hakone_kanagawa_yamanashi_db_seed_qa_2026-07-06.csv
hakone-byakudan,kanto,하코네 고라 백단,full,342,234,4,3,regional_pipeline_kanto,keep_as_is,none,0,none,현재 파이프라인 기준을 통과합니다. 다음 전면 재생성 전까지 유지합니다.,research/onsen-review-signals/hakone_kanagawa_yamanashi_db_seed_qa_2026-07-06.csv,research/onsen-review-signals/hakone_kanagawa_yamanashi_db_seed_qa_2026-07-06.csv
hakone-fontainebleau,kanto,하코네 퐁텐블로 센고쿠테이,full,725,673,4,3,regional_pipeline_kanto,keep_as_is,none,0,none,현재 파이프라인 기준을 통과합니다. 다음 전면 재생성 전까지 유지합니다.,research/onsen-review-signals/hakone_kanagawa_yamanashi_db_seed_qa_2026-07-06.csv,research/onsen-review-signals/hakone_kanagawa_yamanashi_db_seed_qa_2026-07-06.csv
hakone-gen-gora,kanto,겐 하코네 고라,full,321,249,6,3,regional_pipeline_kanto,keep_as_is,none,0,none,현재 파이프라인 기준을 통과합니다. 다음 전면 재생성 전까지 유지합니다.,research/onsen-review-signals/hakone_kanagawa_yamanashi_db_seed_qa_2026-07-06.csv,research/onsen-review-signals/hakone_kanagawa_yamanashi_db_seed_qa_2026-07-06.csv
hakone-ginyu,kanto,하코네 긴유,full,391,253,4,4,regional_pipeline_kanto,keep_as_is,none,0,none,현재 파이프라인 기준을 통과합니다. 다음 전면 재생성 전까지 유지합니다.,research/onsen-review-signals/hakone_kanagawa_yamanashi_db_seed_qa_2026-07-06.csv,research/onsen-review-signals/hakone_kanagawa_yamanashi_db_seed_qa_2026-07-06.csv
hakone-gora-kadan,kanto,고라 카단,full,398,272,5,5,regional_pipeline_kanto,keep_as_is,none,0,none,현재 파이프라인 기준을 통과합니다. 다음 전면 재생성 전까지 유지합니다.,research/onsen-review-signals/hakone_kanagawa_yamanashi_db_seed_qa_2026-07-06.csv,research/onsen-review-signals/hakone_kanagawa_yamanashi_db_seed_qa_2026-07-06.csv
hakone-gora-karaku,kanto,하코네 고라 가라쿠,full,372,234,4,5,regional_pipeline_kanto,keep_as_is,none,0,none,현재 파이프라인 기준을 통과합니다. 다음 전면 재생성 전까지 유지합니다.,research/onsen-review-signals/hakone_kanagawa_yamanashi_db_seed_qa_2026-07-06.csv,research/onsen-review-signals/hakone_kanagawa_yamanashi_db_seed_qa_2026-07-06.csv
hakone-kowakien-tenyu,kanto,하코네 코와키엔 텐유,full,362,238,3,3,regional_pipeline_kanto,keep_as_is,none,0,none,현재 파이프라인 기준을 통과합니다. 다음 전면 재생성 전까지 유지합니다.,research/onsen-review-signals/hakone_kanagawa_yamanashi_db_seed_qa_2026-07-06.csv,research/onsen-review-signals/hakone_kanagawa_yamanashi_db_seed_qa_2026-07-06.csv
hakone-matsuzakaya,kanto,마츠자카야 혼텐,full,308,266,6,5,regional_pipeline_kanto,keep_as_is,none,0,none,현재 파이프라인 기준을 통과합니다. 다음 전면 재생성 전까지 유지합니다.,research/onsen-review-signals/hakone_kanagawa_yamanashi_db_seed_qa_2026-07-06.csv,research/onsen-review-signals/hakone_kanagawa_yamanashi_db_seed_qa_2026-07-06.csv
hakone-yama-no-chaya,kanto,야마노차야,lite,303,122,10,0,regional_pipeline_kanto,keep_as_is,none,0,none,현재 파이프라인 기준을 통과합니다. 다음 전면 재생성 전까지 유지합니다.,research/onsen-review-signals/hakone_kanagawa_yamanashi_db_seed_qa_2026-07-06.csv,research/onsen-review-signals/hakone_kanagawa_yamanashi_db_seed_qa_2026-07-06.csv
hakone-yuyado-zen,kanto,하코네 유야도 젠,full,669,589,7,3,regional_pipeline_kanto,keep_as_is,none,0,none,현재 파이프라인 기준을 통과합니다. 다음 전면 재생성 전까지 유지합니다.,research/onsen-review-signals/hakone_kanagawa_yamanashi_db_seed_qa_2026-07-06.csv,research/onsen-review-signals/hakone_kanagawa_yamanashi_db_seed_qa_2026-07-06.csv
isawa-fujinoya,kanto,샤토레제 호텔 료칸 후지노야,full,562,548,5,5,regional_pipeline_kanto,keep_as_is,none,0,none,현재 파이프라인 기준을 통과합니다. 다음 전면 재생성 전까지 유지합니다.,research/onsen-review-signals/hakone_kanagawa_yamanashi_db_seed_qa_2026-07-06.csv,research/onsen-review-signals/hakone_kanagawa_yamanashi_db_seed_qa_2026-07-06.csv
isawa-itoyanagi,kanto,이사와 메이토칸 이토야나기,full,913,731,5,5,regional_pipeline_kanto,keep_as_is,none,0,none,현재 파이프라인 기준을 통과합니다. 다음 전면 재생성 전까지 유지합니다.,research/onsen-review-signals/hakone_kanagawa_yamanashi_db_seed_qa_2026-07-06.csv,research/onsen-review-signals/hakone_kanagawa_yamanashi_db_seed_qa_2026-07-06.csv
isawa-itoyanagi-yuwa,kanto,이토야나기 고야도 유와,full,789,628,8,5,regional_pipeline_kanto,keep_as_is,none,0,none,현재 파이프라인 기준을 통과합니다. 다음 전면 재생성 전까지 유지합니다.,research/onsen-review-signals/hakone_kanagawa_yamanashi_db_seed_qa_2026-07-06.csv,research/onsen-review-signals/hakone_kanagawa_yamanashi_db_seed_qa_2026-07-06.csv
kawaguchiko-fufu,kanto,후후 가와구치코,lite,303,159,7,0,regional_pipeline_kanto,keep_as_is,none,0,none,현재 파이프라인 기준을 통과합니다. 다음 전면 재생성 전까지 유지합니다.,research/onsen-review-signals/hakone_kanagawa_yamanashi_db_seed_qa_2026-07-06.csv,research/onsen-review-signals/hakone_kanagawa_yamanashi_db_seed_qa_2026-07-06.csv
kawaguchiko-kukuna,kanto,더 쿠쿠나,lite,314,188,4,0,regional_pipeline_kanto,keep_as_is,none,0,none,현재 파이프라인 기준을 통과합니다. 다음 전면 재생성 전까지 유지합니다.,research/onsen-review-signals/hakone_kanagawa_yamanashi_db_seed_qa_2026-07-06.csv,research/onsen-review-signals/hakone_kanagawa_yamanashi_db_seed_qa_2026-07-06.csv
yugawara-ashikari,kanto,유가와라 스파 료칸 아시카리,full,485,356,3,4,regional_pipeline_kanto,keep_as_is,none,0,none,현재 파이프라인 기준을 통과합니다. 다음 전면 재생성 전까지 유지합니다.,research/onsen-review-signals/hakone_kanagawa_yamanashi_db_seed_qa_2026-07-06.csv,research/onsen-review-signals/hakone_kanagawa_yamanashi_db_seed_qa_2026-07-06.csv
beppu-amane-resort-gahama,kyushu,아마네 리조트 가하마,full,341,200,6,5,regional_pipeline_kyushu,keep_as_is,none,0,none,현재 파이프라인 기준을 통과합니다. 다음 전면 재생성 전까지 유지합니다.,research/onsen-review-signals/kyushu_deep_research_qa_matrix_2026-07-08.csv,research/onsen-review-signals/kyushu_deep_research_qa_matrix_2026-07-08.csv
beppu-amane-resort-seikai,kyushu,아마네 리조트 세이카이,lite,399,310,3,0,regional_pipeline_kyushu,keep_as_is,none,0,none,현재 파이프라인 기준을 통과합니다. 다음 전면 재생성 전까지 유지합니다.,research/onsen-review-signals/kyushu_deep_research_qa_matrix_2026-07-08.csv,research/onsen-review-signals/kyushu_deep_research_qa_matrix_2026-07-08.csv
beppu-ana-intercontinental,kyushu,ANA 인터컨티넨탈 벳푸 리조트 앤 스파,full,339,206,6,4,regional_pipeline_kyushu,keep_as_is,none,0,none,현재 파이프라인 기준을 통과합니다. 다음 전면 재생성 전까지 유지합니다.,research/onsen-review-signals/kyushu_deep_research_qa_matrix_2026-07-08.csv,research/onsen-review-signals/kyushu_deep_research_qa_matrix_2026-07-08.csv
beppu-bettei-haruki,kyushu,세키야 리조트 벳테이 하루키,full,387,324,4,4,regional_pipeline_kyushu,keep_as_is,none,0,none,현재 파이프라인 기준을 통과합니다. 다음 전면 재생성 전까지 유지합니다.,research/onsen-review-signals/kyushu_deep_research_qa_matrix_2026-07-08.csv,research/onsen-review-signals/kyushu_deep_research_qa_matrix_2026-07-08.csv
beppu-bokai,kyushu,유사이노야도 보카이,full,434,302,3,5,regional_pipeline_kyushu,keep_as_is,none,0,none,현재 파이프라인 기준을 통과합니다. 다음 전면 재생성 전까지 유지합니다.,research/onsen-review-signals/kyushu_deep_research_qa_matrix_2026-07-08.csv,research/onsen-review-signals/kyushu_deep_research_qa_matrix_2026-07-08.csv
beppu-hachiyo,kyushu,하치요,full,498,487,4,5,regional_pipeline_kyushu,keep_as_is,none,0,none,현재 파이프라인 기준을 통과합니다. 다음 전면 재생성 전까지 유지합니다.,research/onsen-review-signals/kyushu_deep_research_qa_matrix_2026-07-08.csv,research/onsen-review-signals/kyushu_deep_research_qa_matrix_2026-07-08.csv
beppu-hoshino-kai,kyushu,호시노 리조트 카이 벳푸,full,379,221,3,5,regional_pipeline_kyushu,keep_as_is,none,0,none,현재 파이프라인 기준을 통과합니다. 다음 전면 재생성 전까지 유지합니다.,research/onsen-review-signals/kyushu_deep_research_qa_matrix_2026-07-08.csv,research/onsen-review-signals/kyushu_deep_research_qa_matrix_2026-07-08.csv
beppu-iyashi-iroha,kyushu,이야시노야도 이로하,full,391,360,4,5,regional_pipeline_kyushu,keep_as_is,none,0,none,현재 파이프라인 기준을 통과합니다. 다음 전면 재생성 전까지 유지합니다.,research/onsen-review-signals/kyushu_deep_research_qa_matrix_2026-07-08.csv,research/onsen-review-signals/kyushu_deep_research_qa_matrix_2026-07-08.csv
beppu-kannawa-bettei,kyushu,칸나와 벳테이,full,389,331,3,5,regional_pipeline_kyushu,keep_as_is,none,0,none,현재 파이프라인 기준을 통과합니다. 다음 전면 재생성 전까지 유지합니다.,research/onsen-review-signals/kyushu_deep_research_qa_matrix_2026-07-08.csv,research/onsen-review-signals/kyushu_deep_research_qa_matrix_2026-07-08.csv
beppu-kannawaen,kyushu,벳푸 칸나와엔,lite,391,335,4,0,regional_pipeline_kyushu,keep_as_is,none,0,none,현재 파이프라인 기준을 통과합니다. 다음 전면 재생성 전까지 유지합니다.,research/onsen-review-signals/kyushu_deep_research_qa_matrix_2026-07-08.csv,research/onsen-review-signals/kyushu_deep_research_qa_matrix_2026-07-08.csv
beppu-kokoroan,kyushu,벳푸 코코로안,lite,395,349,3,0,regional_pipeline_kyushu,keep_as_is,none,0,none,현재 파이프라인 기준을 통과합니다. 다음 전면 재생성 전까지 유지합니다.,research/onsen-review-signals/kyushu_deep_research_qa_matrix_2026-07-08.csv,research/onsen-review-signals/kyushu_deep_research_qa_matrix_2026-07-08.csv
beppu-marugamiya,kyushu,마루가미야,full,568,529,3,5,regional_pipeline_kyushu,keep_as_is,none,0,none,현재 파이프라인 기준을 통과합니다. 다음 전면 재생성 전까지 유지합니다.,research/onsen-review-signals/kyushu_deep_research_qa_matrix_2026-07-08.csv,research/onsen-review-signals/kyushu_deep_research_qa_matrix_2026-07-08.csv
beppu-mimatsu,kyushu,시사이드 호텔 미마쓰 오에테이,lite,319,181,3,0,regional_pipeline_kyushu,keep_as_is,none,0,none,현재 파이프라인 기준을 통과합니다. 다음 전면 재생성 전까지 유지합니다.,research/onsen-review-signals/kyushu_deep_research_qa_matrix_2026-07-08.csv,research/onsen-review-signals/kyushu_deep_research_qa_matrix_2026-07-08.csv
beppu-nagomitsuki,kyushu,나고미츠키,full,414,414,3,5,regional_pipeline_kyushu,keep_as_is,none,0,none,현재 파이프라인 기준을 통과합니다. 다음 전면 재생성 전까지 유지합니다.,research/onsen-review-signals/kyushu_deep_research_qa_matrix_2026-07-08.csv,research/onsen-review-signals/kyushu_deep_research_qa_matrix_2026-07-08.csv
beppu-rex-hotel,kyushu,렉스 호텔 벳푸,full,586,411,3,5,regional_pipeline_kyushu,keep_as_is,none,0,none,현재 파이프라인 기준을 통과합니다. 다음 전면 재생성 전까지 유지합니다.,research/onsen-review-signals/kyushu_deep_research_qa_matrix_2026-07-08.csv,research/onsen-review-signals/kyushu_deep_research_qa_matrix_2026-07-08.csv
beppu-suginoi-hotel,kyushu,스기노이 호텔,full,381,270,3,5,regional_pipeline_kyushu,keep_as_is,none,0,none,현재 파이프라인 기준을 통과합니다. 다음 전면 재생성 전까지 유지합니다.,research/onsen-review-signals/kyushu_deep_research_qa_matrix_2026-07-08.csv,research/onsen-review-signals/kyushu_deep_research_qa_matrix_2026-07-08.csv
beppu-terrace-midoubaru,kyushu,세키야 리조트 테라스 미도바루,full,363,350,4,3,regional_pipeline_kyushu,keep_as_is,none,0,none,현재 파이프라인 기준을 통과합니다. 다음 전면 재생성 전까지 유지합니다.,research/onsen-review-signals/kyushu_deep_research_qa_matrix_2026-07-08.csv,research/onsen-review-signals/kyushu_deep_research_qa_matrix_2026-07-08.csv
beppu-utsuwa,kyushu,니혼 료칸 우츠와 벳푸 간나와,full,356,356,3,5,regional_pipeline_kyushu,keep_as_is,none,0,none,현재 파이프라인 기준을 통과합니다. 다음 전면 재생성 전까지 유지합니다.,research/onsen-review-signals/kyushu_deep_research_qa_matrix_2026-07-08.csv,research/onsen-review-signals/kyushu_deep_research_qa_matrix_2026-07-08.csv
beppu-yunosato-hayama,kyushu,유노사토 하야마,full,575,557,3,5,regional_pipeline_kyushu,keep_as_is,none,0,none,현재 파이프라인 기준을 통과합니다. 다음 전면 재생성 전까지 유지합니다.,research/onsen-review-signals/kyushu_deep_research_qa_matrix_2026-07-08.csv,research/onsen-review-signals/kyushu_deep_research_qa_matrix_2026-07-08.csv
beppu-yutorelo,kyushu,유토리로 벳푸,full,423,414,3,5,regional_pipeline_kyushu,keep_as_is,none,0,none,현재 파이프라인 기준을 통과합니다. 다음 전면 재생성 전까지 유지합니다.,research/onsen-review-signals/kyushu_deep_research_qa_matrix_2026-07-08.csv,research/onsen-review-signals/kyushu_deep_research_qa_matrix_2026-07-08.csv
ibusuki-ginsyo,kyushu,이부스키 긴쇼,full,497,454,4,5,regional_pipeline_kyushu,keep_as_is,none,0,none,현재 파이프라인 기준을 통과합니다. 다음 전면 재생성 전까지 유지합니다.,research/onsen-review-signals/kyushu_deep_research_qa_matrix_2026-07-08.csv,research/onsen-review-signals/kyushu_deep_research_qa_matrix_2026-07-08.csv
ibusuki-hakusuikan,kyushu,이부스키 하쿠스이칸,full,2451,1799,8,5,regional_pipeline_kyushu,keep_as_is,none,0,none,현재 파이프라인 기준을 통과합니다. 다음 전면 재생성 전까지 유지합니다.,research/onsen-review-signals/kyushu_deep_research_qa_matrix_2026-07-08.csv,research/onsen-review-signals/kyushu_deep_research_qa_matrix_2026-07-08.csv
ibusuki-yurian,kyushu,이부스키 유리안,full,606,518,8,5,regional_pipeline_kyushu,keep_as_is,none,0,none,현재 파이프라인 기준을 통과합니다. 다음 전면 재생성 전까지 유지합니다.,research/onsen-review-signals/kyushu_deep_research_qa_matrix_2026-07-08.csv,research/onsen-review-signals/kyushu_deep_research_qa_matrix_2026-07-08.csv
kirishima-lavista,kyushu,라비스타 기리시마 힐즈,full,518,372,8,5,regional_pipeline_kyushu,keep_as_is,none,0,none,현재 파이프라인 기준을 통과합니다. 다음 전면 재생성 전까지 유지합니다.,research/onsen-review-signals/kyushu_deep_research_qa_matrix_2026-07-08.csv,research/onsen-review-signals/kyushu_deep_research_qa_matrix_2026-07-08.csv
kurokawa-okunoyu,kyushu,료칸 오쿠노유,full,347,269,8,4,regional_pipeline_kyushu,keep_as_is,none,0,none,현재 파이프라인 기준을 통과합니다. 다음 전면 재생성 전까지 유지합니다.,research/onsen-review-signals/kyushu_deep_research_qa_matrix_2026-07-08.csv,research/onsen-review-signals/kyushu_deep_research_qa_matrix_2026-07-08.csv
kurokawa-sanga,kyushu,료칸 산가,full,339,310,6,5,regional_pipeline_kyushu,keep_as_is,none,0,none,현재 파이프라인 기준을 통과합니다. 다음 전면 재생성 전까지 유지합니다.,research/onsen-review-signals/kyushu_deep_research_qa_matrix_2026-07-08.csv,research/onsen-review-signals/kyushu_deep_research_qa_matrix_2026-07-08.csv
kurokawa-takefue,kyushu,타케후에,full,524,373,6,5,regional_pipeline_kyushu,keep_as_is,none,0,none,현재 파이프라인 기준을 통과합니다. 다음 전면 재생성 전까지 유지합니다.,research/onsen-review-signals/kyushu_deep_research_qa_matrix_2026-07-08.csv,research/onsen-review-signals/kyushu_deep_research_qa_matrix_2026-07-08.csv
kurokawa-yamamizuki,kyushu,야마미즈키,full,361,342,5,5,regional_pipeline_kyushu,keep_as_is,none,0,none,현재 파이프라인 기준을 통과합니다. 다음 전면 재생성 전까지 유지합니다.,research/onsen-review-signals/kyushu_deep_research_qa_matrix_2026-07-08.csv,research/onsen-review-signals/kyushu_deep_research_qa_matrix_2026-07-08.csv
takeo-koyokaku,kyushu,다케오온천 가이세키야도 오기야,full,330,255,5,5,regional_pipeline_kyushu,keep_as_is,none,0,none,현재 파이프라인 기준을 통과합니다. 다음 전면 재생성 전까지 유지합니다.,research/onsen-review-signals/kyushu_deep_research_qa_matrix_2026-07-08.csv,research/onsen-review-signals/kyushu_deep_research_qa_matrix_2026-07-08.csv
takeo-mifuneyama-rakuen,kyushu,미후네야마 라쿠엔 호텔,full,345,267,3,3,regional_pipeline_kyushu,keep_as_is,none,0,none,현재 파이프라인 기준을 통과합니다. 다음 전면 재생성 전까지 유지합니다.,research/onsen-review-signals/kyushu_deep_research_qa_matrix_2026-07-08.csv,research/onsen-review-signals/kyushu_deep_research_qa_matrix_2026-07-08.csv
unzen-azumaen,kyushu,운젠 아즈마엔,full,398,280,4,5,regional_pipeline_kyushu,keep_as_is,none,0,none,현재 파이프라인 기준을 통과합니다. 다음 전면 재생성 전까지 유지합니다.,research/onsen-review-signals/kyushu_deep_research_qa_matrix_2026-07-08.csv,research/onsen-review-signals/kyushu_deep_research_qa_matrix_2026-07-08.csv
unzen-fukudaya,kyushu,운젠 후쿠다야,full,530,435,8,5,regional_pipeline_kyushu,keep_as_is,none,0,none,현재 파이프라인 기준을 통과합니다. 다음 전면 재생성 전까지 유지합니다.,research/onsen-review-signals/kyushu_deep_research_qa_matrix_2026-07-08.csv,research/onsen-review-signals/kyushu_deep_research_qa_matrix_2026-07-08.csv
unzen-hanzuiryo,kyushu,운젠 한즈이료,lite,154,105,7,0,regional_pipeline_kyushu,keep_as_is,none,0,none,현재 파이프라인 기준을 통과합니다. 다음 전면 재생성 전까지 유지합니다.,research/onsen-review-signals/kyushu_deep_research_qa_matrix_2026-07-08.csv,research/onsen-review-signals/kyushu_deep_research_qa_matrix_2026-07-08.csv
unzen-kyushu-hotel,kyushu,운젠 규슈 호텔,full,1531,1046,4,4,regional_pipeline_kyushu,keep_as_is,none,0,none,현재 파이프라인 기준을 통과합니다. 다음 전면 재생성 전까지 유지합니다.,research/onsen-review-signals/kyushu_deep_research_qa_matrix_2026-07-08.csv,research/onsen-review-signals/kyushu_deep_research_qa_matrix_2026-07-08.csv
unzen-miyazaki-ryokan,kyushu,운젠 미야자키 료칸,full,333,217,9,3,regional_pipeline_kyushu,keep_as_is,none,0,none,현재 파이프라인 기준을 통과합니다. 다음 전면 재생성 전까지 유지합니다.,research/onsen-review-signals/kyushu_deep_research_qa_matrix_2026-07-08.csv,research/onsen-review-signals/kyushu_deep_research_qa_matrix_2026-07-08.csv
ureshino-shiibasanso,kyushu,우레시노 온천 시이바산소,full,319,297,4,5,regional_pipeline_kyushu,keep_as_is,none,0,none,현재 파이프라인 기준을 통과합니다. 다음 전면 재생성 전까지 유지합니다.,research/onsen-review-signals/kyushu_deep_research_qa_matrix_2026-07-08.csv,research/onsen-review-signals/kyushu_deep_research_qa_matrix_2026-07-08.csv
ureshino-taishoya,kyushu,우레시노 온천 다이쇼야,full,369,328,4,5,regional_pipeline_kyushu,keep_as_is,none,0,none,현재 파이프라인 기준을 통과합니다. 다음 전면 재생성 전까지 유지합니다.,research/onsen-review-signals/kyushu_deep_research_qa_matrix_2026-07-08.csv,research/onsen-review-signals/kyushu_deep_research_qa_matrix_2026-07-08.csv
ureshino-wataya-besso,kyushu,우레시노 온천 와타야벳소,full,316,275,4,5,regional_pipeline_kyushu,keep_as_is,none,0,none,현재 파이프라인 기준을 통과합니다. 다음 전면 재생성 전까지 유지합니다.,research/onsen-review-signals/kyushu_deep_research_qa_matrix_2026-07-08.csv,research/onsen-review-signals/kyushu_deep_research_qa_matrix_2026-07-08.csv
yufuin-baien,kyushu,유후인 바이엔 가든 리조트,full,458,411,3,5,regional_pipeline_kyushu,keep_as_is,none,0,none,현재 파이프라인 기준을 통과합니다. 다음 전면 재생성 전까지 유지합니다.,research/onsen-review-signals/yufuin_tier1_ready_after_reqa_2026-07-06.csv,research/onsen-review-signals/yufuin_tier1_ready_after_reqa_2026-07-06.csv
yufuin-enokiya,kyushu,유후인 에노키야 료칸,full,414,276,4,5,regional_pipeline_kyushu,keep_as_is,none,0,none,현재 파이프라인 기준을 통과합니다. 다음 전면 재생성 전까지 유지합니다.,research/onsen-review-signals/kyushu_deep_research_qa_matrix_2026-07-08.csv,research/onsen-review-signals/kyushu_deep_research_qa_matrix_2026-07-08.csv
yufuin-enowa,kyushu,에노와 유후인,lite,42,32,8,0,regional_pipeline_kyushu,keep_as_is,none,0,none,현재 파이프라인 기준을 통과합니다. 다음 전면 재생성 전까지 유지합니다.,research/onsen-review-signals/kyushu_deep_research_qa_matrix_2026-07-08.csv,research/onsen-review-signals/kyushu_deep_research_qa_matrix_2026-07-08.csv
yufuin-gorinka,kyushu,오야도 고린카,full,504,503,6,3,regional_pipeline_kyushu,keep_as_is,none,0,none,현재 파이프라인 기준을 통과합니다. 다음 전면 재생성 전까지 유지합니다.,research/onsen-review-signals/kyushu_deep_research_qa_matrix_2026-07-08.csv,research/onsen-review-signals/kyushu_deep_research_qa_matrix_2026-07-08.csv
yufuin-hanamura,kyushu,유후인 카호리노사토 하나무라,full,1257,895,3,5,regional_pipeline_kyushu,keep_as_is,none,0,none,현재 파이프라인 기준을 통과합니다. 다음 전면 재생성 전까지 유지합니다.,research/onsen-review-signals/yufuin_tier1_ready_after_reqa_2026-07-06.csv,research/onsen-review-signals/yufuin_tier1_ready_after_reqa_2026-07-06.csv
yufuin-konjakuan,kyushu,벳소 콘자쿠안,full,867,812,5,5,regional_pipeline_kyushu,keep_as_is,none,0,none,현재 파이프라인 기준을 통과합니다. 다음 전면 재생성 전까지 유지합니다.,research/onsen-review-signals/kyushu_deep_research_qa_matrix_2026-07-08.csv,research/onsen-review-signals/kyushu_deep_research_qa_matrix_2026-07-08.csv
yufuin-kounokura,kyushu,하타고 코노쿠라,full,301,233,5,5,regional_pipeline_kyushu,keep_as_is,none,0,none,현재 파이프라인 기준을 통과합니다. 다음 전면 재생성 전까지 유지합니다.,research/onsen-review-signals/kyushu_deep_research_qa_matrix_2026-07-08.csv,research/onsen-review-signals/kyushu_deep_research_qa_matrix_2026-07-08.csv
yufuin-musouen,kyushu,야마노호텔 무소엔,full,1391,1362,3,5,regional_pipeline_kyushu,keep_as_is,none,0,none,현재 파이프라인 기준을 통과합니다. 다음 전면 재생성 전까지 유지합니다.,research/onsen-review-signals/kyushu_deep_research_qa_matrix_2026-07-08.csv,research/onsen-review-signals/kyushu_deep_research_qa_matrix_2026-07-08.csv
yufuin-nakaya,kyushu,오야도 나카야,full,454,375,5,5,regional_pipeline_kyushu,keep_as_is,none,0,none,현재 파이프라인 기준을 통과합니다. 다음 전면 재생성 전까지 유지합니다.,research/onsen-review-signals/kyushu_deep_research_qa_matrix_2026-07-08.csv,research/onsen-review-signals/kyushu_deep_research_qa_matrix_2026-07-08.csv
yufuin-nihon-no-ashitaba,kyushu,오야도 니혼노 아시타바,full,329,304,6,5,regional_pipeline_kyushu,keep_as_is,none,0,none,현재 파이프라인 기준을 통과합니다. 다음 전면 재생성 전까지 유지합니다.,research/onsen-review-signals/kyushu_deep_research_qa_matrix_2026-07-08.csv,research/onsen-review-signals/kyushu_deep_research_qa_matrix_2026-07-08.csv
yufuin-oyado-kaikatei,kyushu,오야도 카이카테이,full,428,415,3,4,regional_pipeline_kyushu,keep_as_is,none,0,none,현재 파이프라인 기준을 통과합니다. 다음 전면 재생성 전까지 유지합니다.,research/onsen-review-signals/kyushu_deep_research_qa_matrix_2026-07-08.csv,research/onsen-review-signals/kyushu_deep_research_qa_matrix_2026-07-08.csv
yufuin-poppoan,kyushu,유후인 팝포안,full,889,740,3,5,regional_pipeline_kyushu,keep_as_is,none,0,none,현재 파이프라인 기준을 통과합니다. 다음 전면 재생성 전까지 유지합니다.,research/onsen-review-signals/yufuin_tier1_ready_after_reqa_2026-07-06.csv,research/onsen-review-signals/yufuin_tier1_ready_after_reqa_2026-07-06.csv
yufuin-reimei,kyushu,히스이노야도 레이메이,full,485,465,5,5,regional_pipeline_kyushu,keep_as_is,none,0,none,현재 파이프라인 기준을 통과합니다. 다음 전면 재생성 전까지 유지합니다.,research/onsen-review-signals/kyushu_deep_research_qa_matrix_2026-07-08.csv,research/onsen-review-signals/kyushu_deep_research_qa_matrix_2026-07-08.csv
yufuin-ryoutiku,kyushu,유후 료치쿠,full,1636,1022,3,5,regional_pipeline_kyushu,keep_as_is,none,0,none,현재 파이프라인 기준을 통과합니다. 다음 전면 재생성 전까지 유지합니다.,research/onsen-review-signals/yufuin_tier1_ready_after_reqa_2026-07-06.csv,research/onsen-review-signals/yufuin_tier1_ready_after_reqa_2026-07-06.csv
yufuin-ryu-no-hige,kyushu,쿠사야네노야도 류노히게・벳테이 유무타,lite,979,861,3,0,regional_pipeline_kyushu,keep_as_is,none,0,none,현재 파이프라인 기준을 통과합니다. 다음 전면 재생성 전까지 유지합니다.,research/onsen-review-signals/yufuin_tier1_ready_after_reqa_2026-07-06.csv,research/onsen-review-signals/yufuin_tier1_ready_after_reqa_2026-07-06.csv
yufuin-sakuratei,kyushu,오야도 사쿠라테이,full,619,616,5,5,regional_pipeline_kyushu,keep_as_is,none,0,none,현재 파이프라인 기준을 통과합니다. 다음 전면 재생성 전까지 유지합니다.,research/onsen-review-signals/kyushu_deep_research_qa_matrix_2026-07-08.csv,research/onsen-review-signals/kyushu_deep_research_qa_matrix_2026-07-08.csv
yufuin-sanso-waremokou,kyushu,유후인 산소 와레모코우,full,587,574,6,5,regional_pipeline_kyushu,keep_as_is,none,0,none,현재 파이프라인 기준을 통과합니다. 다음 전면 재생성 전까지 유지합니다.,research/onsen-review-signals/kyushu_deep_research_qa_matrix_2026-07-08.csv,research/onsen-review-signals/kyushu_deep_research_qa_matrix_2026-07-08.csv
yufuin-shuhokan,kyushu,유후인 호텔 슈호칸,full,329,233,4,5,regional_pipeline_kyushu,keep_as_is,none,0,none,현재 파이프라인 기준을 통과합니다. 다음 전면 재생성 전까지 유지합니다.,research/onsen-review-signals/kyushu_deep_research_qa_matrix_2026-07-08.csv,research/onsen-review-signals/kyushu_deep_research_qa_matrix_2026-07-08.csv
yufuin-tosyoan,kyushu,유후인 토쇼안,full,413,284,4,5,regional_pipeline_kyushu,keep_as_is,none,0,none,현재 파이프라인 기준을 통과합니다. 다음 전면 재생성 전까지 유지합니다.,research/onsen-review-signals/kyushu_deep_research_qa_matrix_2026-07-08.csv,research/onsen-review-signals/kyushu_deep_research_qa_matrix_2026-07-08.csv
yufuin-ubl-hotel,kyushu,유후인 유벨 호텔,full,326,287,3,4,regional_pipeline_kyushu,keep_as_is,none,0,none,현재 파이프라인 기준을 통과합니다. 다음 전면 재생성 전까지 유지합니다.,research/onsen-review-signals/yufuin_tier1_ready_after_reqa_2026-07-06.csv,research/onsen-review-signals/yufuin_tier1_ready_after_reqa_2026-07-06.csv
yufuin-warabino,kyushu,산소 와라비노,full,315,300,4,5,regional_pipeline_kyushu,keep_as_is,none,0,none,현재 파이프라인 기준을 통과합니다. 다음 전면 재생성 전까지 유지합니다.,research/onsen-review-signals/kyushu_deep_research_qa_matrix_2026-07-08.csv,research/onsen-review-signals/kyushu_deep_research_qa_matrix_2026-07-08.csv
yufuin-wazanho,kyushu,유후인 료안 와잔호,full,313,269,3,5,regional_pipeline_kyushu,keep_as_is,none,0,none,현재 파이프라인 기준을 통과합니다. 다음 전면 재생성 전까지 유지합니다.,research/onsen-review-signals/kyushu_deep_research_qa_matrix_2026-07-08.csv,research/onsen-review-signals/kyushu_deep_research_qa_matrix_2026-07-08.csv
yufuin-yasuha,kyushu,유후인 야스하,full,576,552,5,5,regional_pipeline_kyushu,keep_as_is,none,0,none,현재 파이프라인 기준을 통과합니다. 다음 전면 재생성 전까지 유지합니다.,research/onsen-review-signals/kyushu_deep_research_qa_matrix_2026-07-08.csv,research/onsen-review-signals/kyushu_deep_research_qa_matrix_2026-07-08.csv
yunohira-gyounso,kyushu,유노히라 교운소,full,560,467,5,5,regional_pipeline_kyushu,keep_as_is,none,0,none,현재 파이프라인 기준을 통과합니다. 다음 전면 재생성 전까지 유지합니다.,research/onsen-review-signals/kyushu_deep_research_qa_matrix_2026-07-08.csv,research/onsen-review-signals/kyushu_deep_research_qa_matrix_2026-07-08.csv
